tile_id,source_point_id,config_name,tile_px,stride_px,gsd_m,tile_m,stride_m,center_x,center_y,window_col_off,window_row_off,window_width,window_height,minx,miny,maxx,maxy,page_id,page_row,page_col,raster_left,raster_top,page_size_m
0,122,L0_1024_s512,1024,512,0.15,153.6,76.8,-384769.65,-1193535.9,1023,9728,1024,1024,-384846.6,-1193612.7,-384693.0,-1193459.1,p0002_0000,2,0,-385000.05,-1191999.9,600.0
1,121,L0_1024_s512,1024,512,0.15,153.6,76.8,-384769.65,-1193459.1,1023,9216,1024,1024,-384846.6,-1193535.9,-384693.0,-1193382.2999999998,p0002_0000,2,0,-385000.05,-1191999.9,600.0
2,120,L0_1024_s512,1024,512,0.15,153.6,76.8,-384769.65,-1193382.3,1023,8704,1024,1024,-384846.6,-1193459.1,-384693.0,-1193305.5,p0002_0000,2,0,-385000.05,-1191999.9,600.0
3,119,L0_1024_s512,1024,512,0.15,153.6,76.8,-384769.65,-1193305.5,1023,8192,1024,1024,-384846.6,-1193382.2999999998,-384693.0,-1193228.7,p0002_0000,2,0,-385000.05,-1191999.9,600.0
4,67,L0_1024_s512,1024,512,0.15,153.6,76.8,-384846.45,-1193228.7,511,7680,1024,1024,-384923.4,-1193305.5,-384769.8,-1193151.9,p0002_0000,2,0,-385000.05,-1191999.9,600.0
5,118,L0_1024_s512,1024,512,0.15,153.6,76.8,-384769.65,-1193228.7,1023,7680,1024,1024,-384846.6,-1193305.5,-384693.0,-1193151.9,p0002_0000,2,0,-385000.05,-1191999.9,600.0
6,66,L0_1024_s512,1024,512,0.15,153.6,76.8,-384846.45,-1193151.9,511,7168,1024,1024,-384923.4,-1193228.7,-384769.8,-1193075.1,p0001_0000,1,0,-385000.05,-1191999.9,600.0
7,117,L0_1024_s512,1024,512,0.15,153.6,76.8,-384769.65,-1193151.9,1023,7168,1024,1024,-384846.6,-1193228.7,-384693.0,-1193075.1,p0001_0000,1,0,-385000.05,-1191999.9,600.0
8,65,L0_1024_s512,1024,512,0.15,153.6,76.8,-384846.45,-1193075.1,511,6656,1024,1024,-384923.4,-1193151.9,-384769.8,-1192998.2999999998,p0001_0000,1,0,-385000.05,-1191999.9,600.0
9,116,L0_1024_s512,1024,512,0.15,153.6,76.8,-384769.65,-1193075.1,1023,6656,1024,1024,-384846.6,-1193151.9,-384693.0,-1192998.2999999998,p0001_0000,1,0,-385000.05,-1191999.9,600.0
10,64,L0_1024_s512,1024,512,0.15,153.6,76.8,-384846.45,-1192998.3,511,6144,1024,1024,-384923.4,-1193075.1,-384769.8,-1192921.5,p0001_0000,1,0,-385000.05,-1191999.9,600.0
11,115,L0_1024_s512,1024,512,0.15,153.6,76.8,-384769.65,-1192998.3,1023,6144,1024,1024,-384846.6,-1193075.1,-384693.0,-1192921.5,p0001_0000,1,0,-385000.05,-1191999.9,600.0
12,63,L0_1024_s512,1024,512,0.15,153.6,76.8,-384846.45,-1192921.5,511,5632,1024,1024,-384923.4,-1192998.2999999998,-384769.8,-1192844.7,p0001_0000,1,0,-385000.05,-1191999.9,600.0
13,114,L0_1024_s512,1024,512,0.15,153.6,76.8,-384769.65,-1192921.5,1023,5632,1024,1024,-384846.6,-1192998.2999999998,-384693.0,-1192844.7,p0001_0000,1,0,-385000.05,-1191999.9,600.0
14,123,L0_1024_s512,1024,512,0.15,153.6,76.8,-384769.65,-1193612.7,1023,10240,1024,1024,-384846.6,-1193689.5,-384693.0,-1193535.9,p0002_0000,2,0,-385000.05,-1191999.9,600.0
15,124,L0_1024_s512,1024,512,0.15,153.6,76.8,-384769.65,-1193689.5,1023,10752,1024,1024,-384846.6,-1193766.2999999998,-384693.0,-1193612.7,p0002_0000,2,0,-385000.05,-1191999.9,600.0
16,125,L0_1024_s512,1024,512,0.15,153.6,76.8,-384769.65,-1193766.3,1023,11264,1024,1024,-384846.6,-1193843.1,-384693.0,-1193689.5,p0002_0000,2,0,-385000.05,-1191999.9,600.0
17,126,L0_1024_s512,1024,512,0.15,153.6,76.8,-384769.65,-1193843.1,1023,11776,1024,1024,-384846.6,-1193919.9,-384693.0,-1193766.2999999998,p0003_0000,3,0,-385000.05,-1191999.9,600.0
18,127,L0_1024_s512,1024,512,0.15,153.6,76.8,-384769.65,-1193919.9,1023,12288,1024,1024,-384846.6,-1193996.7,-384693.0,-1193843.1,p0003_0000,3,0,-385000.05,-1191999.9,600.0
19,128,L0_1024_s512,1024,512,0.15,153.6,76.8,-384769.65,-1193996.7,1023,12800,1024,1024,-384846.6,-1194073.5,-384693.0,-1193919.9,p0003_0000,3,0,-385000.05,-1191999.9,600.0
20,60,L0_1024_s512,1024,512,0.15,153.6,76.8,-384846.45,-1192691.1,511,4096,1024,1024,-384923.4,-1192767.9,-384769.8,-1192614.2999999998,p0001_0000,1,0,-385000.05,-1191999.9,600.0
21,62,L0_1024_s512,1024,512,0.15,153.6,76.8,-384846.45,-1192844.7,511,5120,1024,1024,-384923.4,-1192921.5,-384769.8,-1192767.9,p0001_0000,1,0,-385000.05,-1191999.9,600.0
22,61,L0_1024_s512,1024,512,0.15,153.6,76.8,-384846.45,-1192767.9,511,4608,1024,1024,-384923.4,-1192844.7,-384769.8,-1192691.1,p0001_0000,1,0,-385000.05,-1191999.9,600.0
23,59,L0_1024_s512,1024,512,0.15,153.6,76.8,-384846.45,-1192614.3,511,3584,1024,1024,-384923.4,-1192691.1,-384769.8,-1192537.5,p0001_0000,1,0,-385000.05,-1191999.9,600.0
24,113,L0_1024_s512,1024,512,0.15,153.6,76.8,-384769.65,-1192844.7,1023,5120,1024,1024,-384846.6,-1192921.5,-384693.0,-1192767.9,p0001_0000,1,0,-385000.05,-1191999.9,600.0
25,112,L0_1024_s512,1024,512,0.15,153.6,76.8,-384769.65,-1192767.9,1023,4608,1024,1024,-384846.6,-1192844.7,-384693.0,-1192691.1,p0001_0000,1,0,-385000.05,-1191999.9,600.0
26,111,L0_1024_s512,1024,512,0.15,153.6,76.8,-384769.65,-1192691.1,1023,4096,1024,1024,-384846.6,-1192767.9,-384693.0,-1192614.2999999998,p0001_0000,1,0,-385000.05,-1191999.9,600.0
27,110,L0_1024_s512,1024,512,0.15,153.6,76.8,-384769.65,-1192614.3,1023,3584,1024,1024,-384846.6,-1192691.1,-384693.0,-1192537.5,p0001_0000,1,0,-385000.05,-1191999.9,600.0
28,164,L0_1024_s512,1024,512,0.15,153.6,76.8,-384692.85,-1192844.7,1536,5120,1024,1024,-384769.65,-1192921.5,-384616.05,-1192767.9,p0001_0000,1,0,-385000.05,-1191999.9,600.0
29,163,L0_1024_s512,1024,512,0.15,153.6,76.8,-384692.85,-1192767.9,1536,4608,1024,1024,-384769.65,-1192844.7,-384616.05,-1192691.1,p0001_0000,1,0,-385000.05,-1191999.9,600.0
30,162,L0_1024_s512,1024,512,0.15,153.6,76.8,-384692.85,-1192691.1,1536,4096,1024,1024,-384769.65,-1192767.9,-384616.05,-1192614.2999999998,p0001_0000,1,0,-385000.05,-1191999.9,600.0
31,165,L0_1024_s512,1024,512,0.15,153.6,76.8,-384692.85,-1192921.5,1536,5632,1024,1024,-384769.65,-1192998.2999999998,-384616.05,-1192844.7,p0001_0000,1,0,-385000.05,-1191999.9,600.0
32,161,L0_1024_s512,1024,512,0.15,153.6,76.8,-384692.85,-1192614.3,1536,3584,1024,1024,-384769.65,-1192691.1,-384616.05,-1192537.5,p0001_0000,1,0,-385000.05,-1191999.9,600.0
33,58,L0_1024_s512,1024,512,0.15,153.6,76.8,-384846.45,-1192537.5,511,3072,1024,1024,-384923.4,-1192614.2999999998,-384769.8,-1192460.7,p0000_0000,0,0,-385000.05,-1191999.9,600.0
34,57,L0_1024_s512,1024,512,0.15,153.6,76.8,-384846.45,-1192460.7,511,2560,1024,1024,-384923.4,-1192537.5,-384769.8,-1192383.9,p0000_0000,0,0,-385000.05,-1191999.9,600.0
35,56,L0_1024_s512,1024,512,0.15,153.6,76.8,-384846.45,-1192383.9,511,2048,1024,1024,-384923.4,-1192460.7,-384769.8,-1192307.1,p0000_0000,0,0,-385000.05,-1191999.9,600.0
36,109,L0_1024_s512,1024,512,0.15,153.6,76.8,-384769.65,-1192537.5,1023,3072,1024,1024,-384846.6,-1192614.2999999998,-384693.0,-1192460.7,p0000_0000,0,0,-385000.05,-1191999.9,600.0
37,108,L0_1024_s512,1024,512,0.15,153.6,76.8,-384769.65,-1192460.7,1023,2560,1024,1024,-384846.6,-1192537.5,-384693.0,-1192383.9,p0000_0000,0,0,-385000.05,-1191999.9,600.0
38,107,L0_1024_s512,1024,512,0.15,153.6,76.8,-384769.65,-1192383.9,1023,2048,1024,1024,-384846.6,-1192460.7,-384693.0,-1192307.1,p0000_0000,0,0,-385000.05,-1191999.9,600.0
39,158,L0_1024_s512,1024,512,0.15,153.6,76.8,-384692.85,-1192383.9,1536,2048,1024,1024,-384769.65,-1192460.7,-384616.05,-1192307.1,p0000_0000,0,0,-385000.05,-1191999.9,600.0
40,160,L0_1024_s512,1024,512,0.15,153.6,76.8,-384692.85,-1192537.5,1536,3072,1024,1024,-384769.65,-1192614.2999999998,-384616.05,-1192460.7,p0000_0000,0,0,-385000.05,-1191999.9,600.0
41,159,L0_1024_s512,1024,512,0.15,153.6,76.8,-384692.85,-1192460.7,1536,2560,1024,1024,-384769.65,-1192537.5,-384616.05,-1192383.9,p0000_0000,0,0,-385000.05,-1191999.9,600.0
42,211,L0_1024_s512,1024,512,0.15,153.6,76.8,-384616.05,-1192537.5,2048,3072,1024,1024,-384692.85,-1192614.2999999998,-384539.25,-1192460.7,p0000_0000,0,0,-385000.05,-1191999.9,600.0
43,210,L0_1024_s512,1024,512,0.15,153.6,76.8,-384616.05,-1192460.7,2048,2560,1024,1024,-384692.85,-1192537.5,-384539.25,-1192383.9,p0000_0000,0,0,-385000.05,-1191999.9,600.0
44,209,L0_1024_s512,1024,512,0.15,153.6,76.8,-384616.05,-1192383.9,2048,2048,1024,1024,-384692.85,-1192460.7,-384539.25,-1192307.1,p0000_0000,0,0,-385000.05,-1191999.9,600.0
45,262,L0_1024_s512,1024,512,0.15,153.6,76.8,-384539.25,-1192537.5,2559,3072,1024,1024,-384616.2,-1192614.2999999998,-384462.6,-1192460.7,p0000_0000,0,0,-385000.05,-1191999.9,600.0
46,261,L0_1024_s512,1024,512,0.15,153.6,76.8,-384539.25,-1192460.7,2559,2560,1024,1024,-384616.2,-1192537.5,-384462.6,-1192383.9,p0000_0000,0,0,-385000.05,-1191999.9,600.0
47,260,L0_1024_s512,1024,512,0.15,153.6,76.8,-384539.25,-1192383.9,2559,2048,1024,1024,-384616.2,-1192460.7,-384462.6,-1192307.1,p0000_0000,0,0,-385000.05,-1191999.9,600.0
48,55,L0_1024_s512,1024,512,0.15,153.6,76.8,-384846.45,-1192307.1,511,1536,1024,1024,-384923.4,-1192383.9,-384769.8,-1192230.2999999998,p0000_0000,0,0,-385000.05,-1191999.9,600.0
49,54,L0_1024_s512,1024,512,0.15,153.6,76.8,-384846.45,-1192230.3,511,1024,1024,1024,-384923.4,-1192307.1,-384769.8,-1192153.5,p0000_0000,0,0,-385000.05,-1191999.9,600.0
50,53,L0_1024_s512,1024,512,0.15,153.6,76.8,-384846.45,-1192153.5,511,512,1024,1024,-384923.4,-1192230.2999999998,-384769.8,-1192076.7,p0000_0000,0,0,-385000.05,-1191999.9,600.0
51,52,L0_1024_s512,1024,512,0.15,153.6,76.8,-384846.45,-1192076.7,511,0,1024,1024,-384923.4,-1192153.5,-384769.8,-1191999.9,p0000_0000,0,0,-385000.05,-1191999.9,600.0
52,106,L0_1024_s512,1024,512,0.15,153.6,76.8,-384769.65,-1192307.1,1023,1536,1024,1024,-384846.6,-1192383.9,-384693.0,-1192230.2999999998,p0000_0000,0,0,-385000.05,-1191999.9,600.0
53,105,L0_1024_s512,1024,512,0.15,153.6,76.8,-384769.65,-1192230.3,1023,1024,1024,1024,-384846.6,-1192307.1,-384693.0,-1192153.5,p0000_0000,0,0,-385000.05,-1191999.9,600.0
54,104,L0_1024_s512,1024,512,0.15,153.6,76.8,-384769.65,-1192153.5,1023,512,1024,1024,-384846.6,-1192230.2999999998,-384693.0,-1192076.7,p0000_0000,0,0,-385000.05,-1191999.9,600.0
55,103,L0_1024_s512,1024,512,0.15,153.6,76.8,-384769.65,-1192076.7,1023,0,1024,1024,-384846.6,-1192153.5,-384693.0,-1191999.9,p0000_0000,0,0,-385000.05,-1191999.9,600.0
56,157,L0_1024_s512,1024,512,0.15,153.6,76.8,-384692.85,-1192307.1,1536,1536,1024,1024,-384769.65,-1192383.9,-384616.05,-1192230.2999999998,p0000_0000,0,0,-385000.05,-1191999.9,600.0
57,156,L0_1024_s512,1024,512,0.15,153.6,76.8,-384692.85,-1192230.3,1536,1024,1024,1024,-384769.65,-1192307.1,-384616.05,-1192153.5,p0000_0000,0,0,-385000.05,-1191999.9,600.0
58,155,L0_1024_s512,1024,512,0.15,153.6,76.8,-384692.85,-1192153.5,1536,512,1024,1024,-384769.65,-1192230.2999999998,-384616.05,-1192076.7,p0000_0000,0,0,-385000.05,-1191999.9,600.0
59,154,L0_1024_s512,1024,512,0.15,153.6,76.8,-384692.85,-1192076.7,1536,0,1024,1024,-384769.65,-1192153.5,-384616.05,-1191999.9,p0000_0000,0,0,-385000.05,-1191999.9,600.0
60,208,L0_1024_s512,1024,512,0.15,153.6,76.8,-384616.05,-1192307.1,2048,1536,1024,1024,-384692.85,-1192383.9,-384539.25,-1192230.2999999998,p0000_0000,0,0,-385000.05,-1191999.9,600.0
61,207,L0_1024_s512,1024,512,0.15,153.6,76.8,-384616.05,-1192230.3,2048,1024,1024,1024,-384692.85,-1192307.1,-384539.25,-1192153.5,p0000_0000,0,0,-385000.05,-1191999.9,600.0
62,206,L0_1024_s512,1024,512,0.15,153.6,76.8,-384616.05,-1192153.5,2048,512,1024,1024,-384692.85,-1192230.2999999998,-384539.25,-1192076.7,p0000_0000,0,0,-385000.05,-1191999.9,600.0
63,205,L0_1024_s512,1024,512,0.15,153.6,76.8,-384616.05,-1192076.7,2048,0,1024,1024,-384692.85,-1192153.5,-384539.25,-1191999.9,p0000_0000,0,0,-385000.05,-1191999.9,600.0
64,259,L0_1024_s512,1024,512,0.15,153.6,76.8,-384539.25,-1192307.1,2559,1536,1024,1024,-384616.2,-1192383.9,-384462.6,-1192230.2999999998,p0000_0000,0,0,-385000.05,-1191999.9,600.0
65,258,L0_1024_s512,1024,512,0.15,153.6,76.8,-384539.25,-1192230.3,2559,1024,1024,1024,-384616.2,-1192307.1,-384462.6,-1192153.5,p0000_0000,0,0,-385000.05,-1191999.9,600.0
66,257,L0_1024_s512,1024,512,0.15,153.6,76.8,-384539.25,-1192153.5,2559,512,1024,1024,-384616.2,-1192230.2999999998,-384462.6,-1192076.7,p0000_0000,0,0,-385000.05,-1191999.9,600.0
67,256,L0_1024_s512,1024,512,0.15,153.6,76.8,-384539.25,-1192076.7,2559,0,1024,1024,-384616.2,-1192153.5,-384462.6,-1191999.9,p0000_0000,0,0,-385000.05,-1191999.9,600.0
68,307,L0_1024_s512,1024,512,0.15,153.6,76.8,-384462.45,-1192076.7,3071,0,1024,1024,-384539.4,-1192153.5,-384385.8,-1191999.9,p0000_0000,0,0,-385000.05,-1191999.9,600.0
69,308,L0_1024_s512,1024,512,0.15,153.6,76.8,-384462.45,-1192153.5,3071,512,1024,1024,-384539.4,-1192230.2999999998,-384385.8,-1192076.7,p0000_0000,0,0,-385000.05,-1191999.9,600.0
70,309,L0_1024_s512,1024,512,0.15,153.6,76.8,-384462.45,-1192230.3,3071,1024,1024,1024,-384539.4,-1192307.1,-384385.8,-1192153.5,p0000_0000,0,0,-385000.05,-1191999.9,600.0
71,310,L0_1024_s512,1024,512,0.15,153.6,76.8,-384462.45,-1192307.1,3071,1536,1024,1024,-384539.4,-1192383.9,-384385.8,-1192230.2999999998,p0000_0000,0,0,-385000.05,-1191999.9,600.0
72,358,L0_1024_s512,1024,512,0.15,153.6,76.8,-384385.65,-1192076.7,3583,0,1024,1024,-384462.6,-1192153.5,-384309.0,-1191999.9,p0000_0001,0,1,-385000.05,-1191999.9,600.0
73,359,L0_1024_s512,1024,512,0.15,153.6,76.8,-384385.65,-1192153.5,3583,512,1024,1024,-384462.6,-1192230.2999999998,-384309.0,-1192076.7,p0000_0001,0,1,-385000.05,-1191999.9,600.0
74,360,L0_1024_s512,1024,512,0.15,153.6,76.8,-384385.65,-1192230.3,3583,1024,1024,1024,-384462.6,-1192307.1,-384309.0,-1192153.5,p0000_0001,0,1,-385000.05,-1191999.9,600.0
75,361,L0_1024_s512,1024,512,0.15,153.6,76.8,-384385.65,-1192307.1,3583,1536,1024,1024,-384462.6,-1192383.9,-384309.0,-1192230.2999999998,p0000_0001,0,1,-385000.05,-1191999.9,600.0
76,77,L0_1024_s512,1024,512,0.15,153.6,76.8,-384846.45,-1193996.7,511,12800,1024,1024,-384923.4,-1194073.5,-384769.8,-1193919.9,p0003_0000,3,0,-385000.05,-1191999.9,600.0
77,76,L0_1024_s512,1024,512,0.15,153.6,76.8,-384846.45,-1193919.9,511,12288,1024,1024,-384923.4,-1193996.7,-384769.8,-1193843.1,p0003_0000,3,0,-385000.05,-1191999.9,600.0
78,75,L0_1024_s512,1024,512,0.15,153.6,76.8,-384846.45,-1193843.1,511,11776,1024,1024,-384923.4,-1193919.9,-384769.8,-1193766.2999999998,p0003_0000,3,0,-385000.05,-1191999.9,600.0
79,74,L0_1024_s512,1024,512,0.15,153.6,76.8,-384846.45,-1193766.3,511,11264,1024,1024,-384923.4,-1193843.1,-384769.8,-1193689.5,p0002_0000,2,0,-385000.05,-1191999.9,600.0
80,73,L0_1024_s512,1024,512,0.15,153.6,76.8,-384846.45,-1193689.5,511,10752,1024,1024,-384923.4,-1193766.2999999998,-384769.8,-1193612.7,p0002_0000,2,0,-385000.05,-1191999.9,600.0
81,72,L0_1024_s512,1024,512,0.15,153.6,76.8,-384846.45,-1193612.7,511,10240,1024,1024,-384923.4,-1193689.5,-384769.8,-1193535.9,p0002_0000,2,0,-385000.05,-1191999.9,600.0
82,71,L0_1024_s512,1024,512,0.15,153.6,76.8,-384846.45,-1193535.9,511,9728,1024,1024,-384923.4,-1193612.7,-384769.8,-1193459.1,p0002_0000,2,0,-385000.05,-1191999.9,600.0
83,70,L0_1024_s512,1024,512,0.15,153.6,76.8,-384846.45,-1193459.1,511,9216,1024,1024,-384923.4,-1193535.9,-384769.8,-1193382.2999999998,p0002_0000,2,0,-385000.05,-1191999.9,600.0
84,69,L0_1024_s512,1024,512,0.15,153.6,76.8,-384846.45,-1193382.3,511,8704,1024,1024,-384923.4,-1193459.1,-384769.8,-1193305.5,p0002_0000,2,0,-385000.05,-1191999.9,600.0
85,68,L0_1024_s512,1024,512,0.15,153.6,76.8,-384846.45,-1193305.5,511,8192,1024,1024,-384923.4,-1193382.2999999998,-384769.8,-1193228.7,p0002_0000,2,0,-385000.05,-1191999.9,600.0
86,179,L0_1024_s512,1024,512,0.15,153.6,76.8,-384692.85,-1193996.7,1536,12800,1024,1024,-384769.65,-1194073.5,-384616.05,-1193919.9,p0003_0000,3,0,-385000.05,-1191999.9,600.0
87,178,L0_1024_s512,1024,512,0.15,153.6,76.8,-384692.85,-1193919.9,1536,12288,1024,1024,-384769.65,-1193996.7,-384616.05,-1193843.1,p0003_0000,3,0,-385000.05,-1191999.9,600.0
88,177,L0_1024_s512,1024,512,0.15,153.6,76.8,-384692.85,-1193843.1,1536,11776,1024,1024,-384769.65,-1193919.9,-384616.05,-1193766.2999999998,p0003_0000,3,0,-385000.05,-1191999.9,600.0
89,176,L0_1024_s512,1024,512,0.15,153.6,76.8,-384692.85,-1193766.3,1536,11264,1024,1024,-384769.65,-1193843.1,-384616.05,-1193689.5,p0002_0000,2,0,-385000.05,-1191999.9,600.0
90,175,L0_1024_s512,1024,512,0.15,153.6,76.8,-384692.85,-1193689.5,1536,10752,1024,1024,-384769.65,-1193766.2999999998,-384616.05,-1193612.7,p0002_0000,2,0,-385000.05,-1191999.9,600.0
91,174,L0_1024_s512,1024,512,0.15,153.6,76.8,-384692.85,-1193612.7,1536,10240,1024,1024,-384769.65,-1193689.5,-384616.05,-1193535.9,p0002_0000,2,0,-385000.05,-1191999.9,600.0
92,173,L0_1024_s512,1024,512,0.15,153.6,76.8,-384692.85,-1193535.9,1536,9728,1024,1024,-384769.65,-1193612.7,-384616.05,-1193459.1,p0002_0000,2,0,-385000.05,-1191999.9,600.0
93,172,L0_1024_s512,1024,512,0.15,153.6,76.8,-384692.85,-1193459.1,1536,9216,1024,1024,-384769.65,-1193535.9,-384616.05,-1193382.2999999998,p0002_0000,2,0,-385000.05,-1191999.9,600.0
94,171,L0_1024_s512,1024,512,0.15,153.6,76.8,-384692.85,-1193382.3,1536,8704,1024,1024,-384769.65,-1193459.1,-384616.05,-1193305.5,p0002_0000,2,0,-385000.05,-1191999.9,600.0
95,170,L0_1024_s512,1024,512,0.15,153.6,76.8,-384692.85,-1193305.5,1536,8192,1024,1024,-384769.65,-1193382.2999999998,-384616.05,-1193228.7,p0002_0000,2,0,-385000.05,-1191999.9,600.0
96,169,L0_1024_s512,1024,512,0.15,153.6,76.8,-384692.85,-1193228.7,1536,7680,1024,1024,-384769.65,-1193305.5,-384616.05,-1193151.9,p0002_0000,2,0,-385000.05,-1191999.9,600.0
97,168,L0_1024_s512,1024,512,0.15,153.6,76.8,-384692.85,-1193151.9,1536,7168,1024,1024,-384769.65,-1193228.7,-384616.05,-1193075.1,p0001_0000,1,0,-385000.05,-1191999.9,600.0
98,167,L0_1024_s512,1024,512,0.15,153.6,76.8,-384692.85,-1193075.1,1536,6656,1024,1024,-384769.65,-1193151.9,-384616.05,-1192998.2999999998,p0001_0000,1,0,-385000.05,-1191999.9,600.0
99,166,L0_1024_s512,1024,512,0.15,153.6,76.8,-384692.85,-1192998.3,1536,6144,1024,1024,-384769.65,-1193075.1,-384616.05,-1192921.5,p0001_0000,1,0,-385000.05,-1191999.9,600.0
100,212,L0_1024_s512,1024,512,0.15,153.6,76.8,-384616.05,-1192614.3,2048,3584,1024,1024,-384692.85,-1192691.1,-384539.25,-1192537.5,p0001_0000,1,0,-385000.05,-1191999.9,600.0
101,213,L0_1024_s512,1024,512,0.15,153.6,76.8,-384616.05,-1192691.1,2048,4096,1024,1024,-384692.85,-1192767.9,-384539.25,-1192614.2999999998,p0001_0000,1,0,-385000.05,-1191999.9,600.0
102,214,L0_1024_s512,1024,512,0.15,153.6,76.8,-384616.05,-1192767.9,2048,4608,1024,1024,-384692.85,-1192844.7,-384539.25,-1192691.1,p0001_0000,1,0,-385000.05,-1191999.9,600.0
103,215,L0_1024_s512,1024,512,0.15,153.6,76.8,-384616.05,-1192844.7,2048,5120,1024,1024,-384692.85,-1192921.5,-384539.25,-1192767.9,p0001_0000,1,0,-385000.05,-1191999.9,600.0
104,216,L0_1024_s512,1024,512,0.15,153.6,76.8,-384616.05,-1192921.5,2048,5632,1024,1024,-384692.85,-1192998.2999999998,-384539.25,-1192844.7,p0001_0000,1,0,-385000.05,-1191999.9,600.0
105,217,L0_1024_s512,1024,512,0.15,153.6,76.8,-384616.05,-1192998.3,2048,6144,1024,1024,-384692.85,-1193075.1,-384539.25,-1192921.5,p0001_0000,1,0,-385000.05,-1191999.9,600.0
106,218,L0_1024_s512,1024,512,0.15,153.6,76.8,-384616.05,-1193075.1,2048,6656,1024,1024,-384692.85,-1193151.9,-384539.25,-1192998.2999999998,p0001_0000,1,0,-385000.05,-1191999.9,600.0
107,219,L0_1024_s512,1024,512,0.15,153.6,76.8,-384616.05,-1193151.9,2048,7168,1024,1024,-384692.85,-1193228.7,-384539.25,-1193075.1,p0001_0000,1,0,-385000.05,-1191999.9,600.0
108,220,L0_1024_s512,1024,512,0.15,153.6,76.8,-384616.05,-1193228.7,2048,7680,1024,1024,-384692.85,-1193305.5,-384539.25,-1193151.9,p0002_0000,2,0,-385000.05,-1191999.9,600.0
109,221,L0_1024_s512,1024,512,0.15,153.6,76.8,-384616.05,-1193305.5,2048,8192,1024,1024,-384692.85,-1193382.2999999998,-384539.25,-1193228.7,p0002_0000,2,0,-385000.05,-1191999.9,600.0
110,222,L0_1024_s512,1024,512,0.15,153.6,76.8,-384616.05,-1193382.3,2048,8704,1024,1024,-384692.85,-1193459.1,-384539.25,-1193305.5,p0002_0000,2,0,-385000.05,-1191999.9,600.0
111,223,L0_1024_s512,1024,512,0.15,153.6,76.8,-384616.05,-1193459.1,2048,9216,1024,1024,-384692.85,-1193535.9,-384539.25,-1193382.2999999998,p0002_0000,2,0,-385000.05,-1191999.9,600.0
112,224,L0_1024_s512,1024,512,0.15,153.6,76.8,-384616.05,-1193535.9,2048,9728,1024,1024,-384692.85,-1193612.7,-384539.25,-1193459.1,p0002_0000,2,0,-385000.05,-1191999.9,600.0
113,225,L0_1024_s512,1024,512,0.15,153.6,76.8,-384616.05,-1193612.7,2048,10240,1024,1024,-384692.85,-1193689.5,-384539.25,-1193535.9,p0002_0000,2,0,-385000.05,-1191999.9,600.0
114,226,L0_1024_s512,1024,512,0.15,153.6,76.8,-384616.05,-1193689.5,2048,10752,1024,1024,-384692.85,-1193766.2999999998,-384539.25,-1193612.7,p0002_0000,2,0,-385000.05,-1191999.9,600.0
115,227,L0_1024_s512,1024,512,0.15,153.6,76.8,-384616.05,-1193766.3,2048,11264,1024,1024,-384692.85,-1193843.1,-384539.25,-1193689.5,p0002_0000,2,0,-385000.05,-1191999.9,600.0
116,228,L0_1024_s512,1024,512,0.15,153.6,76.8,-384616.05,-1193843.1,2048,11776,1024,1024,-384692.85,-1193919.9,-384539.25,-1193766.2999999998,p0003_0000,3,0,-385000.05,-1191999.9,600.0
117,229,L0_1024_s512,1024,512,0.15,153.6,76.8,-384616.05,-1193919.9,2048,12288,1024,1024,-384692.85,-1193996.7,-384539.25,-1193843.1,p0003_0000,3,0,-385000.05,-1191999.9,600.0
118,230,L0_1024_s512,1024,512,0.15,153.6,76.8,-384616.05,-1193996.7,2048,12800,1024,1024,-384692.85,-1194073.5,-384539.25,-1193919.9,p0003_0000,3,0,-385000.05,-1191999.9,600.0
119,281,L0_1024_s512,1024,512,0.15,153.6,76.8,-384539.25,-1193996.7,2559,12800,1024,1024,-384616.2,-1194073.5,-384462.6,-1193919.9,p0003_0000,3,0,-385000.05,-1191999.9,600.0
120,280,L0_1024_s512,1024,512,0.15,153.6,76.8,-384539.25,-1193919.9,2559,12288,1024,1024,-384616.2,-1193996.7,-384462.6,-1193843.1,p0003_0000,3,0,-385000.05,-1191999.9,600.0
121,279,L0_1024_s512,1024,512,0.15,153.6,76.8,-384539.25,-1193843.1,2559,11776,1024,1024,-384616.2,-1193919.9,-384462.6,-1193766.2999999998,p0003_0000,3,0,-385000.05,-1191999.9,600.0
122,278,L0_1024_s512,1024,512,0.15,153.6,76.8,-384539.25,-1193766.3,2559,11264,1024,1024,-384616.2,-1193843.1,-384462.6,-1193689.5,p0002_0000,2,0,-385000.05,-1191999.9,600.0
123,277,L0_1024_s512,1024,512,0.15,153.6,76.8,-384539.25,-1193689.5,2559,10752,1024,1024,-384616.2,-1193766.2999999998,-384462.6,-1193612.7,p0002_0000,2,0,-385000.05,-1191999.9,600.0
124,276,L0_1024_s512,1024,512,0.15,153.6,76.8,-384539.25,-1193612.7,2559,10240,1024,1024,-384616.2,-1193689.5,-384462.6,-1193535.9,p0002_0000,2,0,-385000.05,-1191999.9,600.0
125,275,L0_1024_s512,1024,512,0.15,153.6,76.8,-384539.25,-1193535.9,2559,9728,1024,1024,-384616.2,-1193612.7,-384462.6,-1193459.1,p0002_0000,2,0,-385000.05,-1191999.9,600.0
126,274,L0_1024_s512,1024,512,0.15,153.6,76.8,-384539.25,-1193459.1,2559,9216,1024,1024,-384616.2,-1193535.9,-384462.6,-1193382.2999999998,p0002_0000,2,0,-385000.05,-1191999.9,600.0
127,273,L0_1024_s512,1024,512,0.15,153.6,76.8,-384539.25,-1193382.3,2559,8704,1024,1024,-384616.2,-1193459.1,-384462.6,-1193305.5,p0002_0000,2,0,-385000.05,-1191999.9,600.0
128,272,L0_1024_s512,1024,512,0.15,153.6,76.8,-384539.25,-1193305.5,2559,8192,1024,1024,-384616.2,-1193382.2999999998,-384462.6,-1193228.7,p0002_0000,2,0,-385000.05,-1191999.9,600.0
129,271,L0_1024_s512,1024,512,0.15,153.6,76.8,-384539.25,-1193228.7,2559,7680,1024,1024,-384616.2,-1193305.5,-384462.6,-1193151.9,p0002_0000,2,0,-385000.05,-1191999.9,600.0
130,270,L0_1024_s512,1024,512,0.15,153.6,76.8,-384539.25,-1193151.9,2559,7168,1024,1024,-384616.2,-1193228.7,-384462.6,-1193075.1,p0001_0000,1,0,-385000.05,-1191999.9,600.0
131,269,L0_1024_s512,1024,512,0.15,153.6,76.8,-384539.25,-1193075.1,2559,6656,1024,1024,-384616.2,-1193151.9,-384462.6,-1192998.2999999998,p0001_0000,1,0,-385000.05,-1191999.9,600.0
132,268,L0_1024_s512,1024,512,0.15,153.6,76.8,-384539.25,-1192998.3,2559,6144,1024,1024,-384616.2,-1193075.1,-384462.6,-1192921.5,p0001_0000,1,0,-385000.05,-1191999.9,600.0
133,267,L0_1024_s512,1024,512,0.15,153.6,76.8,-384539.25,-1192921.5,2559,5632,1024,1024,-384616.2,-1192998.2999999998,-384462.6,-1192844.7,p0001_0000,1,0,-385000.05,-1191999.9,600.0
134,266,L0_1024_s512,1024,512,0.15,153.6,76.8,-384539.25,-1192844.7,2559,5120,1024,1024,-384616.2,-1192921.5,-384462.6,-1192767.9,p0001_0000,1,0,-385000.05,-1191999.9,600.0
135,265,L0_1024_s512,1024,512,0.15,153.6,76.8,-384539.25,-1192767.9,2559,4608,1024,1024,-384616.2,-1192844.7,-384462.6,-1192691.1,p0001_0000,1,0,-385000.05,-1191999.9,600.0
136,264,L0_1024_s512,1024,512,0.15,153.6,76.8,-384539.25,-1192691.1,2559,4096,1024,1024,-384616.2,-1192767.9,-384462.6,-1192614.2999999998,p0001_0000,1,0,-385000.05,-1191999.9,600.0
137,263,L0_1024_s512,1024,512,0.15,153.6,76.8,-384539.25,-1192614.3,2559,3584,1024,1024,-384616.2,-1192691.1,-384462.6,-1192537.5,p0001_0000,1,0,-385000.05,-1191999.9,600.0
138,311,L0_1024_s512,1024,512,0.15,153.6,76.8,-384462.45,-1192383.9,3071,2048,1024,1024,-384539.4,-1192460.7,-384385.8,-1192307.1,p0000_0000,0,0,-385000.05,-1191999.9,600.0
139,312,L0_1024_s512,1024,512,0.15,153.6,76.8,-384462.45,-1192460.7,3071,2560,1024,1024,-384539.4,-1192537.5,-384385.8,-1192383.9,p0000_0000,0,0,-385000.05,-1191999.9,600.0
140,313,L0_1024_s512,1024,512,0.15,153.6,76.8,-384462.45,-1192537.5,3071,3072,1024,1024,-384539.4,-1192614.2999999998,-384385.8,-1192460.7,p0000_0000,0,0,-385000.05,-1191999.9,600.0
141,314,L0_1024_s512,1024,512,0.15,153.6,76.8,-384462.45,-1192614.3,3071,3584,1024,1024,-384539.4,-1192691.1,-384385.8,-1192537.5,p0001_0000,1,0,-385000.05,-1191999.9,600.0
142,315,L0_1024_s512,1024,512,0.15,153.6,76.8,-384462.45,-1192691.1,3071,4096,1024,1024,-384539.4,-1192767.9,-384385.8,-1192614.2999999998,p0001_0000,1,0,-385000.05,-1191999.9,600.0
143,316,L0_1024_s512,1024,512,0.15,153.6,76.8,-384462.45,-1192767.9,3071,4608,1024,1024,-384539.4,-1192844.7,-384385.8,-1192691.1,p0001_0000,1,0,-385000.05,-1191999.9,600.0
144,317,L0_1024_s512,1024,512,0.15,153.6,76.8,-384462.45,-1192844.7,3071,5120,1024,1024,-384539.4,-1192921.5,-384385.8,-1192767.9,p0001_0000,1,0,-385000.05,-1191999.9,600.0
145,318,L0_1024_s512,1024,512,0.15,153.6,76.8,-384462.45,-1192921.5,3071,5632,1024,1024,-384539.4,-1192998.2999999998,-384385.8,-1192844.7,p0001_0000,1,0,-385000.05,-1191999.9,600.0
146,319,L0_1024_s512,1024,512,0.15,153.6,76.8,-384462.45,-1192998.3,3071,6144,1024,1024,-384539.4,-1193075.1,-384385.8,-1192921.5,p0001_0000,1,0,-385000.05,-1191999.9,600.0
147,320,L0_1024_s512,1024,512,0.15,153.6,76.8,-384462.45,-1193075.1,3071,6656,1024,1024,-384539.4,-1193151.9,-384385.8,-1192998.2999999998,p0001_0000,1,0,-385000.05,-1191999.9,600.0
148,321,L0_1024_s512,1024,512,0.15,153.6,76.8,-384462.45,-1193151.9,3071,7168,1024,1024,-384539.4,-1193228.7,-384385.8,-1193075.1,p0001_0000,1,0,-385000.05,-1191999.9,600.0
149,322,L0_1024_s512,1024,512,0.15,153.6,76.8,-384462.45,-1193228.7,3071,7680,1024,1024,-384539.4,-1193305.5,-384385.8,-1193151.9,p0002_0000,2,0,-385000.05,-1191999.9,600.0
150,323,L0_1024_s512,1024,512,0.15,153.6,76.8,-384462.45,-1193305.5,3071,8192,1024,1024,-384539.4,-1193382.2999999998,-384385.8,-1193228.7,p0002_0000,2,0,-385000.05,-1191999.9,600.0
151,324,L0_1024_s512,1024,512,0.15,153.6,76.8,-384462.45,-1193382.3,3071,8704,1024,1024,-384539.4,-1193459.1,-384385.8,-1193305.5,p0002_0000,2,0,-385000.05,-1191999.9,600.0
152,325,L0_1024_s512,1024,512,0.15,153.6,76.8,-384462.45,-1193459.1,3071,9216,1024,1024,-384539.4,-1193535.9,-384385.8,-1193382.2999999998,p0002_0000,2,0,-385000.05,-1191999.9,600.0
153,326,L0_1024_s512,1024,512,0.15,153.6,76.8,-384462.45,-1193535.9,3071,9728,1024,1024,-384539.4,-1193612.7,-384385.8,-1193459.1,p0002_0000,2,0,-385000.05,-1191999.9,600.0
154,327,L0_1024_s512,1024,512,0.15,153.6,76.8,-384462.45,-1193612.7,3071,10240,1024,1024,-384539.4,-1193689.5,-384385.8,-1193535.9,p0002_0000,2,0,-385000.05,-1191999.9,600.0
155,328,L0_1024_s512,1024,512,0.15,153.6,76.8,-384462.45,-1193689.5,3071,10752,1024,1024,-384539.4,-1193766.2999999998,-384385.8,-1193612.7,p0002_0000,2,0,-385000.05,-1191999.9,600.0
156,329,L0_1024_s512,1024,512,0.15,153.6,76.8,-384462.45,-1193766.3,3071,11264,1024,1024,-384539.4,-1193843.1,-384385.8,-1193689.5,p0002_0000,2,0,-385000.05,-1191999.9,600.0
157,330,L0_1024_s512,1024,512,0.15,153.6,76.8,-384462.45,-1193843.1,3071,11776,1024,1024,-384539.4,-1193919.9,-384385.8,-1193766.2999999998,p0003_0000,3,0,-385000.05,-1191999.9,600.0
158,331,L0_1024_s512,1024,512,0.15,153.6,76.8,-384462.45,-1193919.9,3071,12288,1024,1024,-384539.4,-1193996.7,-384385.8,-1193843.1,p0003_0000,3,0,-385000.05,-1191999.9,600.0
159,332,L0_1024_s512,1024,512,0.15,153.6,76.8,-384462.45,-1193996.7,3071,12800,1024,1024,-384539.4,-1194073.5,-384385.8,-1193919.9,p0003_0000,3,0,-385000.05,-1191999.9,600.0
160,362,L0_1024_s512,1024,512,0.15,153.6,76.8,-384385.65,-1192383.9,3583,2048,1024,1024,-384462.6,-1192460.7,-384309.0,-1192307.1,p0000_0001,0,1,-385000.05,-1191999.9,600.0
161,363,L0_1024_s512,1024,512,0.15,153.6,76.8,-384385.65,-1192460.7,3583,2560,1024,1024,-384462.6,-1192537.5,-384309.0,-1192383.9,p0000_0001,0,1,-385000.05,-1191999.9,600.0
162,364,L0_1024_s512,1024,512,0.15,153.6,76.8,-384385.65,-1192537.5,3583,3072,1024,1024,-384462.6,-1192614.2999999998,-384309.0,-1192460.7,p0000_0001,0,1,-385000.05,-1191999.9,600.0
163,365,L0_1024_s512,1024,512,0.15,153.6,76.8,-384385.65,-1192614.3,3583,3584,1024,1024,-384462.6,-1192691.1,-384309.0,-1192537.5,p0001_0001,1,1,-385000.05,-1191999.9,600.0
164,366,L0_1024_s512,1024,512,0.15,153.6,76.8,-384385.65,-1192691.1,3583,4096,1024,1024,-384462.6,-1192767.9,-384309.0,-1192614.2999999998,p0001_0001,1,1,-385000.05,-1191999.9,600.0
165,367,L0_1024_s512,1024,512,0.15,153.6,76.8,-384385.65,-1192767.9,3583,4608,1024,1024,-384462.6,-1192844.7,-384309.0,-1192691.1,p0001_0001,1,1,-385000.05,-1191999.9,600.0
166,368,L0_1024_s512,1024,512,0.15,153.6,76.8,-384385.65,-1192844.7,3583,5120,1024,1024,-384462.6,-1192921.5,-384309.0,-1192767.9,p0001_0001,1,1,-385000.05,-1191999.9,600.0
167,369,L0_1024_s512,1024,512,0.15,153.6,76.8,-384385.65,-1192921.5,3583,5632,1024,1024,-384462.6,-1192998.2999999998,-384309.0,-1192844.7,p0001_0001,1,1,-385000.05,-1191999.9,600.0
168,370,L0_1024_s512,1024,512,0.15,153.6,76.8,-384385.65,-1192998.3,3583,6144,1024,1024,-384462.6,-1193075.1,-384309.0,-1192921.5,p0001_0001,1,1,-385000.05,-1191999.9,600.0
169,371,L0_1024_s512,1024,512,0.15,153.6,76.8,-384385.65,-1193075.1,3583,6656,1024,1024,-384462.6,-1193151.9,-384309.0,-1192998.2999999998,p0001_0001,1,1,-385000.05,-1191999.9,600.0
170,372,L0_1024_s512,1024,512,0.15,153.6,76.8,-384385.65,-1193151.9,3583,7168,1024,1024,-384462.6,-1193228.7,-384309.0,-1193075.1,p0001_0001,1,1,-385000.05,-1191999.9,600.0
171,373,L0_1024_s512,1024,512,0.15,153.6,76.8,-384385.65,-1193228.7,3583,7680,1024,1024,-384462.6,-1193305.5,-384309.0,-1193151.9,p0002_0001,2,1,-385000.05,-1191999.9,600.0
172,374,L0_1024_s512,1024,512,0.15,153.6,76.8,-384385.65,-1193305.5,3583,8192,1024,1024,-384462.6,-1193382.2999999998,-384309.0,-1193228.7,p0002_0001,2,1,-385000.05,-1191999.9,600.0
173,375,L0_1024_s512,1024,512,0.15,153.6,76.8,-384385.65,-1193382.3,3583,8704,1024,1024,-384462.6,-1193459.1,-384309.0,-1193305.5,p0002_0001,2,1,-385000.05,-1191999.9,600.0
174,376,L0_1024_s512,1024,512,0.15,153.6,76.8,-384385.65,-1193459.1,3583,9216,1024,1024,-384462.6,-1193535.9,-384309.0,-1193382.2999999998,p0002_0001,2,1,-385000.05,-1191999.9,600.0
175,377,L0_1024_s512,1024,512,0.15,153.6,76.8,-384385.65,-1193535.9,3583,9728,1024,1024,-384462.6,-1193612.7,-384309.0,-1193459.1,p0002_0001,2,1,-385000.05,-1191999.9,600.0
176,378,L0_1024_s512,1024,512,0.15,153.6,76.8,-384385.65,-1193612.7,3583,10240,1024,1024,-384462.6,-1193689.5,-384309.0,-1193535.9,p0002_0001,2,1,-385000.05,-1191999.9,600.0
177,379,L0_1024_s512,1024,512,0.15,153.6,76.8,-384385.65,-1193689.5,3583,10752,1024,1024,-384462.6,-1193766.2999999998,-384309.0,-1193612.7,p0002_0001,2,1,-385000.05,-1191999.9,600.0
178,380,L0_1024_s512,1024,512,0.15,153.6,76.8,-384385.65,-1193766.3,3583,11264,1024,1024,-384462.6,-1193843.1,-384309.0,-1193689.5,p0002_0001,2,1,-385000.05,-1191999.9,600.0
179,381,L0_1024_s512,1024,512,0.15,153.6,76.8,-384385.65,-1193843.1,3583,11776,1024,1024,-384462.6,-1193919.9,-384309.0,-1193766.2999999998,p0003_0001,3,1,-385000.05,-1191999.9,600.0
180,382,L0_1024_s512,1024,512,0.15,153.6,76.8,-384385.65,-1193919.9,3583,12288,1024,1024,-384462.6,-1193996.7,-384309.0,-1193843.1,p0003_0001,3,1,-385000.05,-1191999.9,600.0
181,383,L0_1024_s512,1024,512,0.15,153.6,76.8,-384385.65,-1193996.7,3583,12800,1024,1024,-384462.6,-1194073.5,-384309.0,-1193919.9,p0003_0001,3,1,-385000.05,-1191999.9,600.0
182,413,L0_1024_s512,1024,512,0.15,153.6,76.8,-384308.85,-1192383.9,4096,2048,1024,1024,-384385.65,-1192460.7,-384232.05,-1192307.1,p0000_0001,0,1,-385000.05,-1191999.9,600.0
183,414,L0_1024_s512,1024,512,0.15,153.6,76.8,-384308.85,-1192460.7,4096,2560,1024,1024,-384385.65,-1192537.5,-384232.05,-1192383.9,p0000_0001,0,1,-385000.05,-1191999.9,600.0
184,415,L0_1024_s512,1024,512,0.15,153.6,76.8,-384308.85,-1192537.5,4096,3072,1024,1024,-384385.65,-1192614.2999999998,-384232.05,-1192460.7,p0000_0001,0,1,-385000.05,-1191999.9,600.0
185,416,L0_1024_s512,1024,512,0.15,153.6,76.8,-384308.85,-1192614.3,4096,3584,1024,1024,-384385.65,-1192691.1,-384232.05,-1192537.5,p0001_0001,1,1,-385000.05,-1191999.9,600.0
186,417,L0_1024_s512,1024,512,0.15,153.6,76.8,-384308.85,-1192691.1,4096,4096,1024,1024,-384385.65,-1192767.9,-384232.05,-1192614.2999999998,p0001_0001,1,1,-385000.05,-1191999.9,600.0
187,418,L0_1024_s512,1024,512,0.15,153.6,76.8,-384308.85,-1192767.9,4096,4608,1024,1024,-384385.65,-1192844.7,-384232.05,-1192691.1,p0001_0001,1,1,-385000.05,-1191999.9,600.0
188,419,L0_1024_s512,1024,512,0.15,153.6,76.8,-384308.85,-1192844.7,4096,5120,1024,1024,-384385.65,-1192921.5,-384232.05,-1192767.9,p0001_0001,1,1,-385000.05,-1191999.9,600.0
189,420,L0_1024_s512,1024,512,0.15,153.6,76.8,-384308.85,-1192921.5,4096,5632,1024,1024,-384385.65,-1192998.2999999998,-384232.05,-1192844.7,p0001_0001,1,1,-385000.05,-1191999.9,600.0
190,421,L0_1024_s512,1024,512,0.15,153.6,76.8,-384308.85,-1192998.3,4096,6144,1024,1024,-384385.65,-1193075.1,-384232.05,-1192921.5,p0001_0001,1,1,-385000.05,-1191999.9,600.0
191,422,L0_1024_s512,1024,512,0.15,153.6,76.8,-384308.85,-1193075.1,4096,6656,1024,1024,-384385.65,-1193151.9,-384232.05,-1192998.2999999998,p0001_0001,1,1,-385000.05,-1191999.9,600.0
192,423,L0_1024_s512,1024,512,0.15,153.6,76.8,-384308.85,-1193151.9,4096,7168,1024,1024,-384385.65,-1193228.7,-384232.05,-1193075.1,p0001_0001,1,1,-385000.05,-1191999.9,600.0
193,424,L0_1024_s512,1024,512,0.15,153.6,76.8,-384308.85,-1193228.7,4096,7680,1024,1024,-384385.65,-1193305.5,-384232.05,-1193151.9,p0002_0001,2,1,-385000.05,-1191999.9,600.0
194,425,L0_1024_s512,1024,512,0.15,153.6,76.8,-384308.85,-1193305.5,4096,8192,1024,1024,-384385.65,-1193382.2999999998,-384232.05,-1193228.7,p0002_0001,2,1,-385000.05,-1191999.9,600.0
195,426,L0_1024_s512,1024,512,0.15,153.6,76.8,-384308.85,-1193382.3,4096,8704,1024,1024,-384385.65,-1193459.1,-384232.05,-1193305.5,p0002_0001,2,1,-385000.05,-1191999.9,600.0
196,427,L0_1024_s512,1024,512,0.15,153.6,76.8,-384308.85,-1193459.1,4096,9216,1024,1024,-384385.65,-1193535.9,-384232.05,-1193382.2999999998,p0002_0001,2,1,-385000.05,-1191999.9,600.0
197,428,L0_1024_s512,1024,512,0.15,153.6,76.8,-384308.85,-1193535.9,4096,9728,1024,1024,-384385.65,-1193612.7,-384232.05,-1193459.1,p0002_0001,2,1,-385000.05,-1191999.9,600.0
198,429,L0_1024_s512,1024,512,0.15,153.6,76.8,-384308.85,-1193612.7,4096,10240,1024,1024,-384385.65,-1193689.5,-384232.05,-1193535.9,p0002_0001,2,1,-385000.05,-1191999.9,600.0
199,430,L0_1024_s512,1024,512,0.15,153.6,76.8,-384308.85,-1193689.5,4096,10752,1024,1024,-384385.65,-1193766.2999999998,-384232.05,-1193612.7,p0002_0001,2,1,-385000.05,-1191999.9,600.0
200,431,L0_1024_s512,1024,512,0.15,153.6,76.8,-384308.85,-1193766.3,4096,11264,1024,1024,-384385.65,-1193843.1,-384232.05,-1193689.5,p0002_0001,2,1,-385000.05,-1191999.9,600.0
201,432,L0_1024_s512,1024,512,0.15,153.6,76.8,-384308.85,-1193843.1,4096,11776,1024,1024,-384385.65,-1193919.9,-384232.05,-1193766.2999999998,p0003_0001,3,1,-385000.05,-1191999.9,600.0
202,433,L0_1024_s512,1024,512,0.15,153.6,76.8,-384308.85,-1193919.9,4096,12288,1024,1024,-384385.65,-1193996.7,-384232.05,-1193843.1,p0003_0001,3,1,-385000.05,-1191999.9,600.0
203,434,L0_1024_s512,1024,512,0.15,153.6,76.8,-384308.85,-1193996.7,4096,12800,1024,1024,-384385.65,-1194073.5,-384232.05,-1193919.9,p0003_0001,3,1,-385000.05,-1191999.9,600.0
204,412,L0_1024_s512,1024,512,0.15,153.6,76.8,-384308.85,-1192307.1,4096,1536,1024,1024,-384385.65,-1192383.9,-384232.05,-1192230.2999999998,p0000_0001,0,1,-385000.05,-1191999.9,600.0
205,411,L0_1024_s512,1024,512,0.15,153.6,76.8,-384308.85,-1192230.3,4096,1024,1024,1024,-384385.65,-1192307.1,-384232.05,-1192153.5,p0000_0001,0,1,-385000.05,-1191999.9,600.0
206,410,L0_1024_s512,1024,512,0.15,153.6,76.8,-384308.85,-1192153.5,4096,512,1024,1024,-384385.65,-1192230.2999999998,-384232.05,-1192076.7,p0000_0001,0,1,-385000.05,-1191999.9,600.0
207,409,L0_1024_s512,1024,512,0.15,153.6,76.8,-384308.85,-1192076.7,4096,0,1024,1024,-384385.65,-1192153.5,-384232.05,-1191999.9,p0000_0001,0,1,-385000.05,-1191999.9,600.0
208,463,L0_1024_s512,1024,512,0.15,153.6,76.8,-384232.05,-1192307.1,4608,1536,1024,1024,-384308.85,-1192383.9,-384155.25,-1192230.2999999998,p0000_0001,0,1,-385000.05,-1191999.9,600.0
209,462,L0_1024_s512,1024,512,0.15,153.6,76.8,-384232.05,-1192230.3,4608,1024,1024,1024,-384308.85,-1192307.1,-384155.25,-1192153.5,p0000_0001,0,1,-385000.05,-1191999.9,600.0
210,461,L0_1024_s512,1024,512,0.15,153.6,76.8,-384232.05,-1192153.5,4608,512,1024,1024,-384308.85,-1192230.2999999998,-384155.25,-1192076.7,p0000_0001,0,1,-385000.05,-1191999.9,600.0
211,460,L0_1024_s512,1024,512,0.15,153.6,76.8,-384232.05,-1192076.7,4608,0,1024,1024,-384308.85,-1192153.5,-384155.25,-1191999.9,p0000_0001,0,1,-385000.05,-1191999.9,600.0
212,514,L0_1024_s512,1024,512,0.15,153.6,76.8,-384155.25,-1192307.1,5119,1536,1024,1024,-384232.2,-1192383.9,-384078.6,-1192230.2999999998,p0000_0001,0,1,-385000.05,-1191999.9,600.0
213,513,L0_1024_s512,1024,512,0.15,153.6,76.8,-384155.25,-1192230.3,5119,1024,1024,1024,-384232.2,-1192307.1,-384078.6,-1192153.5,p0000_0001,0,1,-385000.05,-1191999.9,600.0
214,512,L0_1024_s512,1024,512,0.15,153.6,76.8,-384155.25,-1192153.5,5119,512,1024,1024,-384232.2,-1192230.2999999998,-384078.6,-1192076.7,p0000_0001,0,1,-385000.05,-1191999.9,600.0
215,511,L0_1024_s512,1024,512,0.15,153.6,76.8,-384155.25,-1192076.7,5119,0,1024,1024,-384232.2,-1192153.5,-384078.6,-1191999.9,p0000_0001,0,1,-385000.05,-1191999.9,600.0
216,566,L0_1024_s512,1024,512,0.15,153.6,76.8,-384078.45,-1192383.9,5631,2048,1024,1024,-384155.4,-1192460.7,-384001.8,-1192307.1,p0000_0001,0,1,-385000.05,-1191999.9,600.0
217,565,L0_1024_s512,1024,512,0.15,153.6,76.8,-384078.45,-1192307.1,5631,1536,1024,1024,-384155.4,-1192383.9,-384001.8,-1192230.2999999998,p0000_0001,0,1,-385000.05,-1191999.9,600.0
218,564,L0_1024_s512,1024,512,0.15,153.6,76.8,-384078.45,-1192230.3,5631,1024,1024,1024,-384155.4,-1192307.1,-384001.8,-1192153.5,p0000_0001,0,1,-385000.05,-1191999.9,600.0
219,563,L0_1024_s512,1024,512,0.15,153.6,76.8,-384078.45,-1192153.5,5631,512,1024,1024,-384155.4,-1192230.2999999998,-384001.8,-1192076.7,p0000_0001,0,1,-385000.05,-1191999.9,600.0
220,562,L0_1024_s512,1024,512,0.15,153.6,76.8,-384078.45,-1192076.7,5631,0,1024,1024,-384155.4,-1192153.5,-384001.8,-1191999.9,p0000_0001,0,1,-385000.05,-1191999.9,600.0
221,616,L0_1024_s512,1024,512,0.15,153.6,76.8,-384001.65,-1192307.1,6143,1536,1024,1024,-384078.6,-1192383.9,-383925.0,-1192230.2999999998,p0000_0001,0,1,-385000.05,-1191999.9,600.0
222,617,L0_1024_s512,1024,512,0.15,153.6,76.8,-384001.65,-1192383.9,6143,2048,1024,1024,-384078.6,-1192460.7,-383925.0,-1192307.1,p0000_0001,0,1,-385000.05,-1191999.9,600.0
223,615,L0_1024_s512,1024,512,0.15,153.6,76.8,-384001.65,-1192230.3,6143,1024,1024,1024,-384078.6,-1192307.1,-383925.0,-1192153.5,p0000_0001,0,1,-385000.05,-1191999.9,600.0
224,614,L0_1024_s512,1024,512,0.15,153.6,76.8,-384001.65,-1192153.5,6143,512,1024,1024,-384078.6,-1192230.2999999998,-383925.0,-1192076.7,p0000_0001,0,1,-385000.05,-1191999.9,600.0
225,613,L0_1024_s512,1024,512,0.15,153.6,76.8,-384001.65,-1192076.7,6143,0,1024,1024,-384078.6,-1192153.5,-383925.0,-1191999.9,p0000_0001,0,1,-385000.05,-1191999.9,600.0
226,464,L0_1024_s512,1024,512,0.15,153.6,76.8,-384232.05,-1192383.9,4608,2048,1024,1024,-384308.85,-1192460.7,-384155.25,-1192307.1,p0000_0001,0,1,-385000.05,-1191999.9,600.0
227,465,L0_1024_s512,1024,512,0.15,153.6,76.8,-384232.05,-1192460.7,4608,2560,1024,1024,-384308.85,-1192537.5,-384155.25,-1192383.9,p0000_0001,0,1,-385000.05,-1191999.9,600.0
228,466,L0_1024_s512,1024,512,0.15,153.6,76.8,-384232.05,-1192537.5,4608,3072,1024,1024,-384308.85,-1192614.2999999998,-384155.25,-1192460.7,p0000_0001,0,1,-385000.05,-1191999.9,600.0
229,467,L0_1024_s512,1024,512,0.15,153.6,76.8,-384232.05,-1192614.3,4608,3584,1024,1024,-384308.85,-1192691.1,-384155.25,-1192537.5,p0001_0001,1,1,-385000.05,-1191999.9,600.0
230,468,L0_1024_s512,1024,512,0.15,153.6,76.8,-384232.05,-1192691.1,4608,4096,1024,1024,-384308.85,-1192767.9,-384155.25,-1192614.2999999998,p0001_0001,1,1,-385000.05,-1191999.9,600.0
231,469,L0_1024_s512,1024,512,0.15,153.6,76.8,-384232.05,-1192767.9,4608,4608,1024,1024,-384308.85,-1192844.7,-384155.25,-1192691.1,p0001_0001,1,1,-385000.05,-1191999.9,600.0
232,470,L0_1024_s512,1024,512,0.15,153.6,76.8,-384232.05,-1192844.7,4608,5120,1024,1024,-384308.85,-1192921.5,-384155.25,-1192767.9,p0001_0001,1,1,-385000.05,-1191999.9,600.0
233,471,L0_1024_s512,1024,512,0.15,153.6,76.8,-384232.05,-1192921.5,4608,5632,1024,1024,-384308.85,-1192998.2999999998,-384155.25,-1192844.7,p0001_0001,1,1,-385000.05,-1191999.9,600.0
234,472,L0_1024_s512,1024,512,0.15,153.6,76.8,-384232.05,-1192998.3,4608,6144,1024,1024,-384308.85,-1193075.1,-384155.25,-1192921.5,p0001_0001,1,1,-385000.05,-1191999.9,600.0
235,473,L0_1024_s512,1024,512,0.15,153.6,76.8,-384232.05,-1193075.1,4608,6656,1024,1024,-384308.85,-1193151.9,-384155.25,-1192998.2999999998,p0001_0001,1,1,-385000.05,-1191999.9,600.0
236,474,L0_1024_s512,1024,512,0.15,153.6,76.8,-384232.05,-1193151.9,4608,7168,1024,1024,-384308.85,-1193228.7,-384155.25,-1193075.1,p0001_0001,1,1,-385000.05,-1191999.9,600.0
237,475,L0_1024_s512,1024,512,0.15,153.6,76.8,-384232.05,-1193228.7,4608,7680,1024,1024,-384308.85,-1193305.5,-384155.25,-1193151.9,p0002_0001,2,1,-385000.05,-1191999.9,600.0
238,476,L0_1024_s512,1024,512,0.15,153.6,76.8,-384232.05,-1193305.5,4608,8192,1024,1024,-384308.85,-1193382.2999999998,-384155.25,-1193228.7,p0002_0001,2,1,-385000.05,-1191999.9,600.0
239,477,L0_1024_s512,1024,512,0.15,153.6,76.8,-384232.05,-1193382.3,4608,8704,1024,1024,-384308.85,-1193459.1,-384155.25,-1193305.5,p0002_0001,2,1,-385000.05,-1191999.9,600.0
240,478,L0_1024_s512,1024,512,0.15,153.6,76.8,-384232.05,-1193459.1,4608,9216,1024,1024,-384308.85,-1193535.9,-384155.25,-1193382.2999999998,p0002_0001,2,1,-385000.05,-1191999.9,600.0
241,479,L0_1024_s512,1024,512,0.15,153.6,76.8,-384232.05,-1193535.9,4608,9728,1024,1024,-384308.85,-1193612.7,-384155.25,-1193459.1,p0002_0001,2,1,-385000.05,-1191999.9,600.0
242,480,L0_1024_s512,1024,512,0.15,153.6,76.8,-384232.05,-1193612.7,4608,10240,1024,1024,-384308.85,-1193689.5,-384155.25,-1193535.9,p0002_0001,2,1,-385000.05,-1191999.9,600.0
243,481,L0_1024_s512,1024,512,0.15,153.6,76.8,-384232.05,-1193689.5,4608,10752,1024,1024,-384308.85,-1193766.2999999998,-384155.25,-1193612.7,p0002_0001,2,1,-385000.05,-1191999.9,600.0
244,482,L0_1024_s512,1024,512,0.15,153.6,76.8,-384232.05,-1193766.3,4608,11264,1024,1024,-384308.85,-1193843.1,-384155.25,-1193689.5,p0002_0001,2,1,-385000.05,-1191999.9,600.0
245,483,L0_1024_s512,1024,512,0.15,153.6,76.8,-384232.05,-1193843.1,4608,11776,1024,1024,-384308.85,-1193919.9,-384155.25,-1193766.2999999998,p0003_0001,3,1,-385000.05,-1191999.9,600.0
246,484,L0_1024_s512,1024,512,0.15,153.6,76.8,-384232.05,-1193919.9,4608,12288,1024,1024,-384308.85,-1193996.7,-384155.25,-1193843.1,p0003_0001,3,1,-385000.05,-1191999.9,600.0
247,485,L0_1024_s512,1024,512,0.15,153.6,76.8,-384232.05,-1193996.7,4608,12800,1024,1024,-384308.85,-1194073.5,-384155.25,-1193919.9,p0003_0001,3,1,-385000.05,-1191999.9,600.0
248,515,L0_1024_s512,1024,512,0.15,153.6,76.8,-384155.25,-1192383.9,5119,2048,1024,1024,-384232.2,-1192460.7,-384078.6,-1192307.1,p0000_0001,0,1,-385000.05,-1191999.9,600.0
249,516,L0_1024_s512,1024,512,0.15,153.6,76.8,-384155.25,-1192460.7,5119,2560,1024,1024,-384232.2,-1192537.5,-384078.6,-1192383.9,p0000_0001,0,1,-385000.05,-1191999.9,600.0
250,517,L0_1024_s512,1024,512,0.15,153.6,76.8,-384155.25,-1192537.5,5119,3072,1024,1024,-384232.2,-1192614.2999999998,-384078.6,-1192460.7,p0000_0001,0,1,-385000.05,-1191999.9,600.0
251,518,L0_1024_s512,1024,512,0.15,153.6,76.8,-384155.25,-1192614.3,5119,3584,1024,1024,-384232.2,-1192691.1,-384078.6,-1192537.5,p0001_0001,1,1,-385000.05,-1191999.9,600.0
252,519,L0_1024_s512,1024,512,0.15,153.6,76.8,-384155.25,-1192691.1,5119,4096,1024,1024,-384232.2,-1192767.9,-384078.6,-1192614.2999999998,p0001_0001,1,1,-385000.05,-1191999.9,600.0
253,520,L0_1024_s512,1024,512,0.15,153.6,76.8,-384155.25,-1192767.9,5119,4608,1024,1024,-384232.2,-1192844.7,-384078.6,-1192691.1,p0001_0001,1,1,-385000.05,-1191999.9,600.0
254,521,L0_1024_s512,1024,512,0.15,153.6,76.8,-384155.25,-1192844.7,5119,5120,1024,1024,-384232.2,-1192921.5,-384078.6,-1192767.9,p0001_0001,1,1,-385000.05,-1191999.9,600.0
255,522,L0_1024_s512,1024,512,0.15,153.6,76.8,-384155.25,-1192921.5,5119,5632,1024,1024,-384232.2,-1192998.2999999998,-384078.6,-1192844.7,p0001_0001,1,1,-385000.05,-1191999.9,600.0
256,523,L0_1024_s512,1024,512,0.15,153.6,76.8,-384155.25,-1192998.3,5119,6144,1024,1024,-384232.2,-1193075.1,-384078.6,-1192921.5,p0001_0001,1,1,-385000.05,-1191999.9,600.0
257,524,L0_1024_s512,1024,512,0.15,153.6,76.8,-384155.25,-1193075.1,5119,6656,1024,1024,-384232.2,-1193151.9,-384078.6,-1192998.2999999998,p0001_0001,1,1,-385000.05,-1191999.9,600.0
258,525,L0_1024_s512,1024,512,0.15,153.6,76.8,-384155.25,-1193151.9,5119,7168,1024,1024,-384232.2,-1193228.7,-384078.6,-1193075.1,p0001_0001,1,1,-385000.05,-1191999.9,600.0
259,526,L0_1024_s512,1024,512,0.15,153.6,76.8,-384155.25,-1193228.7,5119,7680,1024,1024,-384232.2,-1193305.5,-384078.6,-1193151.9,p0002_0001,2,1,-385000.05,-1191999.9,600.0
260,527,L0_1024_s512,1024,512,0.15,153.6,76.8,-384155.25,-1193305.5,5119,8192,1024,1024,-384232.2,-1193382.2999999998,-384078.6,-1193228.7,p0002_0001,2,1,-385000.05,-1191999.9,600.0
261,528,L0_1024_s512,1024,512,0.15,153.6,76.8,-384155.25,-1193382.3,5119,8704,1024,1024,-384232.2,-1193459.1,-384078.6,-1193305.5,p0002_0001,2,1,-385000.05,-1191999.9,600.0
262,529,L0_1024_s512,1024,512,0.15,153.6,76.8,-384155.25,-1193459.1,5119,9216,1024,1024,-384232.2,-1193535.9,-384078.6,-1193382.2999999998,p0002_0001,2,1,-385000.05,-1191999.9,600.0
263,530,L0_1024_s512,1024,512,0.15,153.6,76.8,-384155.25,-1193535.9,5119,9728,1024,1024,-384232.2,-1193612.7,-384078.6,-1193459.1,p0002_0001,2,1,-385000.05,-1191999.9,600.0
264,531,L0_1024_s512,1024,512,0.15,153.6,76.8,-384155.25,-1193612.7,5119,10240,1024,1024,-384232.2,-1193689.5,-384078.6,-1193535.9,p0002_0001,2,1,-385000.05,-1191999.9,600.0
265,532,L0_1024_s512,1024,512,0.15,153.6,76.8,-384155.25,-1193689.5,5119,10752,1024,1024,-384232.2,-1193766.2999999998,-384078.6,-1193612.7,p0002_0001,2,1,-385000.05,-1191999.9,600.0
266,533,L0_1024_s512,1024,512,0.15,153.6,76.8,-384155.25,-1193766.3,5119,11264,1024,1024,-384232.2,-1193843.1,-384078.6,-1193689.5,p0002_0001,2,1,-385000.05,-1191999.9,600.0
267,534,L0_1024_s512,1024,512,0.15,153.6,76.8,-384155.25,-1193843.1,5119,11776,1024,1024,-384232.2,-1193919.9,-384078.6,-1193766.2999999998,p0003_0001,3,1,-385000.05,-1191999.9,600.0
268,535,L0_1024_s512,1024,512,0.15,153.6,76.8,-384155.25,-1193919.9,5119,12288,1024,1024,-384232.2,-1193996.7,-384078.6,-1193843.1,p0003_0001,3,1,-385000.05,-1191999.9,600.0
269,536,L0_1024_s512,1024,512,0.15,153.6,76.8,-384155.25,-1193996.7,5119,12800,1024,1024,-384232.2,-1194073.5,-384078.6,-1193919.9,p0003_0001,3,1,-385000.05,-1191999.9,600.0
270,567,L0_1024_s512,1024,512,0.15,153.6,76.8,-384078.45,-1192460.7,5631,2560,1024,1024,-384155.4,-1192537.5,-384001.8,-1192383.9,p0000_0001,0,1,-385000.05,-1191999.9,600.0
271,568,L0_1024_s512,1024,512,0.15,153.6,76.8,-384078.45,-1192537.5,5631,3072,1024,1024,-384155.4,-1192614.2999999998,-384001.8,-1192460.7,p0000_0001,0,1,-385000.05,-1191999.9,600.0
272,569,L0_1024_s512,1024,512,0.15,153.6,76.8,-384078.45,-1192614.3,5631,3584,1024,1024,-384155.4,-1192691.1,-384001.8,-1192537.5,p0001_0001,1,1,-385000.05,-1191999.9,600.0
273,570,L0_1024_s512,1024,512,0.15,153.6,76.8,-384078.45,-1192691.1,5631,4096,1024,1024,-384155.4,-1192767.9,-384001.8,-1192614.2999999998,p0001_0001,1,1,-385000.05,-1191999.9,600.0
274,571,L0_1024_s512,1024,512,0.15,153.6,76.8,-384078.45,-1192767.9,5631,4608,1024,1024,-384155.4,-1192844.7,-384001.8,-1192691.1,p0001_0001,1,1,-385000.05,-1191999.9,600.0
275,572,L0_1024_s512,1024,512,0.15,153.6,76.8,-384078.45,-1192844.7,5631,5120,1024,1024,-384155.4,-1192921.5,-384001.8,-1192767.9,p0001_0001,1,1,-385000.05,-1191999.9,600.0
276,573,L0_1024_s512,1024,512,0.15,153.6,76.8,-384078.45,-1192921.5,5631,5632,1024,1024,-384155.4,-1192998.2999999998,-384001.8,-1192844.7,p0001_0001,1,1,-385000.05,-1191999.9,600.0
277,574,L0_1024_s512,1024,512,0.15,153.6,76.8,-384078.45,-1192998.3,5631,6144,1024,1024,-384155.4,-1193075.1,-384001.8,-1192921.5,p0001_0001,1,1,-385000.05,-1191999.9,600.0
278,575,L0_1024_s512,1024,512,0.15,153.6,76.8,-384078.45,-1193075.1,5631,6656,1024,1024,-384155.4,-1193151.9,-384001.8,-1192998.2999999998,p0001_0001,1,1,-385000.05,-1191999.9,600.0
279,576,L0_1024_s512,1024,512,0.15,153.6,76.8,-384078.45,-1193151.9,5631,7168,1024,1024,-384155.4,-1193228.7,-384001.8,-1193075.1,p0001_0001,1,1,-385000.05,-1191999.9,600.0
280,577,L0_1024_s512,1024,512,0.15,153.6,76.8,-384078.45,-1193228.7,5631,7680,1024,1024,-384155.4,-1193305.5,-384001.8,-1193151.9,p0002_0001,2,1,-385000.05,-1191999.9,600.0
281,578,L0_1024_s512,1024,512,0.15,153.6,76.8,-384078.45,-1193305.5,5631,8192,1024,1024,-384155.4,-1193382.2999999998,-384001.8,-1193228.7,p0002_0001,2,1,-385000.05,-1191999.9,600.0
282,579,L0_1024_s512,1024,512,0.15,153.6,76.8,-384078.45,-1193382.3,5631,8704,1024,1024,-384155.4,-1193459.1,-384001.8,-1193305.5,p0002_0001,2,1,-385000.05,-1191999.9,600.0
283,580,L0_1024_s512,1024,512,0.15,153.6,76.8,-384078.45,-1193459.1,5631,9216,1024,1024,-384155.4,-1193535.9,-384001.8,-1193382.2999999998,p0002_0001,2,1,-385000.05,-1191999.9,600.0
284,581,L0_1024_s512,1024,512,0.15,153.6,76.8,-384078.45,-1193535.9,5631,9728,1024,1024,-384155.4,-1193612.7,-384001.8,-1193459.1,p0002_0001,2,1,-385000.05,-1191999.9,600.0
285,582,L0_1024_s512,1024,512,0.15,153.6,76.8,-384078.45,-1193612.7,5631,10240,1024,1024,-384155.4,-1193689.5,-384001.8,-1193535.9,p0002_0001,2,1,-385000.05,-1191999.9,600.0
286,583,L0_1024_s512,1024,512,0.15,153.6,76.8,-384078.45,-1193689.5,5631,10752,1024,1024,-384155.4,-1193766.2999999998,-384001.8,-1193612.7,p0002_0001,2,1,-385000.05,-1191999.9,600.0
287,584,L0_1024_s512,1024,512,0.15,153.6,76.8,-384078.45,-1193766.3,5631,11264,1024,1024,-384155.4,-1193843.1,-384001.8,-1193689.5,p0002_0001,2,1,-385000.05,-1191999.9,600.0
288,585,L0_1024_s512,1024,512,0.15,153.6,76.8,-384078.45,-1193843.1,5631,11776,1024,1024,-384155.4,-1193919.9,-384001.8,-1193766.2999999998,p0003_0001,3,1,-385000.05,-1191999.9,600.0
289,586,L0_1024_s512,1024,512,0.15,153.6,76.8,-384078.45,-1193919.9,5631,12288,1024,1024,-384155.4,-1193996.7,-384001.8,-1193843.1,p0003_0001,3,1,-385000.05,-1191999.9,600.0
290,587,L0_1024_s512,1024,512,0.15,153.6,76.8,-384078.45,-1193996.7,5631,12800,1024,1024,-384155.4,-1194073.5,-384001.8,-1193919.9,p0003_0001,3,1,-385000.05,-1191999.9,600.0
291,638,L0_1024_s512,1024,512,0.15,153.6,76.8,-384001.65,-1193996.7,6143,12800,1024,1024,-384078.6,-1194073.5,-383925.0,-1193919.9,p0003_0001,3,1,-385000.05,-1191999.9,600.0
292,637,L0_1024_s512,1024,512,0.15,153.6,76.8,-384001.65,-1193919.9,6143,12288,1024,1024,-384078.6,-1193996.7,-383925.0,-1193843.1,p0003_0001,3,1,-385000.05,-1191999.9,600.0
293,636,L0_1024_s512,1024,512,0.15,153.6,76.8,-384001.65,-1193843.1,6143,11776,1024,1024,-384078.6,-1193919.9,-383925.0,-1193766.2999999998,p0003_0001,3,1,-385000.05,-1191999.9,600.0
294,635,L0_1024_s512,1024,512,0.15,153.6,76.8,-384001.65,-1193766.3,6143,11264,1024,1024,-384078.6,-1193843.1,-383925.0,-1193689.5,p0002_0001,2,1,-385000.05,-1191999.9,600.0
295,634,L0_1024_s512,1024,512,0.15,153.6,76.8,-384001.65,-1193689.5,6143,10752,1024,1024,-384078.6,-1193766.2999999998,-383925.0,-1193612.7,p0002_0001,2,1,-385000.05,-1191999.9,600.0
296,633,L0_1024_s512,1024,512,0.15,153.6,76.8,-384001.65,-1193612.7,6143,10240,1024,1024,-384078.6,-1193689.5,-383925.0,-1193535.9,p0002_0001,2,1,-385000.05,-1191999.9,600.0
297,632,L0_1024_s512,1024,512,0.15,153.6,76.8,-384001.65,-1193535.9,6143,9728,1024,1024,-384078.6,-1193612.7,-383925.0,-1193459.1,p0002_0001,2,1,-385000.05,-1191999.9,600.0
298,631,L0_1024_s512,1024,512,0.15,153.6,76.8,-384001.65,-1193459.1,6143,9216,1024,1024,-384078.6,-1193535.9,-383925.0,-1193382.2999999998,p0002_0001,2,1,-385000.05,-1191999.9,600.0
299,630,L0_1024_s512,1024,512,0.15,153.6,76.8,-384001.65,-1193382.3,6143,8704,1024,1024,-384078.6,-1193459.1,-383925.0,-1193305.5,p0002_0001,2,1,-385000.05,-1191999.9,600.0
300,629,L0_1024_s512,1024,512,0.15,153.6,76.8,-384001.65,-1193305.5,6143,8192,1024,1024,-384078.6,-1193382.2999999998,-383925.0,-1193228.7,p0002_0001,2,1,-385000.05,-1191999.9,600.0
301,628,L0_1024_s512,1024,512,0.15,153.6,76.8,-384001.65,-1193228.7,6143,7680,1024,1024,-384078.6,-1193305.5,-383925.0,-1193151.9,p0002_0001,2,1,-385000.05,-1191999.9,600.0
302,627,L0_1024_s512,1024,512,0.15,153.6,76.8,-384001.65,-1193151.9,6143,7168,1024,1024,-384078.6,-1193228.7,-383925.0,-1193075.1,p0001_0001,1,1,-385000.05,-1191999.9,600.0
303,626,L0_1024_s512,1024,512,0.15,153.6,76.8,-384001.65,-1193075.1,6143,6656,1024,1024,-384078.6,-1193151.9,-383925.0,-1192998.2999999998,p0001_0001,1,1,-385000.05,-1191999.9,600.0
304,625,L0_1024_s512,1024,512,0.15,153.6,76.8,-384001.65,-1192998.3,6143,6144,1024,1024,-384078.6,-1193075.1,-383925.0,-1192921.5,p0001_0001,1,1,-385000.05,-1191999.9,600.0
305,624,L0_1024_s512,1024,512,0.15,153.6,76.8,-384001.65,-1192921.5,6143,5632,1024,1024,-384078.6,-1192998.2999999998,-383925.0,-1192844.7,p0001_0001,1,1,-385000.05,-1191999.9,600.0
306,623,L0_1024_s512,1024,512,0.15,153.6,76.8,-384001.65,-1192844.7,6143,5120,1024,1024,-384078.6,-1192921.5,-383925.0,-1192767.9,p0001_0001,1,1,-385000.05,-1191999.9,600.0
307,622,L0_1024_s512,1024,512,0.15,153.6,76.8,-384001.65,-1192767.9,6143,4608,1024,1024,-384078.6,-1192844.7,-383925.0,-1192691.1,p0001_0001,1,1,-385000.05,-1191999.9,600.0
308,621,L0_1024_s512,1024,512,0.15,153.6,76.8,-384001.65,-1192691.1,6143,4096,1024,1024,-384078.6,-1192767.9,-383925.0,-1192614.2999999998,p0001_0001,1,1,-385000.05,-1191999.9,600.0
309,620,L0_1024_s512,1024,512,0.15,153.6,76.8,-384001.65,-1192614.3,6143,3584,1024,1024,-384078.6,-1192691.1,-383925.0,-1192537.5,p0001_0001,1,1,-385000.05,-1191999.9,600.0
310,619,L0_1024_s512,1024,512,0.15,153.6,76.8,-384001.65,-1192537.5,6143,3072,1024,1024,-384078.6,-1192614.2999999998,-383925.0,-1192460.7,p0000_0001,0,1,-385000.05,-1191999.9,600.0
311,618,L0_1024_s512,1024,512,0.15,153.6,76.8,-384001.65,-1192460.7,6143,2560,1024,1024,-384078.6,-1192537.5,-383925.0,-1192383.9,p0000_0001,0,1,-385000.05,-1191999.9,600.0
312,664,L0_1024_s512,1024,512,0.15,153.6,76.8,-383924.85,-1192076.7,6656,0,1024,1024,-384001.65,-1192153.5,-383848.05,-1191999.9,p0000_0001,0,1,-385000.05,-1191999.9,600.0
313,665,L0_1024_s512,1024,512,0.15,153.6,76.8,-383924.85,-1192153.5,6656,512,1024,1024,-384001.65,-1192230.2999999998,-383848.05,-1192076.7,p0000_0001,0,1,-385000.05,-1191999.9,600.0
314,666,L0_1024_s512,1024,512,0.15,153.6,76.8,-383924.85,-1192230.3,6656,1024,1024,1024,-384001.65,-1192307.1,-383848.05,-1192153.5,p0000_0001,0,1,-385000.05,-1191999.9,600.0
315,667,L0_1024_s512,1024,512,0.15,153.6,76.8,-383924.85,-1192307.1,6656,1536,1024,1024,-384001.65,-1192383.9,-383848.05,-1192230.2999999998,p0000_0001,0,1,-385000.05,-1191999.9,600.0
316,668,L0_1024_s512,1024,512,0.15,153.6,76.8,-383924.85,-1192383.9,6656,2048,1024,1024,-384001.65,-1192460.7,-383848.05,-1192307.1,p0000_0001,0,1,-385000.05,-1191999.9,600.0
317,669,L0_1024_s512,1024,512,0.15,153.6,76.8,-383924.85,-1192460.7,6656,2560,1024,1024,-384001.65,-1192537.5,-383848.05,-1192383.9,p0000_0001,0,1,-385000.05,-1191999.9,600.0
318,670,L0_1024_s512,1024,512,0.15,153.6,76.8,-383924.85,-1192537.5,6656,3072,1024,1024,-384001.65,-1192614.2999999998,-383848.05,-1192460.7,p0000_0001,0,1,-385000.05,-1191999.9,600.0
319,671,L0_1024_s512,1024,512,0.15,153.6,76.8,-383924.85,-1192614.3,6656,3584,1024,1024,-384001.65,-1192691.1,-383848.05,-1192537.5,p0001_0001,1,1,-385000.05,-1191999.9,600.0
320,672,L0_1024_s512,1024,512,0.15,153.6,76.8,-383924.85,-1192691.1,6656,4096,1024,1024,-384001.65,-1192767.9,-383848.05,-1192614.2999999998,p0001_0001,1,1,-385000.05,-1191999.9,600.0
321,673,L0_1024_s512,1024,512,0.15,153.6,76.8,-383924.85,-1192767.9,6656,4608,1024,1024,-384001.65,-1192844.7,-383848.05,-1192691.1,p0001_0001,1,1,-385000.05,-1191999.9,600.0
322,674,L0_1024_s512,1024,512,0.15,153.6,76.8,-383924.85,-1192844.7,6656,5120,1024,1024,-384001.65,-1192921.5,-383848.05,-1192767.9,p0001_0001,1,1,-385000.05,-1191999.9,600.0
323,675,L0_1024_s512,1024,512,0.15,153.6,76.8,-383924.85,-1192921.5,6656,5632,1024,1024,-384001.65,-1192998.2999999998,-383848.05,-1192844.7,p0001_0001,1,1,-385000.05,-1191999.9,600.0
324,676,L0_1024_s512,1024,512,0.15,153.6,76.8,-383924.85,-1192998.3,6656,6144,1024,1024,-384001.65,-1193075.1,-383848.05,-1192921.5,p0001_0001,1,1,-385000.05,-1191999.9,600.0
325,677,L0_1024_s512,1024,512,0.15,153.6,76.8,-383924.85,-1193075.1,6656,6656,1024,1024,-384001.65,-1193151.9,-383848.05,-1192998.2999999998,p0001_0001,1,1,-385000.05,-1191999.9,600.0
326,678,L0_1024_s512,1024,512,0.15,153.6,76.8,-383924.85,-1193151.9,6656,7168,1024,1024,-384001.65,-1193228.7,-383848.05,-1193075.1,p0001_0001,1,1,-385000.05,-1191999.9,600.0
327,679,L0_1024_s512,1024,512,0.15,153.6,76.8,-383924.85,-1193228.7,6656,7680,1024,1024,-384001.65,-1193305.5,-383848.05,-1193151.9,p0002_0001,2,1,-385000.05,-1191999.9,600.0
328,680,L0_1024_s512,1024,512,0.15,153.6,76.8,-383924.85,-1193305.5,6656,8192,1024,1024,-384001.65,-1193382.2999999998,-383848.05,-1193228.7,p0002_0001,2,1,-385000.05,-1191999.9,600.0
329,681,L0_1024_s512,1024,512,0.15,153.6,76.8,-383924.85,-1193382.3,6656,8704,1024,1024,-384001.65,-1193459.1,-383848.05,-1193305.5,p0002_0001,2,1,-385000.05,-1191999.9,600.0
330,682,L0_1024_s512,1024,512,0.15,153.6,76.8,-383924.85,-1193459.1,6656,9216,1024,1024,-384001.65,-1193535.9,-383848.05,-1193382.2999999998,p0002_0001,2,1,-385000.05,-1191999.9,600.0
331,683,L0_1024_s512,1024,512,0.15,153.6,76.8,-383924.85,-1193535.9,6656,9728,1024,1024,-384001.65,-1193612.7,-383848.05,-1193459.1,p0002_0001,2,1,-385000.05,-1191999.9,600.0
332,684,L0_1024_s512,1024,512,0.15,153.6,76.8,-383924.85,-1193612.7,6656,10240,1024,1024,-384001.65,-1193689.5,-383848.05,-1193535.9,p0002_0001,2,1,-385000.05,-1191999.9,600.0
333,685,L0_1024_s512,1024,512,0.15,153.6,76.8,-383924.85,-1193689.5,6656,10752,1024,1024,-384001.65,-1193766.2999999998,-383848.05,-1193612.7,p0002_0001,2,1,-385000.05,-1191999.9,600.0
334,686,L0_1024_s512,1024,512,0.15,153.6,76.8,-383924.85,-1193766.3,6656,11264,1024,1024,-384001.65,-1193843.1,-383848.05,-1193689.5,p0002_0001,2,1,-385000.05,-1191999.9,600.0
335,687,L0_1024_s512,1024,512,0.15,153.6,76.8,-383924.85,-1193843.1,6656,11776,1024,1024,-384001.65,-1193919.9,-383848.05,-1193766.2999999998,p0003_0001,3,1,-385000.05,-1191999.9,600.0
336,688,L0_1024_s512,1024,512,0.15,153.6,76.8,-383924.85,-1193919.9,6656,12288,1024,1024,-384001.65,-1193996.7,-383848.05,-1193843.1,p0003_0001,3,1,-385000.05,-1191999.9,600.0
337,689,L0_1024_s512,1024,512,0.15,153.6,76.8,-383924.85,-1193996.7,6656,12800,1024,1024,-384001.65,-1194073.5,-383848.05,-1193919.9,p0003_0001,3,1,-385000.05,-1191999.9,600.0
338,715,L0_1024_s512,1024,512,0.15,153.6,76.8,-383848.05,-1192076.7,7168,0,1024,1024,-383924.85,-1192153.5,-383771.25,-1191999.9,p0000_0001,0,1,-385000.05,-1191999.9,600.0
339,716,L0_1024_s512,1024,512,0.15,153.6,76.8,-383848.05,-1192153.5,7168,512,1024,1024,-383924.85,-1192230.2999999998,-383771.25,-1192076.7,p0000_0001,0,1,-385000.05,-1191999.9,600.0
340,717,L0_1024_s512,1024,512,0.15,153.6,76.8,-383848.05,-1192230.3,7168,1024,1024,1024,-383924.85,-1192307.1,-383771.25,-1192153.5,p0000_0001,0,1,-385000.05,-1191999.9,600.0
341,718,L0_1024_s512,1024,512,0.15,153.6,76.8,-383848.05,-1192307.1,7168,1536,1024,1024,-383924.85,-1192383.9,-383771.25,-1192230.2999999998,p0000_0001,0,1,-385000.05,-1191999.9,600.0
342,719,L0_1024_s512,1024,512,0.15,153.6,76.8,-383848.05,-1192383.9,7168,2048,1024,1024,-383924.85,-1192460.7,-383771.25,-1192307.1,p0000_0001,0,1,-385000.05,-1191999.9,600.0
343,720,L0_1024_s512,1024,512,0.15,153.6,76.8,-383848.05,-1192460.7,7168,2560,1024,1024,-383924.85,-1192537.5,-383771.25,-1192383.9,p0000_0001,0,1,-385000.05,-1191999.9,600.0
344,721,L0_1024_s512,1024,512,0.15,153.6,76.8,-383848.05,-1192537.5,7168,3072,1024,1024,-383924.85,-1192614.2999999998,-383771.25,-1192460.7,p0000_0001,0,1,-385000.05,-1191999.9,600.0
345,722,L0_1024_s512,1024,512,0.15,153.6,76.8,-383848.05,-1192614.3,7168,3584,1024,1024,-383924.85,-1192691.1,-383771.25,-1192537.5,p0001_0001,1,1,-385000.05,-1191999.9,600.0
346,723,L0_1024_s512,1024,512,0.15,153.6,76.8,-383848.05,-1192691.1,7168,4096,1024,1024,-383924.85,-1192767.9,-383771.25,-1192614.2999999998,p0001_0001,1,1,-385000.05,-1191999.9,600.0
347,724,L0_1024_s512,1024,512,0.15,153.6,76.8,-383848.05,-1192767.9,7168,4608,1024,1024,-383924.85,-1192844.7,-383771.25,-1192691.1,p0001_0001,1,1,-385000.05,-1191999.9,600.0
348,725,L0_1024_s512,1024,512,0.15,153.6,76.8,-383848.05,-1192844.7,7168,5120,1024,1024,-383924.85,-1192921.5,-383771.25,-1192767.9,p0001_0001,1,1,-385000.05,-1191999.9,600.0
349,726,L0_1024_s512,1024,512,0.15,153.6,76.8,-383848.05,-1192921.5,7168,5632,1024,1024,-383924.85,-1192998.2999999998,-383771.25,-1192844.7,p0001_0001,1,1,-385000.05,-1191999.9,600.0
350,727,L0_1024_s512,1024,512,0.15,153.6,76.8,-383848.05,-1192998.3,7168,6144,1024,1024,-383924.85,-1193075.1,-383771.25,-1192921.5,p0001_0001,1,1,-385000.05,-1191999.9,600.0
351,728,L0_1024_s512,1024,512,0.15,153.6,76.8,-383848.05,-1193075.1,7168,6656,1024,1024,-383924.85,-1193151.9,-383771.25,-1192998.2999999998,p0001_0001,1,1,-385000.05,-1191999.9,600.0
352,729,L0_1024_s512,1024,512,0.15,153.6,76.8,-383848.05,-1193151.9,7168,7168,1024,1024,-383924.85,-1193228.7,-383771.25,-1193075.1,p0001_0001,1,1,-385000.05,-1191999.9,600.0
353,730,L0_1024_s512,1024,512,0.15,153.6,76.8,-383848.05,-1193228.7,7168,7680,1024,1024,-383924.85,-1193305.5,-383771.25,-1193151.9,p0002_0001,2,1,-385000.05,-1191999.9,600.0
354,731,L0_1024_s512,1024,512,0.15,153.6,76.8,-383848.05,-1193305.5,7168,8192,1024,1024,-383924.85,-1193382.2999999998,-383771.25,-1193228.7,p0002_0001,2,1,-385000.05,-1191999.9,600.0
355,732,L0_1024_s512,1024,512,0.15,153.6,76.8,-383848.05,-1193382.3,7168,8704,1024,1024,-383924.85,-1193459.1,-383771.25,-1193305.5,p0002_0001,2,1,-385000.05,-1191999.9,600.0
356,733,L0_1024_s512,1024,512,0.15,153.6,76.8,-383848.05,-1193459.1,7168,9216,1024,1024,-383924.85,-1193535.9,-383771.25,-1193382.2999999998,p0002_0001,2,1,-385000.05,-1191999.9,600.0
357,734,L0_1024_s512,1024,512,0.15,153.6,76.8,-383848.05,-1193535.9,7168,9728,1024,1024,-383924.85,-1193612.7,-383771.25,-1193459.1,p0002_0001,2,1,-385000.05,-1191999.9,600.0
358,735,L0_1024_s512,1024,512,0.15,153.6,76.8,-383848.05,-1193612.7,7168,10240,1024,1024,-383924.85,-1193689.5,-383771.25,-1193535.9,p0002_0001,2,1,-385000.05,-1191999.9,600.0
359,736,L0_1024_s512,1024,512,0.15,153.6,76.8,-383848.05,-1193689.5,7168,10752,1024,1024,-383924.85,-1193766.2999999998,-383771.25,-1193612.7,p0002_0001,2,1,-385000.05,-1191999.9,600.0
360,737,L0_1024_s512,1024,512,0.15,153.6,76.8,-383848.05,-1193766.3,7168,11264,1024,1024,-383924.85,-1193843.1,-383771.25,-1193689.5,p0002_0001,2,1,-385000.05,-1191999.9,600.0
361,738,L0_1024_s512,1024,512,0.15,153.6,76.8,-383848.05,-1193843.1,7168,11776,1024,1024,-383924.85,-1193919.9,-383771.25,-1193766.2999999998,p0003_0001,3,1,-385000.05,-1191999.9,600.0
362,739,L0_1024_s512,1024,512,0.15,153.6,76.8,-383848.05,-1193919.9,7168,12288,1024,1024,-383924.85,-1193996.7,-383771.25,-1193843.1,p0003_0001,3,1,-385000.05,-1191999.9,600.0
363,740,L0_1024_s512,1024,512,0.15,153.6,76.8,-383848.05,-1193996.7,7168,12800,1024,1024,-383924.85,-1194073.5,-383771.25,-1193919.9,p0003_0001,3,1,-385000.05,-1191999.9,600.0
364,766,L0_1024_s512,1024,512,0.15,153.6,76.8,-383771.25,-1192076.7,7679,0,1024,1024,-383848.2,-1192153.5,-383694.6,-1191999.9,p0000_0002,0,2,-385000.05,-1191999.9,600.0
365,767,L0_1024_s512,1024,512,0.15,153.6,76.8,-383771.25,-1192153.5,7679,512,1024,1024,-383848.2,-1192230.2999999998,-383694.6,-1192076.7,p0000_0002,0,2,-385000.05,-1191999.9,600.0
366,768,L0_1024_s512,1024,512,0.15,153.6,76.8,-383771.25,-1192230.3,7679,1024,1024,1024,-383848.2,-1192307.1,-383694.6,-1192153.5,p0000_0002,0,2,-385000.05,-1191999.9,600.0
367,769,L0_1024_s512,1024,512,0.15,153.6,76.8,-383771.25,-1192307.1,7679,1536,1024,1024,-383848.2,-1192383.9,-383694.6,-1192230.2999999998,p0000_0002,0,2,-385000.05,-1191999.9,600.0
368,770,L0_1024_s512,1024,512,0.15,153.6,76.8,-383771.25,-1192383.9,7679,2048,1024,1024,-383848.2,-1192460.7,-383694.6,-1192307.1,p0000_0002,0,2,-385000.05,-1191999.9,600.0
369,771,L0_1024_s512,1024,512,0.15,153.6,76.8,-383771.25,-1192460.7,7679,2560,1024,1024,-383848.2,-1192537.5,-383694.6,-1192383.9,p0000_0002,0,2,-385000.05,-1191999.9,600.0
370,772,L0_1024_s512,1024,512,0.15,153.6,76.8,-383771.25,-1192537.5,7679,3072,1024,1024,-383848.2,-1192614.2999999998,-383694.6,-1192460.7,p0000_0002,0,2,-385000.05,-1191999.9,600.0
371,773,L0_1024_s512,1024,512,0.15,153.6,76.8,-383771.25,-1192614.3,7679,3584,1024,1024,-383848.2,-1192691.1,-383694.6,-1192537.5,p0001_0002,1,2,-385000.05,-1191999.9,600.0
372,774,L0_1024_s512,1024,512,0.15,153.6,76.8,-383771.25,-1192691.1,7679,4096,1024,1024,-383848.2,-1192767.9,-383694.6,-1192614.2999999998,p0001_0002,1,2,-385000.05,-1191999.9,600.0
373,775,L0_1024_s512,1024,512,0.15,153.6,76.8,-383771.25,-1192767.9,7679,4608,1024,1024,-383848.2,-1192844.7,-383694.6,-1192691.1,p0001_0002,1,2,-385000.05,-1191999.9,600.0
374,776,L0_1024_s512,1024,512,0.15,153.6,76.8,-383771.25,-1192844.7,7679,5120,1024,1024,-383848.2,-1192921.5,-383694.6,-1192767.9,p0001_0002,1,2,-385000.05,-1191999.9,600.0
375,777,L0_1024_s512,1024,512,0.15,153.6,76.8,-383771.25,-1192921.5,7679,5632,1024,1024,-383848.2,-1192998.2999999998,-383694.6,-1192844.7,p0001_0002,1,2,-385000.05,-1191999.9,600.0
376,778,L0_1024_s512,1024,512,0.15,153.6,76.8,-383771.25,-1192998.3,7679,6144,1024,1024,-383848.2,-1193075.1,-383694.6,-1192921.5,p0001_0002,1,2,-385000.05,-1191999.9,600.0
377,779,L0_1024_s512,1024,512,0.15,153.6,76.8,-383771.25,-1193075.1,7679,6656,1024,1024,-383848.2,-1193151.9,-383694.6,-1192998.2999999998,p0001_0002,1,2,-385000.05,-1191999.9,600.0
378,780,L0_1024_s512,1024,512,0.15,153.6,76.8,-383771.25,-1193151.9,7679,7168,1024,1024,-383848.2,-1193228.7,-383694.6,-1193075.1,p0001_0002,1,2,-385000.05,-1191999.9,600.0
379,781,L0_1024_s512,1024,512,0.15,153.6,76.8,-383771.25,-1193228.7,7679,7680,1024,1024,-383848.2,-1193305.5,-383694.6,-1193151.9,p0002_0002,2,2,-385000.05,-1191999.9,600.0
380,782,L0_1024_s512,1024,512,0.15,153.6,76.8,-383771.25,-1193305.5,7679,8192,1024,1024,-383848.2,-1193382.2999999998,-383694.6,-1193228.7,p0002_0002,2,2,-385000.05,-1191999.9,600.0
381,783,L0_1024_s512,1024,512,0.15,153.6,76.8,-383771.25,-1193382.3,7679,8704,1024,1024,-383848.2,-1193459.1,-383694.6,-1193305.5,p0002_0002,2,2,-385000.05,-1191999.9,600.0
382,784,L0_1024_s512,1024,512,0.15,153.6,76.8,-383771.25,-1193459.1,7679,9216,1024,1024,-383848.2,-1193535.9,-383694.6,-1193382.2999999998,p0002_0002,2,2,-385000.05,-1191999.9,600.0
383,785,L0_1024_s512,1024,512,0.15,153.6,76.8,-383771.25,-1193535.9,7679,9728,1024,1024,-383848.2,-1193612.7,-383694.6,-1193459.1,p0002_0002,2,2,-385000.05,-1191999.9,600.0
384,786,L0_1024_s512,1024,512,0.15,153.6,76.8,-383771.25,-1193612.7,7679,10240,1024,1024,-383848.2,-1193689.5,-383694.6,-1193535.9,p0002_0002,2,2,-385000.05,-1191999.9,600.0
385,787,L0_1024_s512,1024,512,0.15,153.6,76.8,-383771.25,-1193689.5,7679,10752,1024,1024,-383848.2,-1193766.2999999998,-383694.6,-1193612.7,p0002_0002,2,2,-385000.05,-1191999.9,600.0
386,788,L0_1024_s512,1024,512,0.15,153.6,76.8,-383771.25,-1193766.3,7679,11264,1024,1024,-383848.2,-1193843.1,-383694.6,-1193689.5,p0002_0002,2,2,-385000.05,-1191999.9,600.0
387,789,L0_1024_s512,1024,512,0.15,153.6,76.8,-383771.25,-1193843.1,7679,11776,1024,1024,-383848.2,-1193919.9,-383694.6,-1193766.2999999998,p0003_0002,3,2,-385000.05,-1191999.9,600.0
388,790,L0_1024_s512,1024,512,0.15,153.6,76.8,-383771.25,-1193919.9,7679,12288,1024,1024,-383848.2,-1193996.7,-383694.6,-1193843.1,p0003_0002,3,2,-385000.05,-1191999.9,600.0
389,791,L0_1024_s512,1024,512,0.15,153.6,76.8,-383771.25,-1193996.7,7679,12800,1024,1024,-383848.2,-1194073.5,-383694.6,-1193919.9,p0003_0002,3,2,-385000.05,-1191999.9,600.0
390,817,L0_1024_s512,1024,512,0.15,153.6,76.8,-383694.45,-1192076.7,8191,0,1024,1024,-383771.4,-1192153.5,-383617.8,-1191999.9,p0000_0002,0,2,-385000.05,-1191999.9,600.0
391,818,L0_1024_s512,1024,512,0.15,153.6,76.8,-383694.45,-1192153.5,8191,512,1024,1024,-383771.4,-1192230.2999999998,-383617.8,-1192076.7,p0000_0002,0,2,-385000.05,-1191999.9,600.0
392,819,L0_1024_s512,1024,512,0.15,153.6,76.8,-383694.45,-1192230.3,8191,1024,1024,1024,-383771.4,-1192307.1,-383617.8,-1192153.5,p0000_0002,0,2,-385000.05,-1191999.9,600.0
393,820,L0_1024_s512,1024,512,0.15,153.6,76.8,-383694.45,-1192307.1,8191,1536,1024,1024,-383771.4,-1192383.9,-383617.8,-1192230.2999999998,p0000_0002,0,2,-385000.05,-1191999.9,600.0
394,821,L0_1024_s512,1024,512,0.15,153.6,76.8,-383694.45,-1192383.9,8191,2048,1024,1024,-383771.4,-1192460.7,-383617.8,-1192307.1,p0000_0002,0,2,-385000.05,-1191999.9,600.0
395,822,L0_1024_s512,1024,512,0.15,153.6,76.8,-383694.45,-1192460.7,8191,2560,1024,1024,-383771.4,-1192537.5,-383617.8,-1192383.9,p0000_0002,0,2,-385000.05,-1191999.9,600.0
396,823,L0_1024_s512,1024,512,0.15,153.6,76.8,-383694.45,-1192537.5,8191,3072,1024,1024,-383771.4,-1192614.2999999998,-383617.8,-1192460.7,p0000_0002,0,2,-385000.05,-1191999.9,600.0
397,824,L0_1024_s512,1024,512,0.15,153.6,76.8,-383694.45,-1192614.3,8191,3584,1024,1024,-383771.4,-1192691.1,-383617.8,-1192537.5,p0001_0002,1,2,-385000.05,-1191999.9,600.0
398,825,L0_1024_s512,1024,512,0.15,153.6,76.8,-383694.45,-1192691.1,8191,4096,1024,1024,-383771.4,-1192767.9,-383617.8,-1192614.2999999998,p0001_0002,1,2,-385000.05,-1191999.9,600.0
399,826,L0_1024_s512,1024,512,0.15,153.6,76.8,-383694.45,-1192767.9,8191,4608,1024,1024,-383771.4,-1192844.7,-383617.8,-1192691.1,p0001_0002,1,2,-385000.05,-1191999.9,600.0
400,827,L0_1024_s512,1024,512,0.15,153.6,76.8,-383694.45,-1192844.7,8191,5120,1024,1024,-383771.4,-1192921.5,-383617.8,-1192767.9,p0001_0002,1,2,-385000.05,-1191999.9,600.0
401,828,L0_1024_s512,1024,512,0.15,153.6,76.8,-383694.45,-1192921.5,8191,5632,1024,1024,-383771.4,-1192998.2999999998,-383617.8,-1192844.7,p0001_0002,1,2,-385000.05,-1191999.9,600.0
402,829,L0_1024_s512,1024,512,0.15,153.6,76.8,-383694.45,-1192998.3,8191,6144,1024,1024,-383771.4,-1193075.1,-383617.8,-1192921.5,p0001_0002,1,2,-385000.05,-1191999.9,600.0
403,830,L0_1024_s512,1024,512,0.15,153.6,76.8,-383694.45,-1193075.1,8191,6656,1024,1024,-383771.4,-1193151.9,-383617.8,-1192998.2999999998,p0001_0002,1,2,-385000.05,-1191999.9,600.0
404,831,L0_1024_s512,1024,512,0.15,153.6,76.8,-383694.45,-1193151.9,8191,7168,1024,1024,-383771.4,-1193228.7,-383617.8,-1193075.1,p0001_0002,1,2,-385000.05,-1191999.9,600.0
405,832,L0_1024_s512,1024,512,0.15,153.6,76.8,-383694.45,-1193228.7,8191,7680,1024,1024,-383771.4,-1193305.5,-383617.8,-1193151.9,p0002_0002,2,2,-385000.05,-1191999.9,600.0
406,833,L0_1024_s512,1024,512,0.15,153.6,76.8,-383694.45,-1193305.5,8191,8192,1024,1024,-383771.4,-1193382.2999999998,-383617.8,-1193228.7,p0002_0002,2,2,-385000.05,-1191999.9,600.0
407,834,L0_1024_s512,1024,512,0.15,153.6,76.8,-383694.45,-1193382.3,8191,8704,1024,1024,-383771.4,-1193459.1,-383617.8,-1193305.5,p0002_0002,2,2,-385000.05,-1191999.9,600.0
408,835,L0_1024_s512,1024,512,0.15,153.6,76.8,-383694.45,-1193459.1,8191,9216,1024,1024,-383771.4,-1193535.9,-383617.8,-1193382.2999999998,p0002_0002,2,2,-385000.05,-1191999.9,600.0
409,836,L0_1024_s512,1024,512,0.15,153.6,76.8,-383694.45,-1193535.9,8191,9728,1024,1024,-383771.4,-1193612.7,-383617.8,-1193459.1,p0002_0002,2,2,-385000.05,-1191999.9,600.0
410,837,L0_1024_s512,1024,512,0.15,153.6,76.8,-383694.45,-1193612.7,8191,10240,1024,1024,-383771.4,-1193689.5,-383617.8,-1193535.9,p0002_0002,2,2,-385000.05,-1191999.9,600.0
411,838,L0_1024_s512,1024,512,0.15,153.6,76.8,-383694.45,-1193689.5,8191,10752,1024,1024,-383771.4,-1193766.2999999998,-383617.8,-1193612.7,p0002_0002,2,2,-385000.05,-1191999.9,600.0
412,839,L0_1024_s512,1024,512,0.15,153.6,76.8,-383694.45,-1193766.3,8191,11264,1024,1024,-383771.4,-1193843.1,-383617.8,-1193689.5,p0002_0002,2,2,-385000.05,-1191999.9,600.0
413,840,L0_1024_s512,1024,512,0.15,153.6,76.8,-383694.45,-1193843.1,8191,11776,1024,1024,-383771.4,-1193919.9,-383617.8,-1193766.2999999998,p0003_0002,3,2,-385000.05,-1191999.9,600.0
414,841,L0_1024_s512,1024,512,0.15,153.6,76.8,-383694.45,-1193919.9,8191,12288,1024,1024,-383771.4,-1193996.7,-383617.8,-1193843.1,p0003_0002,3,2,-385000.05,-1191999.9,600.0
415,842,L0_1024_s512,1024,512,0.15,153.6,76.8,-383694.45,-1193996.7,8191,12800,1024,1024,-383771.4,-1194073.5,-383617.8,-1193919.9,p0003_0002,3,2,-385000.05,-1191999.9,600.0
416,868,L0_1024_s512,1024,512,0.15,153.6,76.8,-383617.65,-1192076.7,8703,0,1024,1024,-383694.6,-1192153.5,-383541.0,-1191999.9,p0000_0002,0,2,-385000.05,-1191999.9,600.0
417,869,L0_1024_s512,1024,512,0.15,153.6,76.8,-383617.65,-1192153.5,8703,512,1024,1024,-383694.6,-1192230.2999999998,-383541.0,-1192076.7,p0000_0002,0,2,-385000.05,-1191999.9,600.0
418,870,L0_1024_s512,1024,512,0.15,153.6,76.8,-383617.65,-1192230.3,8703,1024,1024,1024,-383694.6,-1192307.1,-383541.0,-1192153.5,p0000_0002,0,2,-385000.05,-1191999.9,600.0
419,871,L0_1024_s512,1024,512,0.15,153.6,76.8,-383617.65,-1192307.1,8703,1536,1024,1024,-383694.6,-1192383.9,-383541.0,-1192230.2999999998,p0000_0002,0,2,-385000.05,-1191999.9,600.0
420,872,L0_1024_s512,1024,512,0.15,153.6,76.8,-383617.65,-1192383.9,8703,2048,1024,1024,-383694.6,-1192460.7,-383541.0,-1192307.1,p0000_0002,0,2,-385000.05,-1191999.9,600.0
421,873,L0_1024_s512,1024,512,0.15,153.6,76.8,-383617.65,-1192460.7,8703,2560,1024,1024,-383694.6,-1192537.5,-383541.0,-1192383.9,p0000_0002,0,2,-385000.05,-1191999.9,600.0
422,874,L0_1024_s512,1024,512,0.15,153.6,76.8,-383617.65,-1192537.5,8703,3072,1024,1024,-383694.6,-1192614.2999999998,-383541.0,-1192460.7,p0000_0002,0,2,-385000.05,-1191999.9,600.0
423,875,L0_1024_s512,1024,512,0.15,153.6,76.8,-383617.65,-1192614.3,8703,3584,1024,1024,-383694.6,-1192691.1,-383541.0,-1192537.5,p0001_0002,1,2,-385000.05,-1191999.9,600.0
424,876,L0_1024_s512,1024,512,0.15,153.6,76.8,-383617.65,-1192691.1,8703,4096,1024,1024,-383694.6,-1192767.9,-383541.0,-1192614.2999999998,p0001_0002,1,2,-385000.05,-1191999.9,600.0
425,877,L0_1024_s512,1024,512,0.15,153.6,76.8,-383617.65,-1192767.9,8703,4608,1024,1024,-383694.6,-1192844.7,-383541.0,-1192691.1,p0001_0002,1,2,-385000.05,-1191999.9,600.0
426,878,L0_1024_s512,1024,512,0.15,153.6,76.8,-383617.65,-1192844.7,8703,5120,1024,1024,-383694.6,-1192921.5,-383541.0,-1192767.9,p0001_0002,1,2,-385000.05,-1191999.9,600.0
427,879,L0_1024_s512,1024,512,0.15,153.6,76.8,-383617.65,-1192921.5,8703,5632,1024,1024,-383694.6,-1192998.2999999998,-383541.0,-1192844.7,p0001_0002,1,2,-385000.05,-1191999.9,600.0
428,880,L0_1024_s512,1024,512,0.15,153.6,76.8,-383617.65,-1192998.3,8703,6144,1024,1024,-383694.6,-1193075.1,-383541.0,-1192921.5,p0001_0002,1,2,-385000.05,-1191999.9,600.0
429,881,L0_1024_s512,1024,512,0.15,153.6,76.8,-383617.65,-1193075.1,8703,6656,1024,1024,-383694.6,-1193151.9,-383541.0,-1192998.2999999998,p0001_0002,1,2,-385000.05,-1191999.9,600.0
430,882,L0_1024_s512,1024,512,0.15,153.6,76.8,-383617.65,-1193151.9,8703,7168,1024,1024,-383694.6,-1193228.7,-383541.0,-1193075.1,p0001_0002,1,2,-385000.05,-1191999.9,600.0
431,883,L0_1024_s512,1024,512,0.15,153.6,76.8,-383617.65,-1193228.7,8703,7680,1024,1024,-383694.6,-1193305.5,-383541.0,-1193151.9,p0002_0002,2,2,-385000.05,-1191999.9,600.0
432,884,L0_1024_s512,1024,512,0.15,153.6,76.8,-383617.65,-1193305.5,8703,8192,1024,1024,-383694.6,-1193382.2999999998,-383541.0,-1193228.7,p0002_0002,2,2,-385000.05,-1191999.9,600.0
433,885,L0_1024_s512,1024,512,0.15,153.6,76.8,-383617.65,-1193382.3,8703,8704,1024,1024,-383694.6,-1193459.1,-383541.0,-1193305.5,p0002_0002,2,2,-385000.05,-1191999.9,600.0
434,886,L0_1024_s512,1024,512,0.15,153.6,76.8,-383617.65,-1193459.1,8703,9216,1024,1024,-383694.6,-1193535.9,-383541.0,-1193382.2999999998,p0002_0002,2,2,-385000.05,-1191999.9,600.0
435,887,L0_1024_s512,1024,512,0.15,153.6,76.8,-383617.65,-1193535.9,8703,9728,1024,1024,-383694.6,-1193612.7,-383541.0,-1193459.1,p0002_0002,2,2,-385000.05,-1191999.9,600.0
436,888,L0_1024_s512,1024,512,0.15,153.6,76.8,-383617.65,-1193612.7,8703,10240,1024,1024,-383694.6,-1193689.5,-383541.0,-1193535.9,p0002_0002,2,2,-385000.05,-1191999.9,600.0
437,889,L0_1024_s512,1024,512,0.15,153.6,76.8,-383617.65,-1193689.5,8703,10752,1024,1024,-383694.6,-1193766.2999999998,-383541.0,-1193612.7,p0002_0002,2,2,-385000.05,-1191999.9,600.0
438,890,L0_1024_s512,1024,512,0.15,153.6,76.8,-383617.65,-1193766.3,8703,11264,1024,1024,-383694.6,-1193843.1,-383541.0,-1193689.5,p0002_0002,2,2,-385000.05,-1191999.9,600.0
439,891,L0_1024_s512,1024,512,0.15,153.6,76.8,-383617.65,-1193843.1,8703,11776,1024,1024,-383694.6,-1193919.9,-383541.0,-1193766.2999999998,p0003_0002,3,2,-385000.05,-1191999.9,600.0
440,892,L0_1024_s512,1024,512,0.15,153.6,76.8,-383617.65,-1193919.9,8703,12288,1024,1024,-383694.6,-1193996.7,-383541.0,-1193843.1,p0003_0002,3,2,-385000.05,-1191999.9,600.0
441,893,L0_1024_s512,1024,512,0.15,153.6,76.8,-383617.65,-1193996.7,8703,12800,1024,1024,-383694.6,-1194073.5,-383541.0,-1193919.9,p0003_0002,3,2,-385000.05,-1191999.9,600.0
442,919,L0_1024_s512,1024,512,0.15,153.6,76.8,-383540.85,-1192076.7,9216,0,1024,1024,-383617.65,-1192153.5,-383464.05,-1191999.9,p0000_0002,0,2,-385000.05,-1191999.9,600.0
443,920,L0_1024_s512,1024,512,0.15,153.6,76.8,-383540.85,-1192153.5,9216,512,1024,1024,-383617.65,-1192230.2999999998,-383464.05,-1192076.7,p0000_0002,0,2,-385000.05,-1191999.9,600.0
444,921,L0_1024_s512,1024,512,0.15,153.6,76.8,-383540.85,-1192230.3,9216,1024,1024,1024,-383617.65,-1192307.1,-383464.05,-1192153.5,p0000_0002,0,2,-385000.05,-1191999.9,600.0
445,922,L0_1024_s512,1024,512,0.15,153.6,76.8,-383540.85,-1192307.1,9216,1536,1024,1024,-383617.65,-1192383.9,-383464.05,-1192230.2999999998,p0000_0002,0,2,-385000.05,-1191999.9,600.0
446,923,L0_1024_s512,1024,512,0.15,153.6,76.8,-383540.85,-1192383.9,9216,2048,1024,1024,-383617.65,-1192460.7,-383464.05,-1192307.1,p0000_0002,0,2,-385000.05,-1191999.9,600.0
447,924,L0_1024_s512,1024,512,0.15,153.6,76.8,-383540.85,-1192460.7,9216,2560,1024,1024,-383617.65,-1192537.5,-383464.05,-1192383.9,p0000_0002,0,2,-385000.05,-1191999.9,600.0
448,925,L0_1024_s512,1024,512,0.15,153.6,76.8,-383540.85,-1192537.5,9216,3072,1024,1024,-383617.65,-1192614.2999999998,-383464.05,-1192460.7,p0000_0002,0,2,-385000.05,-1191999.9,600.0
449,926,L0_1024_s512,1024,512,0.15,153.6,76.8,-383540.85,-1192614.3,9216,3584,1024,1024,-383617.65,-1192691.1,-383464.05,-1192537.5,p0001_0002,1,2,-385000.05,-1191999.9,600.0
450,927,L0_1024_s512,1024,512,0.15,153.6,76.8,-383540.85,-1192691.1,9216,4096,1024,1024,-383617.65,-1192767.9,-383464.05,-1192614.2999999998,p0001_0002,1,2,-385000.05,-1191999.9,600.0
451,928,L0_1024_s512,1024,512,0.15,153.6,76.8,-383540.85,-1192767.9,9216,4608,1024,1024,-383617.65,-1192844.7,-383464.05,-1192691.1,p0001_0002,1,2,-385000.05,-1191999.9,600.0
452,929,L0_1024_s512,1024,512,0.15,153.6,76.8,-383540.85,-1192844.7,9216,5120,1024,1024,-383617.65,-1192921.5,-383464.05,-1192767.9,p0001_0002,1,2,-385000.05,-1191999.9,600.0
453,930,L0_1024_s512,1024,512,0.15,153.6,76.8,-383540.85,-1192921.5,9216,5632,1024,1024,-383617.65,-1192998.2999999998,-383464.05,-1192844.7,p0001_0002,1,2,-385000.05,-1191999.9,600.0
454,931,L0_1024_s512,1024,512,0.15,153.6,76.8,-383540.85,-1192998.3,9216,6144,1024,1024,-383617.65,-1193075.1,-383464.05,-1192921.5,p0001_0002,1,2,-385000.05,-1191999.9,600.0
455,932,L0_1024_s512,1024,512,0.15,153.6,76.8,-383540.85,-1193075.1,9216,6656,1024,1024,-383617.65,-1193151.9,-383464.05,-1192998.2999999998,p0001_0002,1,2,-385000.05,-1191999.9,600.0
456,933,L0_1024_s512,1024,512,0.15,153.6,76.8,-383540.85,-1193151.9,9216,7168,1024,1024,-383617.65,-1193228.7,-383464.05,-1193075.1,p0001_0002,1,2,-385000.05,-1191999.9,600.0
457,934,L0_1024_s512,1024,512,0.15,153.6,76.8,-383540.85,-1193228.7,9216,7680,1024,1024,-383617.65,-1193305.5,-383464.05,-1193151.9,p0002_0002,2,2,-385000.05,-1191999.9,600.0
458,935,L0_1024_s512,1024,512,0.15,153.6,76.8,-383540.85,-1193305.5,9216,8192,1024,1024,-383617.65,-1193382.2999999998,-383464.05,-1193228.7,p0002_0002,2,2,-385000.05,-1191999.9,600.0
459,936,L0_1024_s512,1024,512,0.15,153.6,76.8,-383540.85,-1193382.3,9216,8704,1024,1024,-383617.65,-1193459.1,-383464.05,-1193305.5,p0002_0002,2,2,-385000.05,-1191999.9,600.0
460,937,L0_1024_s512,1024,512,0.15,153.6,76.8,-383540.85,-1193459.1,9216,9216,1024,1024,-383617.65,-1193535.9,-383464.05,-1193382.2999999998,p0002_0002,2,2,-385000.05,-1191999.9,600.0
461,938,L0_1024_s512,1024,512,0.15,153.6,76.8,-383540.85,-1193535.9,9216,9728,1024,1024,-383617.65,-1193612.7,-383464.05,-1193459.1,p0002_0002,2,2,-385000.05,-1191999.9,600.0
462,939,L0_1024_s512,1024,512,0.15,153.6,76.8,-383540.85,-1193612.7,9216,10240,1024,1024,-383617.65,-1193689.5,-383464.05,-1193535.9,p0002_0002,2,2,-385000.05,-1191999.9,600.0
463,940,L0_1024_s512,1024,512,0.15,153.6,76.8,-383540.85,-1193689.5,9216,10752,1024,1024,-383617.65,-1193766.2999999998,-383464.05,-1193612.7,p0002_0002,2,2,-385000.05,-1191999.9,600.0
464,941,L0_1024_s512,1024,512,0.15,153.6,76.8,-383540.85,-1193766.3,9216,11264,1024,1024,-383617.65,-1193843.1,-383464.05,-1193689.5,p0002_0002,2,2,-385000.05,-1191999.9,600.0
465,942,L0_1024_s512,1024,512,0.15,153.6,76.8,-383540.85,-1193843.1,9216,11776,1024,1024,-383617.65,-1193919.9,-383464.05,-1193766.2999999998,p0003_0002,3,2,-385000.05,-1191999.9,600.0
466,943,L0_1024_s512,1024,512,0.15,153.6,76.8,-383540.85,-1193919.9,9216,12288,1024,1024,-383617.65,-1193996.7,-383464.05,-1193843.1,p0003_0002,3,2,-385000.05,-1191999.9,600.0
467,944,L0_1024_s512,1024,512,0.15,153.6,76.8,-383540.85,-1193996.7,9216,12800,1024,1024,-383617.65,-1194073.5,-383464.05,-1193919.9,p0003_0002,3,2,-385000.05,-1191999.9,600.0
468,970,L0_1024_s512,1024,512,0.15,153.6,76.8,-383464.05,-1192076.7,9728,0,1024,1024,-383540.85,-1192153.5,-383387.25,-1191999.9,p0000_0002,0,2,-385000.05,-1191999.9,600.0
469,971,L0_1024_s512,1024,512,0.15,153.6,76.8,-383464.05,-1192153.5,9728,512,1024,1024,-383540.85,-1192230.2999999998,-383387.25,-1192076.7,p0000_0002,0,2,-385000.05,-1191999.9,600.0
470,972,L0_1024_s512,1024,512,0.15,153.6,76.8,-383464.05,-1192230.3,9728,1024,1024,1024,-383540.85,-1192307.1,-383387.25,-1192153.5,p0000_0002,0,2,-385000.05,-1191999.9,600.0
471,973,L0_1024_s512,1024,512,0.15,153.6,76.8,-383464.05,-1192307.1,9728,1536,1024,1024,-383540.85,-1192383.9,-383387.25,-1192230.2999999998,p0000_0002,0,2,-385000.05,-1191999.9,600.0
472,974,L0_1024_s512,1024,512,0.15,153.6,76.8,-383464.05,-1192383.9,9728,2048,1024,1024,-383540.85,-1192460.7,-383387.25,-1192307.1,p0000_0002,0,2,-385000.05,-1191999.9,600.0
473,975,L0_1024_s512,1024,512,0.15,153.6,76.8,-383464.05,-1192460.7,9728,2560,1024,1024,-383540.85,-1192537.5,-383387.25,-1192383.9,p0000_0002,0,2,-385000.05,-1191999.9,600.0
474,976,L0_1024_s512,1024,512,0.15,153.6,76.8,-383464.05,-1192537.5,9728,3072,1024,1024,-383540.85,-1192614.2999999998,-383387.25,-1192460.7,p0000_0002,0,2,-385000.05,-1191999.9,600.0
475,977,L0_1024_s512,1024,512,0.15,153.6,76.8,-383464.05,-1192614.3,9728,3584,1024,1024,-383540.85,-1192691.1,-383387.25,-1192537.5,p0001_0002,1,2,-385000.05,-1191999.9,600.0
476,978,L0_1024_s512,1024,512,0.15,153.6,76.8,-383464.05,-1192691.1,9728,4096,1024,1024,-383540.85,-1192767.9,-383387.25,-1192614.2999999998,p0001_0002,1,2,-385000.05,-1191999.9,600.0
477,979,L0_1024_s512,1024,512,0.15,153.6,76.8,-383464.05,-1192767.9,9728,4608,1024,1024,-383540.85,-1192844.7,-383387.25,-1192691.1,p0001_0002,1,2,-385000.05,-1191999.9,600.0
478,980,L0_1024_s512,1024,512,0.15,153.6,76.8,-383464.05,-1192844.7,9728,5120,1024,1024,-383540.85,-1192921.5,-383387.25,-1192767.9,p0001_0002,1,2,-385000.05,-1191999.9,600.0
479,981,L0_1024_s512,1024,512,0.15,153.6,76.8,-383464.05,-1192921.5,9728,5632,1024,1024,-383540.85,-1192998.2999999998,-383387.25,-1192844.7,p0001_0002,1,2,-385000.05,-1191999.9,600.0
480,982,L0_1024_s512,1024,512,0.15,153.6,76.8,-383464.05,-1192998.3,9728,6144,1024,1024,-383540.85,-1193075.1,-383387.25,-1192921.5,p0001_0002,1,2,-385000.05,-1191999.9,600.0
481,983,L0_1024_s512,1024,512,0.15,153.6,76.8,-383464.05,-1193075.1,9728,6656,1024,1024,-383540.85,-1193151.9,-383387.25,-1192998.2999999998,p0001_0002,1,2,-385000.05,-1191999.9,600.0
482,984,L0_1024_s512,1024,512,0.15,153.6,76.8,-383464.05,-1193151.9,9728,7168,1024,1024,-383540.85,-1193228.7,-383387.25,-1193075.1,p0001_0002,1,2,-385000.05,-1191999.9,600.0
483,985,L0_1024_s512,1024,512,0.15,153.6,76.8,-383464.05,-1193228.7,9728,7680,1024,1024,-383540.85,-1193305.5,-383387.25,-1193151.9,p0002_0002,2,2,-385000.05,-1191999.9,600.0
484,986,L0_1024_s512,1024,512,0.15,153.6,76.8,-383464.05,-1193305.5,9728,8192,1024,1024,-383540.85,-1193382.2999999998,-383387.25,-1193228.7,p0002_0002,2,2,-385000.05,-1191999.9,600.0
485,987,L0_1024_s512,1024,512,0.15,153.6,76.8,-383464.05,-1193382.3,9728,8704,1024,1024,-383540.85,-1193459.1,-383387.25,-1193305.5,p0002_0002,2,2,-385000.05,-1191999.9,600.0
486,988,L0_1024_s512,1024,512,0.15,153.6,76.8,-383464.05,-1193459.1,9728,9216,1024,1024,-383540.85,-1193535.9,-383387.25,-1193382.2999999998,p0002_0002,2,2,-385000.05,-1191999.9,600.0
487,989,L0_1024_s512,1024,512,0.15,153.6,76.8,-383464.05,-1193535.9,9728,9728,1024,1024,-383540.85,-1193612.7,-383387.25,-1193459.1,p0002_0002,2,2,-385000.05,-1191999.9,600.0
488,990,L0_1024_s512,1024,512,0.15,153.6,76.8,-383464.05,-1193612.7,9728,10240,1024,1024,-383540.85,-1193689.5,-383387.25,-1193535.9,p0002_0002,2,2,-385000.05,-1191999.9,600.0
489,991,L0_1024_s512,1024,512,0.15,153.6,76.8,-383464.05,-1193689.5,9728,10752,1024,1024,-383540.85,-1193766.2999999998,-383387.25,-1193612.7,p0002_0002,2,2,-385000.05,-1191999.9,600.0
490,992,L0_1024_s512,1024,512,0.15,153.6,76.8,-383464.05,-1193766.3,9728,11264,1024,1024,-383540.85,-1193843.1,-383387.25,-1193689.5,p0002_0002,2,2,-385000.05,-1191999.9,600.0
491,993,L0_1024_s512,1024,512,0.15,153.6,76.8,-383464.05,-1193843.1,9728,11776,1024,1024,-383540.85,-1193919.9,-383387.25,-1193766.2999999998,p0003_0002,3,2,-385000.05,-1191999.9,600.0
492,994,L0_1024_s512,1024,512,0.15,153.6,76.8,-383464.05,-1193919.9,9728,12288,1024,1024,-383540.85,-1193996.7,-383387.25,-1193843.1,p0003_0002,3,2,-385000.05,-1191999.9,600.0
493,995,L0_1024_s512,1024,512,0.15,153.6,76.8,-383464.05,-1193996.7,9728,12800,1024,1024,-383540.85,-1194073.5,-383387.25,-1193919.9,p0003_0002,3,2,-385000.05,-1191999.9,600.0
494,1021,L0_1024_s512,1024,512,0.15,153.6,76.8,-383387.25,-1192076.7,10239,0,1024,1024,-383464.2,-1192153.5,-383310.6,-1191999.9,p0000_0002,0,2,-385000.05,-1191999.9,600.0
495,1022,L0_1024_s512,1024,512,0.15,153.6,76.8,-383387.25,-1192153.5,10239,512,1024,1024,-383464.2,-1192230.2999999998,-383310.6,-1192076.7,p0000_0002,0,2,-385000.05,-1191999.9,600.0
496,1023,L0_1024_s512,1024,512,0.15,153.6,76.8,-383387.25,-1192230.3,10239,1024,1024,1024,-383464.2,-1192307.1,-383310.6,-1192153.5,p0000_0002,0,2,-385000.05,-1191999.9,600.0
497,1024,L0_1024_s512,1024,512,0.15,153.6,76.8,-383387.25,-1192307.1,10239,1536,1024,1024,-383464.2,-1192383.9,-383310.6,-1192230.2999999998,p0000_0002,0,2,-385000.05,-1191999.9,600.0
498,1025,L0_1024_s512,1024,512,0.15,153.6,76.8,-383387.25,-1192383.9,10239,2048,1024,1024,-383464.2,-1192460.7,-383310.6,-1192307.1,p0000_0002,0,2,-385000.05,-1191999.9,600.0
499,1026,L0_1024_s512,1024,512,0.15,153.6,76.8,-383387.25,-1192460.7,10239,2560,1024,1024,-383464.2,-1192537.5,-383310.6,-1192383.9,p0000_0002,0,2,-385000.05,-1191999.9,600.0
500,1027,L0_1024_s512,1024,512,0.15,153.6,76.8,-383387.25,-1192537.5,10239,3072,1024,1024,-383464.2,-1192614.2999999998,-383310.6,-1192460.7,p0000_0002,0,2,-385000.05,-1191999.9,600.0
501,1028,L0_1024_s512,1024,512,0.15,153.6,76.8,-383387.25,-1192614.3,10239,3584,1024,1024,-383464.2,-1192691.1,-383310.6,-1192537.5,p0001_0002,1,2,-385000.05,-1191999.9,600.0
502,1029,L0_1024_s512,1024,512,0.15,153.6,76.8,-383387.25,-1192691.1,10239,4096,1024,1024,-383464.2,-1192767.9,-383310.6,-1192614.2999999998,p0001_0002,1,2,-385000.05,-1191999.9,600.0
503,1030,L0_1024_s512,1024,512,0.15,153.6,76.8,-383387.25,-1192767.9,10239,4608,1024,1024,-383464.2,-1192844.7,-383310.6,-1192691.1,p0001_0002,1,2,-385000.05,-1191999.9,600.0
504,1031,L0_1024_s512,1024,512,0.15,153.6,76.8,-383387.25,-1192844.7,10239,5120,1024,1024,-383464.2,-1192921.5,-383310.6,-1192767.9,p0001_0002,1,2,-385000.05,-1191999.9,600.0
505,1032,L0_1024_s512,1024,512,0.15,153.6,76.8,-383387.25,-1192921.5,10239,5632,1024,1024,-383464.2,-1192998.2999999998,-383310.6,-1192844.7,p0001_0002,1,2,-385000.05,-1191999.9,600.0
506,1033,L0_1024_s512,1024,512,0.15,153.6,76.8,-383387.25,-1192998.3,10239,6144,1024,1024,-383464.2,-1193075.1,-383310.6,-1192921.5,p0001_0002,1,2,-385000.05,-1191999.9,600.0
507,1034,L0_1024_s512,1024,512,0.15,153.6,76.8,-383387.25,-1193075.1,10239,6656,1024,1024,-383464.2,-1193151.9,-383310.6,-1192998.2999999998,p0001_0002,1,2,-385000.05,-1191999.9,600.0
508,1035,L0_1024_s512,1024,512,0.15,153.6,76.8,-383387.25,-1193151.9,10239,7168,1024,1024,-383464.2,-1193228.7,-383310.6,-1193075.1,p0001_0002,1,2,-385000.05,-1191999.9,600.0
509,1036,L0_1024_s512,1024,512,0.15,153.6,76.8,-383387.25,-1193228.7,10239,7680,1024,1024,-383464.2,-1193305.5,-383310.6,-1193151.9,p0002_0002,2,2,-385000.05,-1191999.9,600.0
510,1037,L0_1024_s512,1024,512,0.15,153.6,76.8,-383387.25,-1193305.5,10239,8192,1024,1024,-383464.2,-1193382.2999999998,-383310.6,-1193228.7,p0002_0002,2,2,-385000.05,-1191999.9,600.0
511,1038,L0_1024_s512,1024,512,0.15,153.6,76.8,-383387.25,-1193382.3,10239,8704,1024,1024,-383464.2,-1193459.1,-383310.6,-1193305.5,p0002_0002,2,2,-385000.05,-1191999.9,600.0
512,1039,L0_1024_s512,1024,512,0.15,153.6,76.8,-383387.25,-1193459.1,10239,9216,1024,1024,-383464.2,-1193535.9,-383310.6,-1193382.2999999998,p0002_0002,2,2,-385000.05,-1191999.9,600.0
513,1040,L0_1024_s512,1024,512,0.15,153.6,76.8,-383387.25,-1193535.9,10239,9728,1024,1024,-383464.2,-1193612.7,-383310.6,-1193459.1,p0002_0002,2,2,-385000.05,-1191999.9,600.0
514,1041,L0_1024_s512,1024,512,0.15,153.6,76.8,-383387.25,-1193612.7,10239,10240,1024,1024,-383464.2,-1193689.5,-383310.6,-1193535.9,p0002_0002,2,2,-385000.05,-1191999.9,600.0
515,1042,L0_1024_s512,1024,512,0.15,153.6,76.8,-383387.25,-1193689.5,10239,10752,1024,1024,-383464.2,-1193766.2999999998,-383310.6,-1193612.7,p0002_0002,2,2,-385000.05,-1191999.9,600.0
516,1043,L0_1024_s512,1024,512,0.15,153.6,76.8,-383387.25,-1193766.3,10239,11264,1024,1024,-383464.2,-1193843.1,-383310.6,-1193689.5,p0002_0002,2,2,-385000.05,-1191999.9,600.0
517,1044,L0_1024_s512,1024,512,0.15,153.6,76.8,-383387.25,-1193843.1,10239,11776,1024,1024,-383464.2,-1193919.9,-383310.6,-1193766.2999999998,p0003_0002,3,2,-385000.05,-1191999.9,600.0
518,1045,L0_1024_s512,1024,512,0.15,153.6,76.8,-383387.25,-1193919.9,10239,12288,1024,1024,-383464.2,-1193996.7,-383310.6,-1193843.1,p0003_0002,3,2,-385000.05,-1191999.9,600.0
519,1046,L0_1024_s512,1024,512,0.15,153.6,76.8,-383387.25,-1193996.7,10239,12800,1024,1024,-383464.2,-1194073.5,-383310.6,-1193919.9,p0003_0002,3,2,-385000.05,-1191999.9,600.0
520,1072,L0_1024_s512,1024,512,0.15,153.6,76.8,-383310.45,-1192076.7,10751,0,1024,1024,-383387.4,-1192153.5,-383233.8,-1191999.9,p0000_0002,0,2,-385000.05,-1191999.9,600.0
521,1073,L0_1024_s512,1024,512,0.15,153.6,76.8,-383310.45,-1192153.5,10751,512,1024,1024,-383387.4,-1192230.2999999998,-383233.8,-1192076.7,p0000_0002,0,2,-385000.05,-1191999.9,600.0
522,1074,L0_1024_s512,1024,512,0.15,153.6,76.8,-383310.45,-1192230.3,10751,1024,1024,1024,-383387.4,-1192307.1,-383233.8,-1192153.5,p0000_0002,0,2,-385000.05,-1191999.9,600.0
523,1075,L0_1024_s512,1024,512,0.15,153.6,76.8,-383310.45,-1192307.1,10751,1536,1024,1024,-383387.4,-1192383.9,-383233.8,-1192230.2999999998,p0000_0002,0,2,-385000.05,-1191999.9,600.0
524,1076,L0_1024_s512,1024,512,0.15,153.6,76.8,-383310.45,-1192383.9,10751,2048,1024,1024,-383387.4,-1192460.7,-383233.8,-1192307.1,p0000_0002,0,2,-385000.05,-1191999.9,600.0
525,1077,L0_1024_s512,1024,512,0.15,153.6,76.8,-383310.45,-1192460.7,10751,2560,1024,1024,-383387.4,-1192537.5,-383233.8,-1192383.9,p0000_0002,0,2,-385000.05,-1191999.9,600.0
526,1078,L0_1024_s512,1024,512,0.15,153.6,76.8,-383310.45,-1192537.5,10751,3072,1024,1024,-383387.4,-1192614.2999999998,-383233.8,-1192460.7,p0000_0002,0,2,-385000.05,-1191999.9,600.0
527,1079,L0_1024_s512,1024,512,0.15,153.6,76.8,-383310.45,-1192614.3,10751,3584,1024,1024,-383387.4,-1192691.1,-383233.8,-1192537.5,p0001_0002,1,2,-385000.05,-1191999.9,600.0
528,1080,L0_1024_s512,1024,512,0.15,153.6,76.8,-383310.45,-1192691.1,10751,4096,1024,1024,-383387.4,-1192767.9,-383233.8,-1192614.2999999998,p0001_0002,1,2,-385000.05,-1191999.9,600.0
529,1081,L0_1024_s512,1024,512,0.15,153.6,76.8,-383310.45,-1192767.9,10751,4608,1024,1024,-383387.4,-1192844.7,-383233.8,-1192691.1,p0001_0002,1,2,-385000.05,-1191999.9,600.0
530,1082,L0_1024_s512,1024,512,0.15,153.6,76.8,-383310.45,-1192844.7,10751,5120,1024,1024,-383387.4,-1192921.5,-383233.8,-1192767.9,p0001_0002,1,2,-385000.05,-1191999.9,600.0
531,1083,L0_1024_s512,1024,512,0.15,153.6,76.8,-383310.45,-1192921.5,10751,5632,1024,1024,-383387.4,-1192998.2999999998,-383233.8,-1192844.7,p0001_0002,1,2,-385000.05,-1191999.9,600.0
532,1084,L0_1024_s512,1024,512,0.15,153.6,76.8,-383310.45,-1192998.3,10751,6144,1024,1024,-383387.4,-1193075.1,-383233.8,-1192921.5,p0001_0002,1,2,-385000.05,-1191999.9,600.0
533,1085,L0_1024_s512,1024,512,0.15,153.6,76.8,-383310.45,-1193075.1,10751,6656,1024,1024,-383387.4,-1193151.9,-383233.8,-1192998.2999999998,p0001_0002,1,2,-385000.05,-1191999.9,600.0
534,1086,L0_1024_s512,1024,512,0.15,153.6,76.8,-383310.45,-1193151.9,10751,7168,1024,1024,-383387.4,-1193228.7,-383233.8,-1193075.1,p0001_0002,1,2,-385000.05,-1191999.9,600.0
535,1087,L0_1024_s512,1024,512,0.15,153.6,76.8,-383310.45,-1193228.7,10751,7680,1024,1024,-383387.4,-1193305.5,-383233.8,-1193151.9,p0002_0002,2,2,-385000.05,-1191999.9,600.0
536,1088,L0_1024_s512,1024,512,0.15,153.6,76.8,-383310.45,-1193305.5,10751,8192,1024,1024,-383387.4,-1193382.2999999998,-383233.8,-1193228.7,p0002_0002,2,2,-385000.05,-1191999.9,600.0
537,1089,L0_1024_s512,1024,512,0.15,153.6,76.8,-383310.45,-1193382.3,10751,8704,1024,1024,-383387.4,-1193459.1,-383233.8,-1193305.5,p0002_0002,2,2,-385000.05,-1191999.9,600.0
538,1090,L0_1024_s512,1024,512,0.15,153.6,76.8,-383310.45,-1193459.1,10751,9216,1024,1024,-383387.4,-1193535.9,-383233.8,-1193382.2999999998,p0002_0002,2,2,-385000.05,-1191999.9,600.0
539,1091,L0_1024_s512,1024,512,0.15,153.6,76.8,-383310.45,-1193535.9,10751,9728,1024,1024,-383387.4,-1193612.7,-383233.8,-1193459.1,p0002_0002,2,2,-385000.05,-1191999.9,600.0
540,1092,L0_1024_s512,1024,512,0.15,153.6,76.8,-383310.45,-1193612.7,10751,10240,1024,1024,-383387.4,-1193689.5,-383233.8,-1193535.9,p0002_0002,2,2,-385000.05,-1191999.9,600.0
541,1093,L0_1024_s512,1024,512,0.15,153.6,76.8,-383310.45,-1193689.5,10751,10752,1024,1024,-383387.4,-1193766.2999999998,-383233.8,-1193612.7,p0002_0002,2,2,-385000.05,-1191999.9,600.0
542,1094,L0_1024_s512,1024,512,0.15,153.6,76.8,-383310.45,-1193766.3,10751,11264,1024,1024,-383387.4,-1193843.1,-383233.8,-1193689.5,p0002_0002,2,2,-385000.05,-1191999.9,600.0
543,1095,L0_1024_s512,1024,512,0.15,153.6,76.8,-383310.45,-1193843.1,10751,11776,1024,1024,-383387.4,-1193919.9,-383233.8,-1193766.2999999998,p0003_0002,3,2,-385000.05,-1191999.9,600.0
544,1096,L0_1024_s512,1024,512,0.15,153.6,76.8,-383310.45,-1193919.9,10751,12288,1024,1024,-383387.4,-1193996.7,-383233.8,-1193843.1,p0003_0002,3,2,-385000.05,-1191999.9,600.0
545,1097,L0_1024_s512,1024,512,0.15,153.6,76.8,-383310.45,-1193996.7,10751,12800,1024,1024,-383387.4,-1194073.5,-383233.8,-1193919.9,p0003_0002,3,2,-385000.05,-1191999.9,600.0
546,1123,L0_1024_s512,1024,512,0.15,153.6,76.8,-383233.65,-1192076.7,11263,0,1024,1024,-383310.6,-1192153.5,-383157.0,-1191999.9,p0000_0002,0,2,-385000.05,-1191999.9,600.0
547,1124,L0_1024_s512,1024,512,0.15,153.6,76.8,-383233.65,-1192153.5,11263,512,1024,1024,-383310.6,-1192230.2999999998,-383157.0,-1192076.7,p0000_0002,0,2,-385000.05,-1191999.9,600.0
548,1125,L0_1024_s512,1024,512,0.15,153.6,76.8,-383233.65,-1192230.3,11263,1024,1024,1024,-383310.6,-1192307.1,-383157.0,-1192153.5,p0000_0002,0,2,-385000.05,-1191999.9,600.0
549,1126,L0_1024_s512,1024,512,0.15,153.6,76.8,-383233.65,-1192307.1,11263,1536,1024,1024,-383310.6,-1192383.9,-383157.0,-1192230.2999999998,p0000_0002,0,2,-385000.05,-1191999.9,600.0
550,1127,L0_1024_s512,1024,512,0.15,153.6,76.8,-383233.65,-1192383.9,11263,2048,1024,1024,-383310.6,-1192460.7,-383157.0,-1192307.1,p0000_0002,0,2,-385000.05,-1191999.9,600.0
551,1128,L0_1024_s512,1024,512,0.15,153.6,76.8,-383233.65,-1192460.7,11263,2560,1024,1024,-383310.6,-1192537.5,-383157.0,-1192383.9,p0000_0002,0,2,-385000.05,-1191999.9,600.0
552,1129,L0_1024_s512,1024,512,0.15,153.6,76.8,-383233.65,-1192537.5,11263,3072,1024,1024,-383310.6,-1192614.2999999998,-383157.0,-1192460.7,p0000_0002,0,2,-385000.05,-1191999.9,600.0
553,1130,L0_1024_s512,1024,512,0.15,153.6,76.8,-383233.65,-1192614.3,11263,3584,1024,1024,-383310.6,-1192691.1,-383157.0,-1192537.5,p0001_0002,1,2,-385000.05,-1191999.9,600.0
554,1131,L0_1024_s512,1024,512,0.15,153.6,76.8,-383233.65,-1192691.1,11263,4096,1024,1024,-383310.6,-1192767.9,-383157.0,-1192614.2999999998,p0001_0002,1,2,-385000.05,-1191999.9,600.0
555,1132,L0_1024_s512,1024,512,0.15,153.6,76.8,-383233.65,-1192767.9,11263,4608,1024,1024,-383310.6,-1192844.7,-383157.0,-1192691.1,p0001_0002,1,2,-385000.05,-1191999.9,600.0
556,1133,L0_1024_s512,1024,512,0.15,153.6,76.8,-383233.65,-1192844.7,11263,5120,1024,1024,-383310.6,-1192921.5,-383157.0,-1192767.9,p0001_0002,1,2,-385000.05,-1191999.9,600.0
557,1134,L0_1024_s512,1024,512,0.15,153.6,76.8,-383233.65,-1192921.5,11263,5632,1024,1024,-383310.6,-1192998.2999999998,-383157.0,-1192844.7,p0001_0002,1,2,-385000.05,-1191999.9,600.0
558,1135,L0_1024_s512,1024,512,0.15,153.6,76.8,-383233.65,-1192998.3,11263,6144,1024,1024,-383310.6,-1193075.1,-383157.0,-1192921.5,p0001_0002,1,2,-385000.05,-1191999.9,600.0
559,1136,L0_1024_s512,1024,512,0.15,153.6,76.8,-383233.65,-1193075.1,11263,6656,1024,1024,-383310.6,-1193151.9,-383157.0,-1192998.2999999998,p0001_0002,1,2,-385000.05,-1191999.9,600.0
560,1137,L0_1024_s512,1024,512,0.15,153.6,76.8,-383233.65,-1193151.9,11263,7168,1024,1024,-383310.6,-1193228.7,-383157.0,-1193075.1,p0001_0002,1,2,-385000.05,-1191999.9,600.0
561,1138,L0_1024_s512,1024,512,0.15,153.6,76.8,-383233.65,-1193228.7,11263,7680,1024,1024,-383310.6,-1193305.5,-383157.0,-1193151.9,p0002_0002,2,2,-385000.05,-1191999.9,600.0
562,1139,L0_1024_s512,1024,512,0.15,153.6,76.8,-383233.65,-1193305.5,11263,8192,1024,1024,-383310.6,-1193382.2999999998,-383157.0,-1193228.7,p0002_0002,2,2,-385000.05,-1191999.9,600.0
563,1140,L0_1024_s512,1024,512,0.15,153.6,76.8,-383233.65,-1193382.3,11263,8704,1024,1024,-383310.6,-1193459.1,-383157.0,-1193305.5,p0002_0002,2,2,-385000.05,-1191999.9,600.0
564,1141,L0_1024_s512,1024,512,0.15,153.6,76.8,-383233.65,-1193459.1,11263,9216,1024,1024,-383310.6,-1193535.9,-383157.0,-1193382.2999999998,p0002_0002,2,2,-385000.05,-1191999.9,600.0
565,1142,L0_1024_s512,1024,512,0.15,153.6,76.8,-383233.65,-1193535.9,11263,9728,1024,1024,-383310.6,-1193612.7,-383157.0,-1193459.1,p0002_0002,2,2,-385000.05,-1191999.9,600.0
566,1143,L0_1024_s512,1024,512,0.15,153.6,76.8,-383233.65,-1193612.7,11263,10240,1024,1024,-383310.6,-1193689.5,-383157.0,-1193535.9,p0002_0002,2,2,-385000.05,-1191999.9,600.0
567,1144,L0_1024_s512,1024,512,0.15,153.6,76.8,-383233.65,-1193689.5,11263,10752,1024,1024,-383310.6,-1193766.2999999998,-383157.0,-1193612.7,p0002_0002,2,2,-385000.05,-1191999.9,600.0
568,1145,L0_1024_s512,1024,512,0.15,153.6,76.8,-383233.65,-1193766.3,11263,11264,1024,1024,-383310.6,-1193843.1,-383157.0,-1193689.5,p0002_0002,2,2,-385000.05,-1191999.9,600.0
569,1146,L0_1024_s512,1024,512,0.15,153.6,76.8,-383233.65,-1193843.1,11263,11776,1024,1024,-383310.6,-1193919.9,-383157.0,-1193766.2999999998,p0003_0002,3,2,-385000.05,-1191999.9,600.0
570,1147,L0_1024_s512,1024,512,0.15,153.6,76.8,-383233.65,-1193919.9,11263,12288,1024,1024,-383310.6,-1193996.7,-383157.0,-1193843.1,p0003_0002,3,2,-385000.05,-1191999.9,600.0
571,1148,L0_1024_s512,1024,512,0.15,153.6,76.8,-383233.65,-1193996.7,11263,12800,1024,1024,-383310.6,-1194073.5,-383157.0,-1193919.9,p0003_0002,3,2,-385000.05,-1191999.9,600.0
572,1174,L0_1024_s512,1024,512,0.15,153.6,76.8,-383156.85,-1192076.7,11776,0,1024,1024,-383233.65,-1192153.5,-383080.05,-1191999.9,p0000_0003,0,3,-385000.05,-1191999.9,600.0
573,1175,L0_1024_s512,1024,512,0.15,153.6,76.8,-383156.85,-1192153.5,11776,512,1024,1024,-383233.65,-1192230.2999999998,-383080.05,-1192076.7,p0000_0003,0,3,-385000.05,-1191999.9,600.0
574,1176,L0_1024_s512,1024,512,0.15,153.6,76.8,-383156.85,-1192230.3,11776,1024,1024,1024,-383233.65,-1192307.1,-383080.05,-1192153.5,p0000_0003,0,3,-385000.05,-1191999.9,600.0
575,1177,L0_1024_s512,1024,512,0.15,153.6,76.8,-383156.85,-1192307.1,11776,1536,1024,1024,-383233.65,-1192383.9,-383080.05,-1192230.2999999998,p0000_0003,0,3,-385000.05,-1191999.9,600.0
576,1178,L0_1024_s512,1024,512,0.15,153.6,76.8,-383156.85,-1192383.9,11776,2048,1024,1024,-383233.65,-1192460.7,-383080.05,-1192307.1,p0000_0003,0,3,-385000.05,-1191999.9,600.0
577,1179,L0_1024_s512,1024,512,0.15,153.6,76.8,-383156.85,-1192460.7,11776,2560,1024,1024,-383233.65,-1192537.5,-383080.05,-1192383.9,p0000_0003,0,3,-385000.05,-1191999.9,600.0
578,1180,L0_1024_s512,1024,512,0.15,153.6,76.8,-383156.85,-1192537.5,11776,3072,1024,1024,-383233.65,-1192614.2999999998,-383080.05,-1192460.7,p0000_0003,0,3,-385000.05,-1191999.9,600.0
579,1181,L0_1024_s512,1024,512,0.15,153.6,76.8,-383156.85,-1192614.3,11776,3584,1024,1024,-383233.65,-1192691.1,-383080.05,-1192537.5,p0001_0003,1,3,-385000.05,-1191999.9,600.0
580,1182,L0_1024_s512,1024,512,0.15,153.6,76.8,-383156.85,-1192691.1,11776,4096,1024,1024,-383233.65,-1192767.9,-383080.05,-1192614.2999999998,p0001_0003,1,3,-385000.05,-1191999.9,600.0
581,1183,L0_1024_s512,1024,512,0.15,153.6,76.8,-383156.85,-1192767.9,11776,4608,1024,1024,-383233.65,-1192844.7,-383080.05,-1192691.1,p0001_0003,1,3,-385000.05,-1191999.9,600.0
582,1184,L0_1024_s512,1024,512,0.15,153.6,76.8,-383156.85,-1192844.7,11776,5120,1024,1024,-383233.65,-1192921.5,-383080.05,-1192767.9,p0001_0003,1,3,-385000.05,-1191999.9,600.0
583,1185,L0_1024_s512,1024,512,0.15,153.6,76.8,-383156.85,-1192921.5,11776,5632,1024,1024,-383233.65,-1192998.2999999998,-383080.05,-1192844.7,p0001_0003,1,3,-385000.05,-1191999.9,600.0
584,1186,L0_1024_s512,1024,512,0.15,153.6,76.8,-383156.85,-1192998.3,11776,6144,1024,1024,-383233.65,-1193075.1,-383080.05,-1192921.5,p0001_0003,1,3,-385000.05,-1191999.9,600.0
585,1187,L0_1024_s512,1024,512,0.15,153.6,76.8,-383156.85,-1193075.1,11776,6656,1024,1024,-383233.65,-1193151.9,-383080.05,-1192998.2999999998,p0001_0003,1,3,-385000.05,-1191999.9,600.0
586,1188,L0_1024_s512,1024,512,0.15,153.6,76.8,-383156.85,-1193151.9,11776,7168,1024,1024,-383233.65,-1193228.7,-383080.05,-1193075.1,p0001_0003,1,3,-385000.05,-1191999.9,600.0
587,1189,L0_1024_s512,1024,512,0.15,153.6,76.8,-383156.85,-1193228.7,11776,7680,1024,1024,-383233.65,-1193305.5,-383080.05,-1193151.9,p0002_0003,2,3,-385000.05,-1191999.9,600.0
588,1190,L0_1024_s512,1024,512,0.15,153.6,76.8,-383156.85,-1193305.5,11776,8192,1024,1024,-383233.65,-1193382.2999999998,-383080.05,-1193228.7,p0002_0003,2,3,-385000.05,-1191999.9,600.0
589,1191,L0_1024_s512,1024,512,0.15,153.6,76.8,-383156.85,-1193382.3,11776,8704,1024,1024,-383233.65,-1193459.1,-383080.05,-1193305.5,p0002_0003,2,3,-385000.05,-1191999.9,600.0
590,1192,L0_1024_s512,1024,512,0.15,153.6,76.8,-383156.85,-1193459.1,11776,9216,1024,1024,-383233.65,-1193535.9,-383080.05,-1193382.2999999998,p0002_0003,2,3,-385000.05,-1191999.9,600.0
591,1193,L0_1024_s512,1024,512,0.15,153.6,76.8,-383156.85,-1193535.9,11776,9728,1024,1024,-383233.65,-1193612.7,-383080.05,-1193459.1,p0002_0003,2,3,-385000.05,-1191999.9,600.0
592,1194,L0_1024_s512,1024,512,0.15,153.6,76.8,-383156.85,-1193612.7,11776,10240,1024,1024,-383233.65,-1193689.5,-383080.05,-1193535.9,p0002_0003,2,3,-385000.05,-1191999.9,600.0
593,1195,L0_1024_s512,1024,512,0.15,153.6,76.8,-383156.85,-1193689.5,11776,10752,1024,1024,-383233.65,-1193766.2999999998,-383080.05,-1193612.7,p0002_0003,2,3,-385000.05,-1191999.9,600.0
594,1196,L0_1024_s512,1024,512,0.15,153.6,76.8,-383156.85,-1193766.3,11776,11264,1024,1024,-383233.65,-1193843.1,-383080.05,-1193689.5,p0002_0003,2,3,-385000.05,-1191999.9,600.0
595,1197,L0_1024_s512,1024,512,0.15,153.6,76.8,-383156.85,-1193843.1,11776,11776,1024,1024,-383233.65,-1193919.9,-383080.05,-1193766.2999999998,p0003_0003,3,3,-385000.05,-1191999.9,600.0
596,1198,L0_1024_s512,1024,512,0.15,153.6,76.8,-383156.85,-1193919.9,11776,12288,1024,1024,-383233.65,-1193996.7,-383080.05,-1193843.1,p0003_0003,3,3,-385000.05,-1191999.9,600.0
597,1199,L0_1024_s512,1024,512,0.15,153.6,76.8,-383156.85,-1193996.7,11776,12800,1024,1024,-383233.65,-1194073.5,-383080.05,-1193919.9,p0003_0003,3,3,-385000.05,-1191999.9,600.0
598,1250,L0_1024_s512,1024,512,0.15,153.6,76.8,-383080.05,-1193996.7,12288,12800,1024,1024,-383156.85,-1194073.5,-383003.25,-1193919.9,p0003_0003,3,3,-385000.05,-1191999.9,600.0
599,1249,L0_1024_s512,1024,512,0.15,153.6,76.8,-383080.05,-1193919.9,12288,12288,1024,1024,-383156.85,-1193996.7,-383003.25,-1193843.1,p0003_0003,3,3,-385000.05,-1191999.9,600.0
600,1248,L0_1024_s512,1024,512,0.15,153.6,76.8,-383080.05,-1193843.1,12288,11776,1024,1024,-383156.85,-1193919.9,-383003.25,-1193766.2999999998,p0003_0003,3,3,-385000.05,-1191999.9,600.0
601,1247,L0_1024_s512,1024,512,0.15,153.6,76.8,-383080.05,-1193766.3,12288,11264,1024,1024,-383156.85,-1193843.1,-383003.25,-1193689.5,p0002_0003,2,3,-385000.05,-1191999.9,600.0
602,1246,L0_1024_s512,1024,512,0.15,153.6,76.8,-383080.05,-1193689.5,12288,10752,1024,1024,-383156.85,-1193766.2999999998,-383003.25,-1193612.7,p0002_0003,2,3,-385000.05,-1191999.9,600.0
603,1245,L0_1024_s512,1024,512,0.15,153.6,76.8,-383080.05,-1193612.7,12288,10240,1024,1024,-383156.85,-1193689.5,-383003.25,-1193535.9,p0002_0003,2,3,-385000.05,-1191999.9,600.0
604,1244,L0_1024_s512,1024,512,0.15,153.6,76.8,-383080.05,-1193535.9,12288,9728,1024,1024,-383156.85,-1193612.7,-383003.25,-1193459.1,p0002_0003,2,3,-385000.05,-1191999.9,600.0
605,1243,L0_1024_s512,1024,512,0.15,153.6,76.8,-383080.05,-1193459.1,12288,9216,1024,1024,-383156.85,-1193535.9,-383003.25,-1193382.2999999998,p0002_0003,2,3,-385000.05,-1191999.9,600.0
606,1242,L0_1024_s512,1024,512,0.15,153.6,76.8,-383080.05,-1193382.3,12288,8704,1024,1024,-383156.85,-1193459.1,-383003.25,-1193305.5,p0002_0003,2,3,-385000.05,-1191999.9,600.0
607,1241,L0_1024_s512,1024,512,0.15,153.6,76.8,-383080.05,-1193305.5,12288,8192,1024,1024,-383156.85,-1193382.2999999998,-383003.25,-1193228.7,p0002_0003,2,3,-385000.05,-1191999.9,600.0
608,1240,L0_1024_s512,1024,512,0.15,153.6,76.8,-383080.05,-1193228.7,12288,7680,1024,1024,-383156.85,-1193305.5,-383003.25,-1193151.9,p0002_0003,2,3,-385000.05,-1191999.9,600.0
609,1291,L0_1024_s512,1024,512,0.15,153.6,76.8,-383003.25,-1193228.7,12799,7680,1024,1024,-383080.2,-1193305.5,-382926.6,-1193151.9,p0002_0003,2,3,-385000.05,-1191999.9,600.0
610,1239,L0_1024_s512,1024,512,0.15,153.6,76.8,-383080.05,-1193151.9,12288,7168,1024,1024,-383156.85,-1193228.7,-383003.25,-1193075.1,p0001_0003,1,3,-385000.05,-1191999.9,600.0
611,1290,L0_1024_s512,1024,512,0.15,153.6,76.8,-383003.25,-1193151.9,12799,7168,1024,1024,-383080.2,-1193228.7,-382926.6,-1193075.1,p0001_0003,1,3,-385000.05,-1191999.9,600.0
612,1238,L0_1024_s512,1024,512,0.15,153.6,76.8,-383080.05,-1193075.1,12288,6656,1024,1024,-383156.85,-1193151.9,-383003.25,-1192998.2999999998,p0001_0003,1,3,-385000.05,-1191999.9,600.0
613,1289,L0_1024_s512,1024,512,0.15,153.6,76.8,-383003.25,-1193075.1,12799,6656,1024,1024,-383080.2,-1193151.9,-382926.6,-1192998.2999999998,p0001_0003,1,3,-385000.05,-1191999.9,600.0
614,1288,L0_1024_s512,1024,512,0.15,153.6,76.8,-383003.25,-1192998.3,12799,6144,1024,1024,-383080.2,-1193075.1,-382926.6,-1192921.5,p0001_0003,1,3,-385000.05,-1191999.9,600.0
615,1237,L0_1024_s512,1024,512,0.15,153.6,76.8,-383080.05,-1192998.3,12288,6144,1024,1024,-383156.85,-1193075.1,-383003.25,-1192921.5,p0001_0003,1,3,-385000.05,-1191999.9,600.0
616,1236,L0_1024_s512,1024,512,0.15,153.6,76.8,-383080.05,-1192921.5,12288,5632,1024,1024,-383156.85,-1192998.2999999998,-383003.25,-1192844.7,p0001_0003,1,3,-385000.05,-1191999.9,600.0
617,1287,L0_1024_s512,1024,512,0.15,153.6,76.8,-383003.25,-1192921.5,12799,5632,1024,1024,-383080.2,-1192998.2999999998,-382926.6,-1192844.7,p0001_0003,1,3,-385000.05,-1191999.9,600.0
618,1235,L0_1024_s512,1024,512,0.15,153.6,76.8,-383080.05,-1192844.7,12288,5120,1024,1024,-383156.85,-1192921.5,-383003.25,-1192767.9,p0001_0003,1,3,-385000.05,-1191999.9,600.0
619,1234,L0_1024_s512,1024,512,0.15,153.6,76.8,-383080.05,-1192767.9,12288,4608,1024,1024,-383156.85,-1192844.7,-383003.25,-1192691.1,p0001_0003,1,3,-385000.05,-1191999.9,600.0
620,1233,L0_1024_s512,1024,512,0.15,153.6,76.8,-383080.05,-1192691.1,12288,4096,1024,1024,-383156.85,-1192767.9,-383003.25,-1192614.2999999998,p0001_0003,1,3,-385000.05,-1191999.9,600.0
621,1232,L0_1024_s512,1024,512,0.15,153.6,76.8,-383080.05,-1192614.3,12288,3584,1024,1024,-383156.85,-1192691.1,-383003.25,-1192537.5,p0001_0003,1,3,-385000.05,-1191999.9,600.0
622,1284,L0_1024_s512,1024,512,0.15,153.6,76.8,-383003.25,-1192691.1,12799,4096,1024,1024,-383080.2,-1192767.9,-382926.6,-1192614.2999999998,p0001_0003,1,3,-385000.05,-1191999.9,600.0
623,1286,L0_1024_s512,1024,512,0.15,153.6,76.8,-383003.25,-1192844.7,12799,5120,1024,1024,-383080.2,-1192921.5,-382926.6,-1192767.9,p0001_0003,1,3,-385000.05,-1191999.9,600.0
624,1285,L0_1024_s512,1024,512,0.15,153.6,76.8,-383003.25,-1192767.9,12799,4608,1024,1024,-383080.2,-1192844.7,-382926.6,-1192691.1,p0001_0003,1,3,-385000.05,-1191999.9,600.0
625,1283,L0_1024_s512,1024,512,0.15,153.6,76.8,-383003.25,-1192614.3,12799,3584,1024,1024,-383080.2,-1192691.1,-382926.6,-1192537.5,p0001_0003,1,3,-385000.05,-1191999.9,600.0
626,1231,L0_1024_s512,1024,512,0.15,153.6,76.8,-383080.05,-1192537.5,12288,3072,1024,1024,-383156.85,-1192614.2999999998,-383003.25,-1192460.7,p0000_0003,0,3,-385000.05,-1191999.9,600.0
627,1230,L0_1024_s512,1024,512,0.15,153.6,76.8,-383080.05,-1192460.7,12288,2560,1024,1024,-383156.85,-1192537.5,-383003.25,-1192383.9,p0000_0003,0,3,-385000.05,-1191999.9,600.0
628,1229,L0_1024_s512,1024,512,0.15,153.6,76.8,-383080.05,-1192383.9,12288,2048,1024,1024,-383156.85,-1192460.7,-383003.25,-1192307.1,p0000_0003,0,3,-385000.05,-1191999.9,600.0
629,1282,L0_1024_s512,1024,512,0.15,153.6,76.8,-383003.25,-1192537.5,12799,3072,1024,1024,-383080.2,-1192614.2999999998,-382926.6,-1192460.7,p0000_0003,0,3,-385000.05,-1191999.9,600.0
630,1281,L0_1024_s512,1024,512,0.15,153.6,76.8,-383003.25,-1192460.7,12799,2560,1024,1024,-383080.2,-1192537.5,-382926.6,-1192383.9,p0000_0003,0,3,-385000.05,-1191999.9,600.0
631,1280,L0_1024_s512,1024,512,0.15,153.6,76.8,-383003.25,-1192383.9,12799,2048,1024,1024,-383080.2,-1192460.7,-382926.6,-1192307.1,p0000_0003,0,3,-385000.05,-1191999.9,600.0
632,1228,L0_1024_s512,1024,512,0.15,153.6,76.8,-383080.05,-1192307.1,12288,1536,1024,1024,-383156.85,-1192383.9,-383003.25,-1192230.2999999998,p0000_0003,0,3,-385000.05,-1191999.9,600.0
633,1227,L0_1024_s512,1024,512,0.15,153.6,76.8,-383080.05,-1192230.3,12288,1024,1024,1024,-383156.85,-1192307.1,-383003.25,-1192153.5,p0000_0003,0,3,-385000.05,-1191999.9,600.0
634,1226,L0_1024_s512,1024,512,0.15,153.6,76.8,-383080.05,-1192153.5,12288,512,1024,1024,-383156.85,-1192230.2999999998,-383003.25,-1192076.7,p0000_0003,0,3,-385000.05,-1191999.9,600.0
635,1225,L0_1024_s512,1024,512,0.15,153.6,76.8,-383080.05,-1192076.7,12288,0,1024,1024,-383156.85,-1192153.5,-383003.25,-1191999.9,p0000_0003,0,3,-385000.05,-1191999.9,600.0
636,1279,L0_1024_s512,1024,512,0.15,153.6,76.8,-383003.25,-1192307.1,12799,1536,1024,1024,-383080.2,-1192383.9,-382926.6,-1192230.2999999998,p0000_0003,0,3,-385000.05,-1191999.9,600.0
637,1278,L0_1024_s512,1024,512,0.15,153.6,76.8,-383003.25,-1192230.3,12799,1024,1024,1024,-383080.2,-1192307.1,-382926.6,-1192153.5,p0000_0003,0,3,-385000.05,-1191999.9,600.0
638,1277,L0_1024_s512,1024,512,0.15,153.6,76.8,-383003.25,-1192153.5,12799,512,1024,1024,-383080.2,-1192230.2999999998,-382926.6,-1192076.7,p0000_0003,0,3,-385000.05,-1191999.9,600.0
639,1276,L0_1024_s512,1024,512,0.15,153.6,76.8,-383003.25,-1192076.7,12799,0,1024,1024,-383080.2,-1192153.5,-382926.6,-1191999.9,p0000_0003,0,3,-385000.05,-1191999.9,600.0
640,1301,L0_1024_s512,1024,512,0.15,153.6,76.8,-383003.25,-1193996.7,12799,12800,1024,1024,-383080.2,-1194073.5,-382926.6,-1193919.9,p0003_0003,3,3,-385000.05,-1191999.9,600.0
641,1300,L0_1024_s512,1024,512,0.15,153.6,76.8,-383003.25,-1193919.9,12799,12288,1024,1024,-383080.2,-1193996.7,-382926.6,-1193843.1,p0003_0003,3,3,-385000.05,-1191999.9,600.0
642,1299,L0_1024_s512,1024,512,0.15,153.6,76.8,-383003.25,-1193843.1,12799,11776,1024,1024,-383080.2,-1193919.9,-382926.6,-1193766.2999999998,p0003_0003,3,3,-385000.05,-1191999.9,600.0
643,1298,L0_1024_s512,1024,512,0.15,153.6,76.8,-383003.25,-1193766.3,12799,11264,1024,1024,-383080.2,-1193843.1,-382926.6,-1193689.5,p0002_0003,2,3,-385000.05,-1191999.9,600.0
644,1297,L0_1024_s512,1024,512,0.15,153.6,76.8,-383003.25,-1193689.5,12799,10752,1024,1024,-383080.2,-1193766.2999999998,-382926.6,-1193612.7,p0002_0003,2,3,-385000.05,-1191999.9,600.0
645,1296,L0_1024_s512,1024,512,0.15,153.6,76.8,-383003.25,-1193612.7,12799,10240,1024,1024,-383080.2,-1193689.5,-382926.6,-1193535.9,p0002_0003,2,3,-385000.05,-1191999.9,600.0
646,1295,L0_1024_s512,1024,512,0.15,153.6,76.8,-383003.25,-1193535.9,12799,9728,1024,1024,-383080.2,-1193612.7,-382926.6,-1193459.1,p0002_0003,2,3,-385000.05,-1191999.9,600.0
647,1294,L0_1024_s512,1024,512,0.15,153.6,76.8,-383003.25,-1193459.1,12799,9216,1024,1024,-383080.2,-1193535.9,-382926.6,-1193382.2999999998,p0002_0003,2,3,-385000.05,-1191999.9,600.0
648,1293,L0_1024_s512,1024,512,0.15,153.6,76.8,-383003.25,-1193382.3,12799,8704,1024,1024,-383080.2,-1193459.1,-382926.6,-1193305.5,p0002_0003,2,3,-385000.05,-1191999.9,600.0
649,1292,L0_1024_s512,1024,512,0.15,153.6,76.8,-383003.25,-1193305.5,12799,8192,1024,1024,-383080.2,-1193382.2999999998,-382926.6,-1193228.7,p0002_0003,2,3,-385000.05,-1191999.9,600.0
650,129,L0_1024_s512,1024,512,0.15,153.6,76.8,-384769.65,-1194073.5,1023,13312,1024,1024,-384846.6,-1194150.2999999998,-384693.0,-1193996.7,p0003_0000,3,0,-385000.05,-1191999.9,600.0
651,130,L0_1024_s512,1024,512,0.15,153.6,76.8,-384769.65,-1194150.3,1023,13824,1024,1024,-384846.6,-1194227.1,-384693.0,-1194073.5,p0003_0000,3,0,-385000.05,-1191999.9,600.0
652,131,L0_1024_s512,1024,512,0.15,153.6,76.8,-384769.65,-1194227.1,1023,14336,1024,1024,-384846.6,-1194303.9,-384693.0,-1194150.2999999998,p0003_0000,3,0,-385000.05,-1191999.9,600.0
653,132,L0_1024_s512,1024,512,0.15,153.6,76.8,-384769.65,-1194303.9,1023,14848,1024,1024,-384846.6,-1194380.7,-384693.0,-1194227.1,p0003_0000,3,0,-385000.05,-1191999.9,600.0
654,133,L0_1024_s512,1024,512,0.15,153.6,76.8,-384769.65,-1194380.7,1023,15360,1024,1024,-384846.6,-1194457.5,-384693.0,-1194303.9,p0003_0000,3,0,-385000.05,-1191999.9,600.0
655,134,L0_1024_s512,1024,512,0.15,153.6,76.8,-384769.65,-1194457.5,1023,15872,1024,1024,-384846.6,-1194534.2999999998,-384693.0,-1194380.7,p0004_0000,4,0,-385000.05,-1191999.9,600.0
656,135,L0_1024_s512,1024,512,0.15,153.6,76.8,-384769.65,-1194534.3,1023,16384,1024,1024,-384846.6,-1194611.1,-384693.0,-1194457.5,p0004_0000,4,0,-385000.05,-1191999.9,600.0
657,136,L0_1024_s512,1024,512,0.15,153.6,76.8,-384769.65,-1194611.1,1023,16896,1024,1024,-384846.6,-1194687.9,-384693.0,-1194534.2999999998,p0004_0000,4,0,-385000.05,-1191999.9,600.0
658,137,L0_1024_s512,1024,512,0.15,153.6,76.8,-384769.65,-1194687.9,1023,17408,1024,1024,-384846.6,-1194764.7,-384693.0,-1194611.1,p0004_0000,4,0,-385000.05,-1191999.9,600.0
659,138,L0_1024_s512,1024,512,0.15,153.6,76.8,-384769.65,-1194764.7,1023,17920,1024,1024,-384846.6,-1194841.5,-384693.0,-1194687.9,p0004_0000,4,0,-385000.05,-1191999.9,600.0
660,139,L0_1024_s512,1024,512,0.15,153.6,76.8,-384769.65,-1194841.5,1023,18432,1024,1024,-384846.6,-1194918.2999999998,-384693.0,-1194764.7,p0004_0000,4,0,-385000.05,-1191999.9,600.0
661,140,L0_1024_s512,1024,512,0.15,153.6,76.8,-384769.65,-1194918.3,1023,18944,1024,1024,-384846.6,-1194995.1,-384693.0,-1194841.5,p0004_0000,4,0,-385000.05,-1191999.9,600.0
662,141,L0_1024_s512,1024,512,0.15,153.6,76.8,-384769.65,-1194995.1,1023,19456,1024,1024,-384846.6,-1195071.9,-384693.0,-1194918.2999999998,p0004_0000,4,0,-385000.05,-1191999.9,600.0
663,142,L0_1024_s512,1024,512,0.15,153.6,76.8,-384769.65,-1195071.9,1023,19968,1024,1024,-384846.6,-1195148.7,-384693.0,-1194995.1,p0005_0000,5,0,-385000.05,-1191999.9,600.0
664,143,L0_1024_s512,1024,512,0.15,153.6,76.8,-384769.65,-1195148.7,1023,20480,1024,1024,-384846.6,-1195225.5,-384693.0,-1195071.9,p0005_0000,5,0,-385000.05,-1191999.9,600.0
665,144,L0_1024_s512,1024,512,0.15,153.6,76.8,-384769.65,-1195225.5,1023,20992,1024,1024,-384846.6,-1195302.2999999998,-384693.0,-1195148.7,p0005_0000,5,0,-385000.05,-1191999.9,600.0
666,145,L0_1024_s512,1024,512,0.15,153.6,76.8,-384769.65,-1195302.3,1023,21504,1024,1024,-384846.6,-1195379.1,-384693.0,-1195225.5,p0005_0000,5,0,-385000.05,-1191999.9,600.0
667,146,L0_1024_s512,1024,512,0.15,153.6,76.8,-384769.65,-1195379.1,1023,22016,1024,1024,-384846.6,-1195455.9,-384693.0,-1195302.2999999998,p0005_0000,5,0,-385000.05,-1191999.9,600.0
668,147,L0_1024_s512,1024,512,0.15,153.6,76.8,-384769.65,-1195455.9,1023,22528,1024,1024,-384846.6,-1195532.7,-384693.0,-1195379.1,p0005_0000,5,0,-385000.05,-1191999.9,600.0
669,148,L0_1024_s512,1024,512,0.15,153.6,76.8,-384769.65,-1195532.7,1023,23040,1024,1024,-384846.6,-1195609.5,-384693.0,-1195455.9,p0005_0000,5,0,-385000.05,-1191999.9,600.0
670,149,L0_1024_s512,1024,512,0.15,153.6,76.8,-384769.65,-1195609.5,1023,23552,1024,1024,-384846.6,-1195686.2999999998,-384693.0,-1195532.7,p0006_0000,6,0,-385000.05,-1191999.9,600.0
671,150,L0_1024_s512,1024,512,0.15,153.6,76.8,-384769.65,-1195686.3,1023,24064,1024,1024,-384846.6,-1195763.1,-384693.0,-1195609.5,p0006_0000,6,0,-385000.05,-1191999.9,600.0
672,151,L0_1024_s512,1024,512,0.15,153.6,76.8,-384769.65,-1195763.1,1023,24576,1024,1024,-384846.6,-1195839.9,-384693.0,-1195686.2999999998,p0006_0000,6,0,-385000.05,-1191999.9,600.0
673,152,L0_1024_s512,1024,512,0.15,153.6,76.8,-384769.65,-1195839.9,1023,25088,1024,1024,-384846.6,-1195916.7,-384693.0,-1195763.1,p0006_0000,6,0,-385000.05,-1191999.9,600.0
674,153,L0_1024_s512,1024,512,0.15,153.6,76.8,-384769.65,-1195916.7,1023,25600,1024,1024,-384846.6,-1195993.5,-384693.0,-1195839.9,p0006_0000,6,0,-385000.05,-1191999.9,600.0
675,87,L0_1024_s512,1024,512,0.15,153.6,76.8,-384846.45,-1194764.7,511,17920,1024,1024,-384923.4,-1194841.5,-384769.8,-1194687.9,p0004_0000,4,0,-385000.05,-1191999.9,600.0
676,86,L0_1024_s512,1024,512,0.15,153.6,76.8,-384846.45,-1194687.9,511,17408,1024,1024,-384923.4,-1194764.7,-384769.8,-1194611.1,p0004_0000,4,0,-385000.05,-1191999.9,600.0
677,85,L0_1024_s512,1024,512,0.15,153.6,76.8,-384846.45,-1194611.1,511,16896,1024,1024,-384923.4,-1194687.9,-384769.8,-1194534.2999999998,p0004_0000,4,0,-385000.05,-1191999.9,600.0
678,84,L0_1024_s512,1024,512,0.15,153.6,76.8,-384846.45,-1194534.3,511,16384,1024,1024,-384923.4,-1194611.1,-384769.8,-1194457.5,p0004_0000,4,0,-385000.05,-1191999.9,600.0
679,83,L0_1024_s512,1024,512,0.15,153.6,76.8,-384846.45,-1194457.5,511,15872,1024,1024,-384923.4,-1194534.2999999998,-384769.8,-1194380.7,p0004_0000,4,0,-385000.05,-1191999.9,600.0
680,82,L0_1024_s512,1024,512,0.15,153.6,76.8,-384846.45,-1194380.7,511,15360,1024,1024,-384923.4,-1194457.5,-384769.8,-1194303.9,p0003_0000,3,0,-385000.05,-1191999.9,600.0
681,81,L0_1024_s512,1024,512,0.15,153.6,76.8,-384846.45,-1194303.9,511,14848,1024,1024,-384923.4,-1194380.7,-384769.8,-1194227.1,p0003_0000,3,0,-385000.05,-1191999.9,600.0
682,80,L0_1024_s512,1024,512,0.15,153.6,76.8,-384846.45,-1194227.1,511,14336,1024,1024,-384923.4,-1194303.9,-384769.8,-1194150.2999999998,p0003_0000,3,0,-385000.05,-1191999.9,600.0
683,79,L0_1024_s512,1024,512,0.15,153.6,76.8,-384846.45,-1194150.3,511,13824,1024,1024,-384923.4,-1194227.1,-384769.8,-1194073.5,p0003_0000,3,0,-385000.05,-1191999.9,600.0
684,78,L0_1024_s512,1024,512,0.15,153.6,76.8,-384846.45,-1194073.5,511,13312,1024,1024,-384923.4,-1194150.2999999998,-384769.8,-1193996.7,p0003_0000,3,0,-385000.05,-1191999.9,600.0
685,88,L0_1024_s512,1024,512,0.15,153.6,76.8,-384846.45,-1194841.5,511,18432,1024,1024,-384923.4,-1194918.2999999998,-384769.8,-1194764.7,p0004_0000,4,0,-385000.05,-1191999.9,600.0
686,89,L0_1024_s512,1024,512,0.15,153.6,76.8,-384846.45,-1194918.3,511,18944,1024,1024,-384923.4,-1194995.1,-384769.8,-1194841.5,p0004_0000,4,0,-385000.05,-1191999.9,600.0
687,90,L0_1024_s512,1024,512,0.15,153.6,76.8,-384846.45,-1194995.1,511,19456,1024,1024,-384923.4,-1195071.9,-384769.8,-1194918.2999999998,p0004_0000,4,0,-385000.05,-1191999.9,600.0
688,91,L0_1024_s512,1024,512,0.15,153.6,76.8,-384846.45,-1195071.9,511,19968,1024,1024,-384923.4,-1195148.7,-384769.8,-1194995.1,p0005_0000,5,0,-385000.05,-1191999.9,600.0
689,92,L0_1024_s512,1024,512,0.15,153.6,76.8,-384846.45,-1195148.7,511,20480,1024,1024,-384923.4,-1195225.5,-384769.8,-1195071.9,p0005_0000,5,0,-385000.05,-1191999.9,600.0
690,93,L0_1024_s512,1024,512,0.15,153.6,76.8,-384846.45,-1195225.5,511,20992,1024,1024,-384923.4,-1195302.2999999998,-384769.8,-1195148.7,p0005_0000,5,0,-385000.05,-1191999.9,600.0
691,94,L0_1024_s512,1024,512,0.15,153.6,76.8,-384846.45,-1195302.3,511,21504,1024,1024,-384923.4,-1195379.1,-384769.8,-1195225.5,p0005_0000,5,0,-385000.05,-1191999.9,600.0
692,95,L0_1024_s512,1024,512,0.15,153.6,76.8,-384846.45,-1195379.1,511,22016,1024,1024,-384923.4,-1195455.9,-384769.8,-1195302.2999999998,p0005_0000,5,0,-385000.05,-1191999.9,600.0
693,96,L0_1024_s512,1024,512,0.15,153.6,76.8,-384846.45,-1195455.9,511,22528,1024,1024,-384923.4,-1195532.7,-384769.8,-1195379.1,p0005_0000,5,0,-385000.05,-1191999.9,600.0
694,97,L0_1024_s512,1024,512,0.15,153.6,76.8,-384846.45,-1195532.7,511,23040,1024,1024,-384923.4,-1195609.5,-384769.8,-1195455.9,p0005_0000,5,0,-385000.05,-1191999.9,600.0
695,98,L0_1024_s512,1024,512,0.15,153.6,76.8,-384846.45,-1195609.5,511,23552,1024,1024,-384923.4,-1195686.2999999998,-384769.8,-1195532.7,p0006_0000,6,0,-385000.05,-1191999.9,600.0
696,99,L0_1024_s512,1024,512,0.15,153.6,76.8,-384846.45,-1195686.3,511,24064,1024,1024,-384923.4,-1195763.1,-384769.8,-1195609.5,p0006_0000,6,0,-385000.05,-1191999.9,600.0
697,100,L0_1024_s512,1024,512,0.15,153.6,76.8,-384846.45,-1195763.1,511,24576,1024,1024,-384923.4,-1195839.9,-384769.8,-1195686.2999999998,p0006_0000,6,0,-385000.05,-1191999.9,600.0
698,101,L0_1024_s512,1024,512,0.15,153.6,76.8,-384846.45,-1195839.9,511,25088,1024,1024,-384923.4,-1195916.7,-384769.8,-1195763.1,p0006_0000,6,0,-385000.05,-1191999.9,600.0
699,102,L0_1024_s512,1024,512,0.15,153.6,76.8,-384846.45,-1195916.7,511,25600,1024,1024,-384923.4,-1195993.5,-384769.8,-1195839.9,p0006_0000,6,0,-385000.05,-1191999.9,600.0
700,200,L0_1024_s512,1024,512,0.15,153.6,76.8,-384692.85,-1195609.5,1536,23552,1024,1024,-384769.65,-1195686.2999999998,-384616.05,-1195532.7,p0006_0000,6,0,-385000.05,-1191999.9,600.0
701,199,L0_1024_s512,1024,512,0.15,153.6,76.8,-384692.85,-1195532.7,1536,23040,1024,1024,-384769.65,-1195609.5,-384616.05,-1195455.9,p0005_0000,5,0,-385000.05,-1191999.9,600.0
702,198,L0_1024_s512,1024,512,0.15,153.6,76.8,-384692.85,-1195455.9,1536,22528,1024,1024,-384769.65,-1195532.7,-384616.05,-1195379.1,p0005_0000,5,0,-385000.05,-1191999.9,600.0
703,197,L0_1024_s512,1024,512,0.15,153.6,76.8,-384692.85,-1195379.1,1536,22016,1024,1024,-384769.65,-1195455.9,-384616.05,-1195302.2999999998,p0005_0000,5,0,-385000.05,-1191999.9,600.0
704,196,L0_1024_s512,1024,512,0.15,153.6,76.8,-384692.85,-1195302.3,1536,21504,1024,1024,-384769.65,-1195379.1,-384616.05,-1195225.5,p0005_0000,5,0,-385000.05,-1191999.9,600.0
705,195,L0_1024_s512,1024,512,0.15,153.6,76.8,-384692.85,-1195225.5,1536,20992,1024,1024,-384769.65,-1195302.2999999998,-384616.05,-1195148.7,p0005_0000,5,0,-385000.05,-1191999.9,600.0
706,194,L0_1024_s512,1024,512,0.15,153.6,76.8,-384692.85,-1195148.7,1536,20480,1024,1024,-384769.65,-1195225.5,-384616.05,-1195071.9,p0005_0000,5,0,-385000.05,-1191999.9,600.0
707,193,L0_1024_s512,1024,512,0.15,153.6,76.8,-384692.85,-1195071.9,1536,19968,1024,1024,-384769.65,-1195148.7,-384616.05,-1194995.1,p0005_0000,5,0,-385000.05,-1191999.9,600.0
708,192,L0_1024_s512,1024,512,0.15,153.6,76.8,-384692.85,-1194995.1,1536,19456,1024,1024,-384769.65,-1195071.9,-384616.05,-1194918.2999999998,p0004_0000,4,0,-385000.05,-1191999.9,600.0
709,191,L0_1024_s512,1024,512,0.15,153.6,76.8,-384692.85,-1194918.3,1536,18944,1024,1024,-384769.65,-1194995.1,-384616.05,-1194841.5,p0004_0000,4,0,-385000.05,-1191999.9,600.0
710,190,L0_1024_s512,1024,512,0.15,153.6,76.8,-384692.85,-1194841.5,1536,18432,1024,1024,-384769.65,-1194918.2999999998,-384616.05,-1194764.7,p0004_0000,4,0,-385000.05,-1191999.9,600.0
711,189,L0_1024_s512,1024,512,0.15,153.6,76.8,-384692.85,-1194764.7,1536,17920,1024,1024,-384769.65,-1194841.5,-384616.05,-1194687.9,p0004_0000,4,0,-385000.05,-1191999.9,600.0
712,188,L0_1024_s512,1024,512,0.15,153.6,76.8,-384692.85,-1194687.9,1536,17408,1024,1024,-384769.65,-1194764.7,-384616.05,-1194611.1,p0004_0000,4,0,-385000.05,-1191999.9,600.0
713,187,L0_1024_s512,1024,512,0.15,153.6,76.8,-384692.85,-1194611.1,1536,16896,1024,1024,-384769.65,-1194687.9,-384616.05,-1194534.2999999998,p0004_0000,4,0,-385000.05,-1191999.9,600.0
714,186,L0_1024_s512,1024,512,0.15,153.6,76.8,-384692.85,-1194534.3,1536,16384,1024,1024,-384769.65,-1194611.1,-384616.05,-1194457.5,p0004_0000,4,0,-385000.05,-1191999.9,600.0
715,185,L0_1024_s512,1024,512,0.15,153.6,76.8,-384692.85,-1194457.5,1536,15872,1024,1024,-384769.65,-1194534.2999999998,-384616.05,-1194380.7,p0004_0000,4,0,-385000.05,-1191999.9,600.0
716,184,L0_1024_s512,1024,512,0.15,153.6,76.8,-384692.85,-1194380.7,1536,15360,1024,1024,-384769.65,-1194457.5,-384616.05,-1194303.9,p0003_0000,3,0,-385000.05,-1191999.9,600.0
717,183,L0_1024_s512,1024,512,0.15,153.6,76.8,-384692.85,-1194303.9,1536,14848,1024,1024,-384769.65,-1194380.7,-384616.05,-1194227.1,p0003_0000,3,0,-385000.05,-1191999.9,600.0
718,182,L0_1024_s512,1024,512,0.15,153.6,76.8,-384692.85,-1194227.1,1536,14336,1024,1024,-384769.65,-1194303.9,-384616.05,-1194150.2999999998,p0003_0000,3,0,-385000.05,-1191999.9,600.0
719,181,L0_1024_s512,1024,512,0.15,153.6,76.8,-384692.85,-1194150.3,1536,13824,1024,1024,-384769.65,-1194227.1,-384616.05,-1194073.5,p0003_0000,3,0,-385000.05,-1191999.9,600.0
720,180,L0_1024_s512,1024,512,0.15,153.6,76.8,-384692.85,-1194073.5,1536,13312,1024,1024,-384769.65,-1194150.2999999998,-384616.05,-1193996.7,p0003_0000,3,0,-385000.05,-1191999.9,600.0
721,201,L0_1024_s512,1024,512,0.15,153.6,76.8,-384692.85,-1195686.3,1536,24064,1024,1024,-384769.65,-1195763.1,-384616.05,-1195609.5,p0006_0000,6,0,-385000.05,-1191999.9,600.0
722,202,L0_1024_s512,1024,512,0.15,153.6,76.8,-384692.85,-1195763.1,1536,24576,1024,1024,-384769.65,-1195839.9,-384616.05,-1195686.2999999998,p0006_0000,6,0,-385000.05,-1191999.9,600.0
723,203,L0_1024_s512,1024,512,0.15,153.6,76.8,-384692.85,-1195839.9,1536,25088,1024,1024,-384769.65,-1195916.7,-384616.05,-1195763.1,p0006_0000,6,0,-385000.05,-1191999.9,600.0
724,204,L0_1024_s512,1024,512,0.15,153.6,76.8,-384692.85,-1195916.7,1536,25600,1024,1024,-384769.65,-1195993.5,-384616.05,-1195839.9,p0006_0000,6,0,-385000.05,-1191999.9,600.0
725,231,L0_1024_s512,1024,512,0.15,153.6,76.8,-384616.05,-1194073.5,2048,13312,1024,1024,-384692.85,-1194150.2999999998,-384539.25,-1193996.7,p0003_0000,3,0,-385000.05,-1191999.9,600.0
726,232,L0_1024_s512,1024,512,0.15,153.6,76.8,-384616.05,-1194150.3,2048,13824,1024,1024,-384692.85,-1194227.1,-384539.25,-1194073.5,p0003_0000,3,0,-385000.05,-1191999.9,600.0
727,233,L0_1024_s512,1024,512,0.15,153.6,76.8,-384616.05,-1194227.1,2048,14336,1024,1024,-384692.85,-1194303.9,-384539.25,-1194150.2999999998,p0003_0000,3,0,-385000.05,-1191999.9,600.0
728,234,L0_1024_s512,1024,512,0.15,153.6,76.8,-384616.05,-1194303.9,2048,14848,1024,1024,-384692.85,-1194380.7,-384539.25,-1194227.1,p0003_0000,3,0,-385000.05,-1191999.9,600.0
729,235,L0_1024_s512,1024,512,0.15,153.6,76.8,-384616.05,-1194380.7,2048,15360,1024,1024,-384692.85,-1194457.5,-384539.25,-1194303.9,p0003_0000,3,0,-385000.05,-1191999.9,600.0
730,236,L0_1024_s512,1024,512,0.15,153.6,76.8,-384616.05,-1194457.5,2048,15872,1024,1024,-384692.85,-1194534.2999999998,-384539.25,-1194380.7,p0004_0000,4,0,-385000.05,-1191999.9,600.0
731,237,L0_1024_s512,1024,512,0.15,153.6,76.8,-384616.05,-1194534.3,2048,16384,1024,1024,-384692.85,-1194611.1,-384539.25,-1194457.5,p0004_0000,4,0,-385000.05,-1191999.9,600.0
732,238,L0_1024_s512,1024,512,0.15,153.6,76.8,-384616.05,-1194611.1,2048,16896,1024,1024,-384692.85,-1194687.9,-384539.25,-1194534.2999999998,p0004_0000,4,0,-385000.05,-1191999.9,600.0
733,239,L0_1024_s512,1024,512,0.15,153.6,76.8,-384616.05,-1194687.9,2048,17408,1024,1024,-384692.85,-1194764.7,-384539.25,-1194611.1,p0004_0000,4,0,-385000.05,-1191999.9,600.0
734,240,L0_1024_s512,1024,512,0.15,153.6,76.8,-384616.05,-1194764.7,2048,17920,1024,1024,-384692.85,-1194841.5,-384539.25,-1194687.9,p0004_0000,4,0,-385000.05,-1191999.9,600.0
735,241,L0_1024_s512,1024,512,0.15,153.6,76.8,-384616.05,-1194841.5,2048,18432,1024,1024,-384692.85,-1194918.2999999998,-384539.25,-1194764.7,p0004_0000,4,0,-385000.05,-1191999.9,600.0
736,242,L0_1024_s512,1024,512,0.15,153.6,76.8,-384616.05,-1194918.3,2048,18944,1024,1024,-384692.85,-1194995.1,-384539.25,-1194841.5,p0004_0000,4,0,-385000.05,-1191999.9,600.0
737,243,L0_1024_s512,1024,512,0.15,153.6,76.8,-384616.05,-1194995.1,2048,19456,1024,1024,-384692.85,-1195071.9,-384539.25,-1194918.2999999998,p0004_0000,4,0,-385000.05,-1191999.9,600.0
738,244,L0_1024_s512,1024,512,0.15,153.6,76.8,-384616.05,-1195071.9,2048,19968,1024,1024,-384692.85,-1195148.7,-384539.25,-1194995.1,p0005_0000,5,0,-385000.05,-1191999.9,600.0
739,245,L0_1024_s512,1024,512,0.15,153.6,76.8,-384616.05,-1195148.7,2048,20480,1024,1024,-384692.85,-1195225.5,-384539.25,-1195071.9,p0005_0000,5,0,-385000.05,-1191999.9,600.0
740,246,L0_1024_s512,1024,512,0.15,153.6,76.8,-384616.05,-1195225.5,2048,20992,1024,1024,-384692.85,-1195302.2999999998,-384539.25,-1195148.7,p0005_0000,5,0,-385000.05,-1191999.9,600.0
741,247,L0_1024_s512,1024,512,0.15,153.6,76.8,-384616.05,-1195302.3,2048,21504,1024,1024,-384692.85,-1195379.1,-384539.25,-1195225.5,p0005_0000,5,0,-385000.05,-1191999.9,600.0
742,248,L0_1024_s512,1024,512,0.15,153.6,76.8,-384616.05,-1195379.1,2048,22016,1024,1024,-384692.85,-1195455.9,-384539.25,-1195302.2999999998,p0005_0000,5,0,-385000.05,-1191999.9,600.0
743,249,L0_1024_s512,1024,512,0.15,153.6,76.8,-384616.05,-1195455.9,2048,22528,1024,1024,-384692.85,-1195532.7,-384539.25,-1195379.1,p0005_0000,5,0,-385000.05,-1191999.9,600.0
744,250,L0_1024_s512,1024,512,0.15,153.6,76.8,-384616.05,-1195532.7,2048,23040,1024,1024,-384692.85,-1195609.5,-384539.25,-1195455.9,p0005_0000,5,0,-385000.05,-1191999.9,600.0
745,251,L0_1024_s512,1024,512,0.15,153.6,76.8,-384616.05,-1195609.5,2048,23552,1024,1024,-384692.85,-1195686.2999999998,-384539.25,-1195532.7,p0006_0000,6,0,-385000.05,-1191999.9,600.0
746,252,L0_1024_s512,1024,512,0.15,153.6,76.8,-384616.05,-1195686.3,2048,24064,1024,1024,-384692.85,-1195763.1,-384539.25,-1195609.5,p0006_0000,6,0,-385000.05,-1191999.9,600.0
747,253,L0_1024_s512,1024,512,0.15,153.6,76.8,-384616.05,-1195763.1,2048,24576,1024,1024,-384692.85,-1195839.9,-384539.25,-1195686.2999999998,p0006_0000,6,0,-385000.05,-1191999.9,600.0
748,254,L0_1024_s512,1024,512,0.15,153.6,76.8,-384616.05,-1195839.9,2048,25088,1024,1024,-384692.85,-1195916.7,-384539.25,-1195763.1,p0006_0000,6,0,-385000.05,-1191999.9,600.0
749,255,L0_1024_s512,1024,512,0.15,153.6,76.8,-384616.05,-1195916.7,2048,25600,1024,1024,-384692.85,-1195993.5,-384539.25,-1195839.9,p0006_0000,6,0,-385000.05,-1191999.9,600.0
750,296,L0_1024_s512,1024,512,0.15,153.6,76.8,-384539.25,-1195148.7,2559,20480,1024,1024,-384616.2,-1195225.5,-384462.6,-1195071.9,p0005_0000,5,0,-385000.05,-1191999.9,600.0
751,295,L0_1024_s512,1024,512,0.15,153.6,76.8,-384539.25,-1195071.9,2559,19968,1024,1024,-384616.2,-1195148.7,-384462.6,-1194995.1,p0005_0000,5,0,-385000.05,-1191999.9,600.0
752,294,L0_1024_s512,1024,512,0.15,153.6,76.8,-384539.25,-1194995.1,2559,19456,1024,1024,-384616.2,-1195071.9,-384462.6,-1194918.2999999998,p0004_0000,4,0,-385000.05,-1191999.9,600.0
753,293,L0_1024_s512,1024,512,0.15,153.6,76.8,-384539.25,-1194918.3,2559,18944,1024,1024,-384616.2,-1194995.1,-384462.6,-1194841.5,p0004_0000,4,0,-385000.05,-1191999.9,600.0
754,292,L0_1024_s512,1024,512,0.15,153.6,76.8,-384539.25,-1194841.5,2559,18432,1024,1024,-384616.2,-1194918.2999999998,-384462.6,-1194764.7,p0004_0000,4,0,-385000.05,-1191999.9,600.0
755,291,L0_1024_s512,1024,512,0.15,153.6,76.8,-384539.25,-1194764.7,2559,17920,1024,1024,-384616.2,-1194841.5,-384462.6,-1194687.9,p0004_0000,4,0,-385000.05,-1191999.9,600.0
756,290,L0_1024_s512,1024,512,0.15,153.6,76.8,-384539.25,-1194687.9,2559,17408,1024,1024,-384616.2,-1194764.7,-384462.6,-1194611.1,p0004_0000,4,0,-385000.05,-1191999.9,600.0
757,289,L0_1024_s512,1024,512,0.15,153.6,76.8,-384539.25,-1194611.1,2559,16896,1024,1024,-384616.2,-1194687.9,-384462.6,-1194534.2999999998,p0004_0000,4,0,-385000.05,-1191999.9,600.0
758,288,L0_1024_s512,1024,512,0.15,153.6,76.8,-384539.25,-1194534.3,2559,16384,1024,1024,-384616.2,-1194611.1,-384462.6,-1194457.5,p0004_0000,4,0,-385000.05,-1191999.9,600.0
759,287,L0_1024_s512,1024,512,0.15,153.6,76.8,-384539.25,-1194457.5,2559,15872,1024,1024,-384616.2,-1194534.2999999998,-384462.6,-1194380.7,p0004_0000,4,0,-385000.05,-1191999.9,600.0
760,286,L0_1024_s512,1024,512,0.15,153.6,76.8,-384539.25,-1194380.7,2559,15360,1024,1024,-384616.2,-1194457.5,-384462.6,-1194303.9,p0003_0000,3,0,-385000.05,-1191999.9,600.0
761,285,L0_1024_s512,1024,512,0.15,153.6,76.8,-384539.25,-1194303.9,2559,14848,1024,1024,-384616.2,-1194380.7,-384462.6,-1194227.1,p0003_0000,3,0,-385000.05,-1191999.9,600.0
762,284,L0_1024_s512,1024,512,0.15,153.6,76.8,-384539.25,-1194227.1,2559,14336,1024,1024,-384616.2,-1194303.9,-384462.6,-1194150.2999999998,p0003_0000,3,0,-385000.05,-1191999.9,600.0
763,283,L0_1024_s512,1024,512,0.15,153.6,76.8,-384539.25,-1194150.3,2559,13824,1024,1024,-384616.2,-1194227.1,-384462.6,-1194073.5,p0003_0000,3,0,-385000.05,-1191999.9,600.0
764,282,L0_1024_s512,1024,512,0.15,153.6,76.8,-384539.25,-1194073.5,2559,13312,1024,1024,-384616.2,-1194150.2999999998,-384462.6,-1193996.7,p0003_0000,3,0,-385000.05,-1191999.9,600.0
765,297,L0_1024_s512,1024,512,0.15,153.6,76.8,-384539.25,-1195225.5,2559,20992,1024,1024,-384616.2,-1195302.2999999998,-384462.6,-1195148.7,p0005_0000,5,0,-385000.05,-1191999.9,600.0
766,298,L0_1024_s512,1024,512,0.15,153.6,76.8,-384539.25,-1195302.3,2559,21504,1024,1024,-384616.2,-1195379.1,-384462.6,-1195225.5,p0005_0000,5,0,-385000.05,-1191999.9,600.0
767,299,L0_1024_s512,1024,512,0.15,153.6,76.8,-384539.25,-1195379.1,2559,22016,1024,1024,-384616.2,-1195455.9,-384462.6,-1195302.2999999998,p0005_0000,5,0,-385000.05,-1191999.9,600.0
768,300,L0_1024_s512,1024,512,0.15,153.6,76.8,-384539.25,-1195455.9,2559,22528,1024,1024,-384616.2,-1195532.7,-384462.6,-1195379.1,p0005_0000,5,0,-385000.05,-1191999.9,600.0
769,301,L0_1024_s512,1024,512,0.15,153.6,76.8,-384539.25,-1195532.7,2559,23040,1024,1024,-384616.2,-1195609.5,-384462.6,-1195455.9,p0005_0000,5,0,-385000.05,-1191999.9,600.0
770,302,L0_1024_s512,1024,512,0.15,153.6,76.8,-384539.25,-1195609.5,2559,23552,1024,1024,-384616.2,-1195686.2999999998,-384462.6,-1195532.7,p0006_0000,6,0,-385000.05,-1191999.9,600.0
771,303,L0_1024_s512,1024,512,0.15,153.6,76.8,-384539.25,-1195686.3,2559,24064,1024,1024,-384616.2,-1195763.1,-384462.6,-1195609.5,p0006_0000,6,0,-385000.05,-1191999.9,600.0
772,304,L0_1024_s512,1024,512,0.15,153.6,76.8,-384539.25,-1195763.1,2559,24576,1024,1024,-384616.2,-1195839.9,-384462.6,-1195686.2999999998,p0006_0000,6,0,-385000.05,-1191999.9,600.0
773,305,L0_1024_s512,1024,512,0.15,153.6,76.8,-384539.25,-1195839.9,2559,25088,1024,1024,-384616.2,-1195916.7,-384462.6,-1195763.1,p0006_0000,6,0,-385000.05,-1191999.9,600.0
774,306,L0_1024_s512,1024,512,0.15,153.6,76.8,-384539.25,-1195916.7,2559,25600,1024,1024,-384616.2,-1195993.5,-384462.6,-1195839.9,p0006_0000,6,0,-385000.05,-1191999.9,600.0
775,333,L0_1024_s512,1024,512,0.15,153.6,76.8,-384462.45,-1194073.5,3071,13312,1024,1024,-384539.4,-1194150.2999999998,-384385.8,-1193996.7,p0003_0000,3,0,-385000.05,-1191999.9,600.0
776,334,L0_1024_s512,1024,512,0.15,153.6,76.8,-384462.45,-1194150.3,3071,13824,1024,1024,-384539.4,-1194227.1,-384385.8,-1194073.5,p0003_0000,3,0,-385000.05,-1191999.9,600.0
777,335,L0_1024_s512,1024,512,0.15,153.6,76.8,-384462.45,-1194227.1,3071,14336,1024,1024,-384539.4,-1194303.9,-384385.8,-1194150.2999999998,p0003_0000,3,0,-385000.05,-1191999.9,600.0
778,336,L0_1024_s512,1024,512,0.15,153.6,76.8,-384462.45,-1194303.9,3071,14848,1024,1024,-384539.4,-1194380.7,-384385.8,-1194227.1,p0003_0000,3,0,-385000.05,-1191999.9,600.0
779,337,L0_1024_s512,1024,512,0.15,153.6,76.8,-384462.45,-1194380.7,3071,15360,1024,1024,-384539.4,-1194457.5,-384385.8,-1194303.9,p0003_0000,3,0,-385000.05,-1191999.9,600.0
780,338,L0_1024_s512,1024,512,0.15,153.6,76.8,-384462.45,-1194457.5,3071,15872,1024,1024,-384539.4,-1194534.2999999998,-384385.8,-1194380.7,p0004_0000,4,0,-385000.05,-1191999.9,600.0
781,339,L0_1024_s512,1024,512,0.15,153.6,76.8,-384462.45,-1194534.3,3071,16384,1024,1024,-384539.4,-1194611.1,-384385.8,-1194457.5,p0004_0000,4,0,-385000.05,-1191999.9,600.0
782,340,L0_1024_s512,1024,512,0.15,153.6,76.8,-384462.45,-1194611.1,3071,16896,1024,1024,-384539.4,-1194687.9,-384385.8,-1194534.2999999998,p0004_0000,4,0,-385000.05,-1191999.9,600.0
783,341,L0_1024_s512,1024,512,0.15,153.6,76.8,-384462.45,-1194687.9,3071,17408,1024,1024,-384539.4,-1194764.7,-384385.8,-1194611.1,p0004_0000,4,0,-385000.05,-1191999.9,600.0
784,342,L0_1024_s512,1024,512,0.15,153.6,76.8,-384462.45,-1194764.7,3071,17920,1024,1024,-384539.4,-1194841.5,-384385.8,-1194687.9,p0004_0000,4,0,-385000.05,-1191999.9,600.0
785,343,L0_1024_s512,1024,512,0.15,153.6,76.8,-384462.45,-1194841.5,3071,18432,1024,1024,-384539.4,-1194918.2999999998,-384385.8,-1194764.7,p0004_0000,4,0,-385000.05,-1191999.9,600.0
786,344,L0_1024_s512,1024,512,0.15,153.6,76.8,-384462.45,-1194918.3,3071,18944,1024,1024,-384539.4,-1194995.1,-384385.8,-1194841.5,p0004_0000,4,0,-385000.05,-1191999.9,600.0
787,345,L0_1024_s512,1024,512,0.15,153.6,76.8,-384462.45,-1194995.1,3071,19456,1024,1024,-384539.4,-1195071.9,-384385.8,-1194918.2999999998,p0004_0000,4,0,-385000.05,-1191999.9,600.0
788,346,L0_1024_s512,1024,512,0.15,153.6,76.8,-384462.45,-1195071.9,3071,19968,1024,1024,-384539.4,-1195148.7,-384385.8,-1194995.1,p0005_0000,5,0,-385000.05,-1191999.9,600.0
789,347,L0_1024_s512,1024,512,0.15,153.6,76.8,-384462.45,-1195148.7,3071,20480,1024,1024,-384539.4,-1195225.5,-384385.8,-1195071.9,p0005_0000,5,0,-385000.05,-1191999.9,600.0
790,348,L0_1024_s512,1024,512,0.15,153.6,76.8,-384462.45,-1195225.5,3071,20992,1024,1024,-384539.4,-1195302.2999999998,-384385.8,-1195148.7,p0005_0000,5,0,-385000.05,-1191999.9,600.0
791,349,L0_1024_s512,1024,512,0.15,153.6,76.8,-384462.45,-1195302.3,3071,21504,1024,1024,-384539.4,-1195379.1,-384385.8,-1195225.5,p0005_0000,5,0,-385000.05,-1191999.9,600.0
792,350,L0_1024_s512,1024,512,0.15,153.6,76.8,-384462.45,-1195379.1,3071,22016,1024,1024,-384539.4,-1195455.9,-384385.8,-1195302.2999999998,p0005_0000,5,0,-385000.05,-1191999.9,600.0
793,351,L0_1024_s512,1024,512,0.15,153.6,76.8,-384462.45,-1195455.9,3071,22528,1024,1024,-384539.4,-1195532.7,-384385.8,-1195379.1,p0005_0000,5,0,-385000.05,-1191999.9,600.0
794,352,L0_1024_s512,1024,512,0.15,153.6,76.8,-384462.45,-1195532.7,3071,23040,1024,1024,-384539.4,-1195609.5,-384385.8,-1195455.9,p0005_0000,5,0,-385000.05,-1191999.9,600.0
795,353,L0_1024_s512,1024,512,0.15,153.6,76.8,-384462.45,-1195609.5,3071,23552,1024,1024,-384539.4,-1195686.2999999998,-384385.8,-1195532.7,p0006_0000,6,0,-385000.05,-1191999.9,600.0
796,354,L0_1024_s512,1024,512,0.15,153.6,76.8,-384462.45,-1195686.3,3071,24064,1024,1024,-384539.4,-1195763.1,-384385.8,-1195609.5,p0006_0000,6,0,-385000.05,-1191999.9,600.0
797,355,L0_1024_s512,1024,512,0.15,153.6,76.8,-384462.45,-1195763.1,3071,24576,1024,1024,-384539.4,-1195839.9,-384385.8,-1195686.2999999998,p0006_0000,6,0,-385000.05,-1191999.9,600.0
798,356,L0_1024_s512,1024,512,0.15,153.6,76.8,-384462.45,-1195839.9,3071,25088,1024,1024,-384539.4,-1195916.7,-384385.8,-1195763.1,p0006_0000,6,0,-385000.05,-1191999.9,600.0
799,357,L0_1024_s512,1024,512,0.15,153.6,76.8,-384462.45,-1195916.7,3071,25600,1024,1024,-384539.4,-1195993.5,-384385.8,-1195839.9,p0006_0000,6,0,-385000.05,-1191999.9,600.0
800,384,L0_1024_s512,1024,512,0.15,153.6,76.8,-384385.65,-1194073.5,3583,13312,1024,1024,-384462.6,-1194150.2999999998,-384309.0,-1193996.7,p0003_0001,3,1,-385000.05,-1191999.9,600.0
801,385,L0_1024_s512,1024,512,0.15,153.6,76.8,-384385.65,-1194150.3,3583,13824,1024,1024,-384462.6,-1194227.1,-384309.0,-1194073.5,p0003_0001,3,1,-385000.05,-1191999.9,600.0
802,386,L0_1024_s512,1024,512,0.15,153.6,76.8,-384385.65,-1194227.1,3583,14336,1024,1024,-384462.6,-1194303.9,-384309.0,-1194150.2999999998,p0003_0001,3,1,-385000.05,-1191999.9,600.0
803,387,L0_1024_s512,1024,512,0.15,153.6,76.8,-384385.65,-1194303.9,3583,14848,1024,1024,-384462.6,-1194380.7,-384309.0,-1194227.1,p0003_0001,3,1,-385000.05,-1191999.9,600.0
804,388,L0_1024_s512,1024,512,0.15,153.6,76.8,-384385.65,-1194380.7,3583,15360,1024,1024,-384462.6,-1194457.5,-384309.0,-1194303.9,p0003_0001,3,1,-385000.05,-1191999.9,600.0
805,389,L0_1024_s512,1024,512,0.15,153.6,76.8,-384385.65,-1194457.5,3583,15872,1024,1024,-384462.6,-1194534.2999999998,-384309.0,-1194380.7,p0004_0001,4,1,-385000.05,-1191999.9,600.0
806,390,L0_1024_s512,1024,512,0.15,153.6,76.8,-384385.65,-1194534.3,3583,16384,1024,1024,-384462.6,-1194611.1,-384309.0,-1194457.5,p0004_0001,4,1,-385000.05,-1191999.9,600.0
807,391,L0_1024_s512,1024,512,0.15,153.6,76.8,-384385.65,-1194611.1,3583,16896,1024,1024,-384462.6,-1194687.9,-384309.0,-1194534.2999999998,p0004_0001,4,1,-385000.05,-1191999.9,600.0
808,392,L0_1024_s512,1024,512,0.15,153.6,76.8,-384385.65,-1194687.9,3583,17408,1024,1024,-384462.6,-1194764.7,-384309.0,-1194611.1,p0004_0001,4,1,-385000.05,-1191999.9,600.0
809,393,L0_1024_s512,1024,512,0.15,153.6,76.8,-384385.65,-1194764.7,3583,17920,1024,1024,-384462.6,-1194841.5,-384309.0,-1194687.9,p0004_0001,4,1,-385000.05,-1191999.9,600.0
810,394,L0_1024_s512,1024,512,0.15,153.6,76.8,-384385.65,-1194841.5,3583,18432,1024,1024,-384462.6,-1194918.2999999998,-384309.0,-1194764.7,p0004_0001,4,1,-385000.05,-1191999.9,600.0
811,395,L0_1024_s512,1024,512,0.15,153.6,76.8,-384385.65,-1194918.3,3583,18944,1024,1024,-384462.6,-1194995.1,-384309.0,-1194841.5,p0004_0001,4,1,-385000.05,-1191999.9,600.0
812,396,L0_1024_s512,1024,512,0.15,153.6,76.8,-384385.65,-1194995.1,3583,19456,1024,1024,-384462.6,-1195071.9,-384309.0,-1194918.2999999998,p0004_0001,4,1,-385000.05,-1191999.9,600.0
813,397,L0_1024_s512,1024,512,0.15,153.6,76.8,-384385.65,-1195071.9,3583,19968,1024,1024,-384462.6,-1195148.7,-384309.0,-1194995.1,p0005_0001,5,1,-385000.05,-1191999.9,600.0
814,398,L0_1024_s512,1024,512,0.15,153.6,76.8,-384385.65,-1195148.7,3583,20480,1024,1024,-384462.6,-1195225.5,-384309.0,-1195071.9,p0005_0001,5,1,-385000.05,-1191999.9,600.0
815,399,L0_1024_s512,1024,512,0.15,153.6,76.8,-384385.65,-1195225.5,3583,20992,1024,1024,-384462.6,-1195302.2999999998,-384309.0,-1195148.7,p0005_0001,5,1,-385000.05,-1191999.9,600.0
816,400,L0_1024_s512,1024,512,0.15,153.6,76.8,-384385.65,-1195302.3,3583,21504,1024,1024,-384462.6,-1195379.1,-384309.0,-1195225.5,p0005_0001,5,1,-385000.05,-1191999.9,600.0
817,401,L0_1024_s512,1024,512,0.15,153.6,76.8,-384385.65,-1195379.1,3583,22016,1024,1024,-384462.6,-1195455.9,-384309.0,-1195302.2999999998,p0005_0001,5,1,-385000.05,-1191999.9,600.0
818,402,L0_1024_s512,1024,512,0.15,153.6,76.8,-384385.65,-1195455.9,3583,22528,1024,1024,-384462.6,-1195532.7,-384309.0,-1195379.1,p0005_0001,5,1,-385000.05,-1191999.9,600.0
819,403,L0_1024_s512,1024,512,0.15,153.6,76.8,-384385.65,-1195532.7,3583,23040,1024,1024,-384462.6,-1195609.5,-384309.0,-1195455.9,p0005_0001,5,1,-385000.05,-1191999.9,600.0
820,404,L0_1024_s512,1024,512,0.15,153.6,76.8,-384385.65,-1195609.5,3583,23552,1024,1024,-384462.6,-1195686.2999999998,-384309.0,-1195532.7,p0006_0001,6,1,-385000.05,-1191999.9,600.0
821,405,L0_1024_s512,1024,512,0.15,153.6,76.8,-384385.65,-1195686.3,3583,24064,1024,1024,-384462.6,-1195763.1,-384309.0,-1195609.5,p0006_0001,6,1,-385000.05,-1191999.9,600.0
822,406,L0_1024_s512,1024,512,0.15,153.6,76.8,-384385.65,-1195763.1,3583,24576,1024,1024,-384462.6,-1195839.9,-384309.0,-1195686.2999999998,p0006_0001,6,1,-385000.05,-1191999.9,600.0
823,407,L0_1024_s512,1024,512,0.15,153.6,76.8,-384385.65,-1195839.9,3583,25088,1024,1024,-384462.6,-1195916.7,-384309.0,-1195763.1,p0006_0001,6,1,-385000.05,-1191999.9,600.0
824,408,L0_1024_s512,1024,512,0.15,153.6,76.8,-384385.65,-1195916.7,3583,25600,1024,1024,-384462.6,-1195993.5,-384309.0,-1195839.9,p0006_0001,6,1,-385000.05,-1191999.9,600.0
825,435,L0_1024_s512,1024,512,0.15,153.6,76.8,-384308.85,-1194073.5,4096,13312,1024,1024,-384385.65,-1194150.2999999998,-384232.05,-1193996.7,p0003_0001,3,1,-385000.05,-1191999.9,600.0
826,436,L0_1024_s512,1024,512,0.15,153.6,76.8,-384308.85,-1194150.3,4096,13824,1024,1024,-384385.65,-1194227.1,-384232.05,-1194073.5,p0003_0001,3,1,-385000.05,-1191999.9,600.0
827,437,L0_1024_s512,1024,512,0.15,153.6,76.8,-384308.85,-1194227.1,4096,14336,1024,1024,-384385.65,-1194303.9,-384232.05,-1194150.2999999998,p0003_0001,3,1,-385000.05,-1191999.9,600.0
828,438,L0_1024_s512,1024,512,0.15,153.6,76.8,-384308.85,-1194303.9,4096,14848,1024,1024,-384385.65,-1194380.7,-384232.05,-1194227.1,p0003_0001,3,1,-385000.05,-1191999.9,600.0
829,439,L0_1024_s512,1024,512,0.15,153.6,76.8,-384308.85,-1194380.7,4096,15360,1024,1024,-384385.65,-1194457.5,-384232.05,-1194303.9,p0003_0001,3,1,-385000.05,-1191999.9,600.0
830,440,L0_1024_s512,1024,512,0.15,153.6,76.8,-384308.85,-1194457.5,4096,15872,1024,1024,-384385.65,-1194534.2999999998,-384232.05,-1194380.7,p0004_0001,4,1,-385000.05,-1191999.9,600.0
831,441,L0_1024_s512,1024,512,0.15,153.6,76.8,-384308.85,-1194534.3,4096,16384,1024,1024,-384385.65,-1194611.1,-384232.05,-1194457.5,p0004_0001,4,1,-385000.05,-1191999.9,600.0
832,442,L0_1024_s512,1024,512,0.15,153.6,76.8,-384308.85,-1194611.1,4096,16896,1024,1024,-384385.65,-1194687.9,-384232.05,-1194534.2999999998,p0004_0001,4,1,-385000.05,-1191999.9,600.0
833,443,L0_1024_s512,1024,512,0.15,153.6,76.8,-384308.85,-1194687.9,4096,17408,1024,1024,-384385.65,-1194764.7,-384232.05,-1194611.1,p0004_0001,4,1,-385000.05,-1191999.9,600.0
834,444,L0_1024_s512,1024,512,0.15,153.6,76.8,-384308.85,-1194764.7,4096,17920,1024,1024,-384385.65,-1194841.5,-384232.05,-1194687.9,p0004_0001,4,1,-385000.05,-1191999.9,600.0
835,445,L0_1024_s512,1024,512,0.15,153.6,76.8,-384308.85,-1194841.5,4096,18432,1024,1024,-384385.65,-1194918.2999999998,-384232.05,-1194764.7,p0004_0001,4,1,-385000.05,-1191999.9,600.0
836,446,L0_1024_s512,1024,512,0.15,153.6,76.8,-384308.85,-1194918.3,4096,18944,1024,1024,-384385.65,-1194995.1,-384232.05,-1194841.5,p0004_0001,4,1,-385000.05,-1191999.9,600.0
837,447,L0_1024_s512,1024,512,0.15,153.6,76.8,-384308.85,-1194995.1,4096,19456,1024,1024,-384385.65,-1195071.9,-384232.05,-1194918.2999999998,p0004_0001,4,1,-385000.05,-1191999.9,600.0
838,448,L0_1024_s512,1024,512,0.15,153.6,76.8,-384308.85,-1195071.9,4096,19968,1024,1024,-384385.65,-1195148.7,-384232.05,-1194995.1,p0005_0001,5,1,-385000.05,-1191999.9,600.0
839,449,L0_1024_s512,1024,512,0.15,153.6,76.8,-384308.85,-1195148.7,4096,20480,1024,1024,-384385.65,-1195225.5,-384232.05,-1195071.9,p0005_0001,5,1,-385000.05,-1191999.9,600.0
840,450,L0_1024_s512,1024,512,0.15,153.6,76.8,-384308.85,-1195225.5,4096,20992,1024,1024,-384385.65,-1195302.2999999998,-384232.05,-1195148.7,p0005_0001,5,1,-385000.05,-1191999.9,600.0
841,451,L0_1024_s512,1024,512,0.15,153.6,76.8,-384308.85,-1195302.3,4096,21504,1024,1024,-384385.65,-1195379.1,-384232.05,-1195225.5,p0005_0001,5,1,-385000.05,-1191999.9,600.0
842,452,L0_1024_s512,1024,512,0.15,153.6,76.8,-384308.85,-1195379.1,4096,22016,1024,1024,-384385.65,-1195455.9,-384232.05,-1195302.2999999998,p0005_0001,5,1,-385000.05,-1191999.9,600.0
843,453,L0_1024_s512,1024,512,0.15,153.6,76.8,-384308.85,-1195455.9,4096,22528,1024,1024,-384385.65,-1195532.7,-384232.05,-1195379.1,p0005_0001,5,1,-385000.05,-1191999.9,600.0
844,454,L0_1024_s512,1024,512,0.15,153.6,76.8,-384308.85,-1195532.7,4096,23040,1024,1024,-384385.65,-1195609.5,-384232.05,-1195455.9,p0005_0001,5,1,-385000.05,-1191999.9,600.0
845,455,L0_1024_s512,1024,512,0.15,153.6,76.8,-384308.85,-1195609.5,4096,23552,1024,1024,-384385.65,-1195686.2999999998,-384232.05,-1195532.7,p0006_0001,6,1,-385000.05,-1191999.9,600.0
846,456,L0_1024_s512,1024,512,0.15,153.6,76.8,-384308.85,-1195686.3,4096,24064,1024,1024,-384385.65,-1195763.1,-384232.05,-1195609.5,p0006_0001,6,1,-385000.05,-1191999.9,600.0
847,457,L0_1024_s512,1024,512,0.15,153.6,76.8,-384308.85,-1195763.1,4096,24576,1024,1024,-384385.65,-1195839.9,-384232.05,-1195686.2999999998,p0006_0001,6,1,-385000.05,-1191999.9,600.0
848,458,L0_1024_s512,1024,512,0.15,153.6,76.8,-384308.85,-1195839.9,4096,25088,1024,1024,-384385.65,-1195916.7,-384232.05,-1195763.1,p0006_0001,6,1,-385000.05,-1191999.9,600.0
849,459,L0_1024_s512,1024,512,0.15,153.6,76.8,-384308.85,-1195916.7,4096,25600,1024,1024,-384385.65,-1195993.5,-384232.05,-1195839.9,p0006_0001,6,1,-385000.05,-1191999.9,600.0
850,486,L0_1024_s512,1024,512,0.15,153.6,76.8,-384232.05,-1194073.5,4608,13312,1024,1024,-384308.85,-1194150.2999999998,-384155.25,-1193996.7,p0003_0001,3,1,-385000.05,-1191999.9,600.0
851,487,L0_1024_s512,1024,512,0.15,153.6,76.8,-384232.05,-1194150.3,4608,13824,1024,1024,-384308.85,-1194227.1,-384155.25,-1194073.5,p0003_0001,3,1,-385000.05,-1191999.9,600.0
852,488,L0_1024_s512,1024,512,0.15,153.6,76.8,-384232.05,-1194227.1,4608,14336,1024,1024,-384308.85,-1194303.9,-384155.25,-1194150.2999999998,p0003_0001,3,1,-385000.05,-1191999.9,600.0
853,489,L0_1024_s512,1024,512,0.15,153.6,76.8,-384232.05,-1194303.9,4608,14848,1024,1024,-384308.85,-1194380.7,-384155.25,-1194227.1,p0003_0001,3,1,-385000.05,-1191999.9,600.0
854,490,L0_1024_s512,1024,512,0.15,153.6,76.8,-384232.05,-1194380.7,4608,15360,1024,1024,-384308.85,-1194457.5,-384155.25,-1194303.9,p0003_0001,3,1,-385000.05,-1191999.9,600.0
855,491,L0_1024_s512,1024,512,0.15,153.6,76.8,-384232.05,-1194457.5,4608,15872,1024,1024,-384308.85,-1194534.2999999998,-384155.25,-1194380.7,p0004_0001,4,1,-385000.05,-1191999.9,600.0
856,492,L0_1024_s512,1024,512,0.15,153.6,76.8,-384232.05,-1194534.3,4608,16384,1024,1024,-384308.85,-1194611.1,-384155.25,-1194457.5,p0004_0001,4,1,-385000.05,-1191999.9,600.0
857,493,L0_1024_s512,1024,512,0.15,153.6,76.8,-384232.05,-1194611.1,4608,16896,1024,1024,-384308.85,-1194687.9,-384155.25,-1194534.2999999998,p0004_0001,4,1,-385000.05,-1191999.9,600.0
858,494,L0_1024_s512,1024,512,0.15,153.6,76.8,-384232.05,-1194687.9,4608,17408,1024,1024,-384308.85,-1194764.7,-384155.25,-1194611.1,p0004_0001,4,1,-385000.05,-1191999.9,600.0
859,495,L0_1024_s512,1024,512,0.15,153.6,76.8,-384232.05,-1194764.7,4608,17920,1024,1024,-384308.85,-1194841.5,-384155.25,-1194687.9,p0004_0001,4,1,-385000.05,-1191999.9,600.0
860,496,L0_1024_s512,1024,512,0.15,153.6,76.8,-384232.05,-1194841.5,4608,18432,1024,1024,-384308.85,-1194918.2999999998,-384155.25,-1194764.7,p0004_0001,4,1,-385000.05,-1191999.9,600.0
861,497,L0_1024_s512,1024,512,0.15,153.6,76.8,-384232.05,-1194918.3,4608,18944,1024,1024,-384308.85,-1194995.1,-384155.25,-1194841.5,p0004_0001,4,1,-385000.05,-1191999.9,600.0
862,498,L0_1024_s512,1024,512,0.15,153.6,76.8,-384232.05,-1194995.1,4608,19456,1024,1024,-384308.85,-1195071.9,-384155.25,-1194918.2999999998,p0004_0001,4,1,-385000.05,-1191999.9,600.0
863,499,L0_1024_s512,1024,512,0.15,153.6,76.8,-384232.05,-1195071.9,4608,19968,1024,1024,-384308.85,-1195148.7,-384155.25,-1194995.1,p0005_0001,5,1,-385000.05,-1191999.9,600.0
864,500,L0_1024_s512,1024,512,0.15,153.6,76.8,-384232.05,-1195148.7,4608,20480,1024,1024,-384308.85,-1195225.5,-384155.25,-1195071.9,p0005_0001,5,1,-385000.05,-1191999.9,600.0
865,501,L0_1024_s512,1024,512,0.15,153.6,76.8,-384232.05,-1195225.5,4608,20992,1024,1024,-384308.85,-1195302.2999999998,-384155.25,-1195148.7,p0005_0001,5,1,-385000.05,-1191999.9,600.0
866,502,L0_1024_s512,1024,512,0.15,153.6,76.8,-384232.05,-1195302.3,4608,21504,1024,1024,-384308.85,-1195379.1,-384155.25,-1195225.5,p0005_0001,5,1,-385000.05,-1191999.9,600.0
867,503,L0_1024_s512,1024,512,0.15,153.6,76.8,-384232.05,-1195379.1,4608,22016,1024,1024,-384308.85,-1195455.9,-384155.25,-1195302.2999999998,p0005_0001,5,1,-385000.05,-1191999.9,600.0
868,504,L0_1024_s512,1024,512,0.15,153.6,76.8,-384232.05,-1195455.9,4608,22528,1024,1024,-384308.85,-1195532.7,-384155.25,-1195379.1,p0005_0001,5,1,-385000.05,-1191999.9,600.0
869,505,L0_1024_s512,1024,512,0.15,153.6,76.8,-384232.05,-1195532.7,4608,23040,1024,1024,-384308.85,-1195609.5,-384155.25,-1195455.9,p0005_0001,5,1,-385000.05,-1191999.9,600.0
870,506,L0_1024_s512,1024,512,0.15,153.6,76.8,-384232.05,-1195609.5,4608,23552,1024,1024,-384308.85,-1195686.2999999998,-384155.25,-1195532.7,p0006_0001,6,1,-385000.05,-1191999.9,600.0
871,507,L0_1024_s512,1024,512,0.15,153.6,76.8,-384232.05,-1195686.3,4608,24064,1024,1024,-384308.85,-1195763.1,-384155.25,-1195609.5,p0006_0001,6,1,-385000.05,-1191999.9,600.0
872,508,L0_1024_s512,1024,512,0.15,153.6,76.8,-384232.05,-1195763.1,4608,24576,1024,1024,-384308.85,-1195839.9,-384155.25,-1195686.2999999998,p0006_0001,6,1,-385000.05,-1191999.9,600.0
873,509,L0_1024_s512,1024,512,0.15,153.6,76.8,-384232.05,-1195839.9,4608,25088,1024,1024,-384308.85,-1195916.7,-384155.25,-1195763.1,p0006_0001,6,1,-385000.05,-1191999.9,600.0
874,510,L0_1024_s512,1024,512,0.15,153.6,76.8,-384232.05,-1195916.7,4608,25600,1024,1024,-384308.85,-1195993.5,-384155.25,-1195839.9,p0006_0001,6,1,-385000.05,-1191999.9,600.0
875,537,L0_1024_s512,1024,512,0.15,153.6,76.8,-384155.25,-1194073.5,5119,13312,1024,1024,-384232.2,-1194150.2999999998,-384078.6,-1193996.7,p0003_0001,3,1,-385000.05,-1191999.9,600.0
876,538,L0_1024_s512,1024,512,0.15,153.6,76.8,-384155.25,-1194150.3,5119,13824,1024,1024,-384232.2,-1194227.1,-384078.6,-1194073.5,p0003_0001,3,1,-385000.05,-1191999.9,600.0
877,539,L0_1024_s512,1024,512,0.15,153.6,76.8,-384155.25,-1194227.1,5119,14336,1024,1024,-384232.2,-1194303.9,-384078.6,-1194150.2999999998,p0003_0001,3,1,-385000.05,-1191999.9,600.0
878,540,L0_1024_s512,1024,512,0.15,153.6,76.8,-384155.25,-1194303.9,5119,14848,1024,1024,-384232.2,-1194380.7,-384078.6,-1194227.1,p0003_0001,3,1,-385000.05,-1191999.9,600.0
879,541,L0_1024_s512,1024,512,0.15,153.6,76.8,-384155.25,-1194380.7,5119,15360,1024,1024,-384232.2,-1194457.5,-384078.6,-1194303.9,p0003_0001,3,1,-385000.05,-1191999.9,600.0
880,542,L0_1024_s512,1024,512,0.15,153.6,76.8,-384155.25,-1194457.5,5119,15872,1024,1024,-384232.2,-1194534.2999999998,-384078.6,-1194380.7,p0004_0001,4,1,-385000.05,-1191999.9,600.0
881,543,L0_1024_s512,1024,512,0.15,153.6,76.8,-384155.25,-1194534.3,5119,16384,1024,1024,-384232.2,-1194611.1,-384078.6,-1194457.5,p0004_0001,4,1,-385000.05,-1191999.9,600.0
882,544,L0_1024_s512,1024,512,0.15,153.6,76.8,-384155.25,-1194611.1,5119,16896,1024,1024,-384232.2,-1194687.9,-384078.6,-1194534.2999999998,p0004_0001,4,1,-385000.05,-1191999.9,600.0
883,545,L0_1024_s512,1024,512,0.15,153.6,76.8,-384155.25,-1194687.9,5119,17408,1024,1024,-384232.2,-1194764.7,-384078.6,-1194611.1,p0004_0001,4,1,-385000.05,-1191999.9,600.0
884,546,L0_1024_s512,1024,512,0.15,153.6,76.8,-384155.25,-1194764.7,5119,17920,1024,1024,-384232.2,-1194841.5,-384078.6,-1194687.9,p0004_0001,4,1,-385000.05,-1191999.9,600.0
885,547,L0_1024_s512,1024,512,0.15,153.6,76.8,-384155.25,-1194841.5,5119,18432,1024,1024,-384232.2,-1194918.2999999998,-384078.6,-1194764.7,p0004_0001,4,1,-385000.05,-1191999.9,600.0
886,548,L0_1024_s512,1024,512,0.15,153.6,76.8,-384155.25,-1194918.3,5119,18944,1024,1024,-384232.2,-1194995.1,-384078.6,-1194841.5,p0004_0001,4,1,-385000.05,-1191999.9,600.0
887,549,L0_1024_s512,1024,512,0.15,153.6,76.8,-384155.25,-1194995.1,5119,19456,1024,1024,-384232.2,-1195071.9,-384078.6,-1194918.2999999998,p0004_0001,4,1,-385000.05,-1191999.9,600.0
888,550,L0_1024_s512,1024,512,0.15,153.6,76.8,-384155.25,-1195071.9,5119,19968,1024,1024,-384232.2,-1195148.7,-384078.6,-1194995.1,p0005_0001,5,1,-385000.05,-1191999.9,600.0
889,551,L0_1024_s512,1024,512,0.15,153.6,76.8,-384155.25,-1195148.7,5119,20480,1024,1024,-384232.2,-1195225.5,-384078.6,-1195071.9,p0005_0001,5,1,-385000.05,-1191999.9,600.0
890,552,L0_1024_s512,1024,512,0.15,153.6,76.8,-384155.25,-1195225.5,5119,20992,1024,1024,-384232.2,-1195302.2999999998,-384078.6,-1195148.7,p0005_0001,5,1,-385000.05,-1191999.9,600.0
891,553,L0_1024_s512,1024,512,0.15,153.6,76.8,-384155.25,-1195302.3,5119,21504,1024,1024,-384232.2,-1195379.1,-384078.6,-1195225.5,p0005_0001,5,1,-385000.05,-1191999.9,600.0
892,554,L0_1024_s512,1024,512,0.15,153.6,76.8,-384155.25,-1195379.1,5119,22016,1024,1024,-384232.2,-1195455.9,-384078.6,-1195302.2999999998,p0005_0001,5,1,-385000.05,-1191999.9,600.0
893,555,L0_1024_s512,1024,512,0.15,153.6,76.8,-384155.25,-1195455.9,5119,22528,1024,1024,-384232.2,-1195532.7,-384078.6,-1195379.1,p0005_0001,5,1,-385000.05,-1191999.9,600.0
894,556,L0_1024_s512,1024,512,0.15,153.6,76.8,-384155.25,-1195532.7,5119,23040,1024,1024,-384232.2,-1195609.5,-384078.6,-1195455.9,p0005_0001,5,1,-385000.05,-1191999.9,600.0
895,557,L0_1024_s512,1024,512,0.15,153.6,76.8,-384155.25,-1195609.5,5119,23552,1024,1024,-384232.2,-1195686.2999999998,-384078.6,-1195532.7,p0006_0001,6,1,-385000.05,-1191999.9,600.0
896,558,L0_1024_s512,1024,512,0.15,153.6,76.8,-384155.25,-1195686.3,5119,24064,1024,1024,-384232.2,-1195763.1,-384078.6,-1195609.5,p0006_0001,6,1,-385000.05,-1191999.9,600.0
897,559,L0_1024_s512,1024,512,0.15,153.6,76.8,-384155.25,-1195763.1,5119,24576,1024,1024,-384232.2,-1195839.9,-384078.6,-1195686.2999999998,p0006_0001,6,1,-385000.05,-1191999.9,600.0
898,560,L0_1024_s512,1024,512,0.15,153.6,76.8,-384155.25,-1195839.9,5119,25088,1024,1024,-384232.2,-1195916.7,-384078.6,-1195763.1,p0006_0001,6,1,-385000.05,-1191999.9,600.0
899,561,L0_1024_s512,1024,512,0.15,153.6,76.8,-384155.25,-1195916.7,5119,25600,1024,1024,-384232.2,-1195993.5,-384078.6,-1195839.9,p0006_0001,6,1,-385000.05,-1191999.9,600.0
900,588,L0_1024_s512,1024,512,0.15,153.6,76.8,-384078.45,-1194073.5,5631,13312,1024,1024,-384155.4,-1194150.2999999998,-384001.8,-1193996.7,p0003_0001,3,1,-385000.05,-1191999.9,600.0
901,589,L0_1024_s512,1024,512,0.15,153.6,76.8,-384078.45,-1194150.3,5631,13824,1024,1024,-384155.4,-1194227.1,-384001.8,-1194073.5,p0003_0001,3,1,-385000.05,-1191999.9,600.0
902,590,L0_1024_s512,1024,512,0.15,153.6,76.8,-384078.45,-1194227.1,5631,14336,1024,1024,-384155.4,-1194303.9,-384001.8,-1194150.2999999998,p0003_0001,3,1,-385000.05,-1191999.9,600.0
903,591,L0_1024_s512,1024,512,0.15,153.6,76.8,-384078.45,-1194303.9,5631,14848,1024,1024,-384155.4,-1194380.7,-384001.8,-1194227.1,p0003_0001,3,1,-385000.05,-1191999.9,600.0
904,592,L0_1024_s512,1024,512,0.15,153.6,76.8,-384078.45,-1194380.7,5631,15360,1024,1024,-384155.4,-1194457.5,-384001.8,-1194303.9,p0003_0001,3,1,-385000.05,-1191999.9,600.0
905,593,L0_1024_s512,1024,512,0.15,153.6,76.8,-384078.45,-1194457.5,5631,15872,1024,1024,-384155.4,-1194534.2999999998,-384001.8,-1194380.7,p0004_0001,4,1,-385000.05,-1191999.9,600.0
906,594,L0_1024_s512,1024,512,0.15,153.6,76.8,-384078.45,-1194534.3,5631,16384,1024,1024,-384155.4,-1194611.1,-384001.8,-1194457.5,p0004_0001,4,1,-385000.05,-1191999.9,600.0
907,595,L0_1024_s512,1024,512,0.15,153.6,76.8,-384078.45,-1194611.1,5631,16896,1024,1024,-384155.4,-1194687.9,-384001.8,-1194534.2999999998,p0004_0001,4,1,-385000.05,-1191999.9,600.0
908,596,L0_1024_s512,1024,512,0.15,153.6,76.8,-384078.45,-1194687.9,5631,17408,1024,1024,-384155.4,-1194764.7,-384001.8,-1194611.1,p0004_0001,4,1,-385000.05,-1191999.9,600.0
909,597,L0_1024_s512,1024,512,0.15,153.6,76.8,-384078.45,-1194764.7,5631,17920,1024,1024,-384155.4,-1194841.5,-384001.8,-1194687.9,p0004_0001,4,1,-385000.05,-1191999.9,600.0
910,598,L0_1024_s512,1024,512,0.15,153.6,76.8,-384078.45,-1194841.5,5631,18432,1024,1024,-384155.4,-1194918.2999999998,-384001.8,-1194764.7,p0004_0001,4,1,-385000.05,-1191999.9,600.0
911,599,L0_1024_s512,1024,512,0.15,153.6,76.8,-384078.45,-1194918.3,5631,18944,1024,1024,-384155.4,-1194995.1,-384001.8,-1194841.5,p0004_0001,4,1,-385000.05,-1191999.9,600.0
912,600,L0_1024_s512,1024,512,0.15,153.6,76.8,-384078.45,-1194995.1,5631,19456,1024,1024,-384155.4,-1195071.9,-384001.8,-1194918.2999999998,p0004_0001,4,1,-385000.05,-1191999.9,600.0
913,601,L0_1024_s512,1024,512,0.15,153.6,76.8,-384078.45,-1195071.9,5631,19968,1024,1024,-384155.4,-1195148.7,-384001.8,-1194995.1,p0005_0001,5,1,-385000.05,-1191999.9,600.0
914,602,L0_1024_s512,1024,512,0.15,153.6,76.8,-384078.45,-1195148.7,5631,20480,1024,1024,-384155.4,-1195225.5,-384001.8,-1195071.9,p0005_0001,5,1,-385000.05,-1191999.9,600.0
915,603,L0_1024_s512,1024,512,0.15,153.6,76.8,-384078.45,-1195225.5,5631,20992,1024,1024,-384155.4,-1195302.2999999998,-384001.8,-1195148.7,p0005_0001,5,1,-385000.05,-1191999.9,600.0
916,604,L0_1024_s512,1024,512,0.15,153.6,76.8,-384078.45,-1195302.3,5631,21504,1024,1024,-384155.4,-1195379.1,-384001.8,-1195225.5,p0005_0001,5,1,-385000.05,-1191999.9,600.0
917,605,L0_1024_s512,1024,512,0.15,153.6,76.8,-384078.45,-1195379.1,5631,22016,1024,1024,-384155.4,-1195455.9,-384001.8,-1195302.2999999998,p0005_0001,5,1,-385000.05,-1191999.9,600.0
918,606,L0_1024_s512,1024,512,0.15,153.6,76.8,-384078.45,-1195455.9,5631,22528,1024,1024,-384155.4,-1195532.7,-384001.8,-1195379.1,p0005_0001,5,1,-385000.05,-1191999.9,600.0
919,607,L0_1024_s512,1024,512,0.15,153.6,76.8,-384078.45,-1195532.7,5631,23040,1024,1024,-384155.4,-1195609.5,-384001.8,-1195455.9,p0005_0001,5,1,-385000.05,-1191999.9,600.0
920,608,L0_1024_s512,1024,512,0.15,153.6,76.8,-384078.45,-1195609.5,5631,23552,1024,1024,-384155.4,-1195686.2999999998,-384001.8,-1195532.7,p0006_0001,6,1,-385000.05,-1191999.9,600.0
921,609,L0_1024_s512,1024,512,0.15,153.6,76.8,-384078.45,-1195686.3,5631,24064,1024,1024,-384155.4,-1195763.1,-384001.8,-1195609.5,p0006_0001,6,1,-385000.05,-1191999.9,600.0
922,610,L0_1024_s512,1024,512,0.15,153.6,76.8,-384078.45,-1195763.1,5631,24576,1024,1024,-384155.4,-1195839.9,-384001.8,-1195686.2999999998,p0006_0001,6,1,-385000.05,-1191999.9,600.0
923,611,L0_1024_s512,1024,512,0.15,153.6,76.8,-384078.45,-1195839.9,5631,25088,1024,1024,-384155.4,-1195916.7,-384001.8,-1195763.1,p0006_0001,6,1,-385000.05,-1191999.9,600.0
924,612,L0_1024_s512,1024,512,0.15,153.6,76.8,-384078.45,-1195916.7,5631,25600,1024,1024,-384155.4,-1195993.5,-384001.8,-1195839.9,p0006_0001,6,1,-385000.05,-1191999.9,600.0
925,647,L0_1024_s512,1024,512,0.15,153.6,76.8,-384001.65,-1194687.9,6143,17408,1024,1024,-384078.6,-1194764.7,-383925.0,-1194611.1,p0004_0001,4,1,-385000.05,-1191999.9,600.0
926,646,L0_1024_s512,1024,512,0.15,153.6,76.8,-384001.65,-1194611.1,6143,16896,1024,1024,-384078.6,-1194687.9,-383925.0,-1194534.2999999998,p0004_0001,4,1,-385000.05,-1191999.9,600.0
927,645,L0_1024_s512,1024,512,0.15,153.6,76.8,-384001.65,-1194534.3,6143,16384,1024,1024,-384078.6,-1194611.1,-383925.0,-1194457.5,p0004_0001,4,1,-385000.05,-1191999.9,600.0
928,644,L0_1024_s512,1024,512,0.15,153.6,76.8,-384001.65,-1194457.5,6143,15872,1024,1024,-384078.6,-1194534.2999999998,-383925.0,-1194380.7,p0004_0001,4,1,-385000.05,-1191999.9,600.0
929,643,L0_1024_s512,1024,512,0.15,153.6,76.8,-384001.65,-1194380.7,6143,15360,1024,1024,-384078.6,-1194457.5,-383925.0,-1194303.9,p0003_0001,3,1,-385000.05,-1191999.9,600.0
930,642,L0_1024_s512,1024,512,0.15,153.6,76.8,-384001.65,-1194303.9,6143,14848,1024,1024,-384078.6,-1194380.7,-383925.0,-1194227.1,p0003_0001,3,1,-385000.05,-1191999.9,600.0
931,641,L0_1024_s512,1024,512,0.15,153.6,76.8,-384001.65,-1194227.1,6143,14336,1024,1024,-384078.6,-1194303.9,-383925.0,-1194150.2999999998,p0003_0001,3,1,-385000.05,-1191999.9,600.0
932,640,L0_1024_s512,1024,512,0.15,153.6,76.8,-384001.65,-1194150.3,6143,13824,1024,1024,-384078.6,-1194227.1,-383925.0,-1194073.5,p0003_0001,3,1,-385000.05,-1191999.9,600.0
933,639,L0_1024_s512,1024,512,0.15,153.6,76.8,-384001.65,-1194073.5,6143,13312,1024,1024,-384078.6,-1194150.2999999998,-383925.0,-1193996.7,p0003_0001,3,1,-385000.05,-1191999.9,600.0
934,648,L0_1024_s512,1024,512,0.15,153.6,76.8,-384001.65,-1194764.7,6143,17920,1024,1024,-384078.6,-1194841.5,-383925.0,-1194687.9,p0004_0001,4,1,-385000.05,-1191999.9,600.0
935,649,L0_1024_s512,1024,512,0.15,153.6,76.8,-384001.65,-1194841.5,6143,18432,1024,1024,-384078.6,-1194918.2999999998,-383925.0,-1194764.7,p0004_0001,4,1,-385000.05,-1191999.9,600.0
936,650,L0_1024_s512,1024,512,0.15,153.6,76.8,-384001.65,-1194918.3,6143,18944,1024,1024,-384078.6,-1194995.1,-383925.0,-1194841.5,p0004_0001,4,1,-385000.05,-1191999.9,600.0
937,651,L0_1024_s512,1024,512,0.15,153.6,76.8,-384001.65,-1194995.1,6143,19456,1024,1024,-384078.6,-1195071.9,-383925.0,-1194918.2999999998,p0004_0001,4,1,-385000.05,-1191999.9,600.0
938,652,L0_1024_s512,1024,512,0.15,153.6,76.8,-384001.65,-1195071.9,6143,19968,1024,1024,-384078.6,-1195148.7,-383925.0,-1194995.1,p0005_0001,5,1,-385000.05,-1191999.9,600.0
939,653,L0_1024_s512,1024,512,0.15,153.6,76.8,-384001.65,-1195148.7,6143,20480,1024,1024,-384078.6,-1195225.5,-383925.0,-1195071.9,p0005_0001,5,1,-385000.05,-1191999.9,600.0
940,654,L0_1024_s512,1024,512,0.15,153.6,76.8,-384001.65,-1195225.5,6143,20992,1024,1024,-384078.6,-1195302.2999999998,-383925.0,-1195148.7,p0005_0001,5,1,-385000.05,-1191999.9,600.0
941,655,L0_1024_s512,1024,512,0.15,153.6,76.8,-384001.65,-1195302.3,6143,21504,1024,1024,-384078.6,-1195379.1,-383925.0,-1195225.5,p0005_0001,5,1,-385000.05,-1191999.9,600.0
942,656,L0_1024_s512,1024,512,0.15,153.6,76.8,-384001.65,-1195379.1,6143,22016,1024,1024,-384078.6,-1195455.9,-383925.0,-1195302.2999999998,p0005_0001,5,1,-385000.05,-1191999.9,600.0
943,657,L0_1024_s512,1024,512,0.15,153.6,76.8,-384001.65,-1195455.9,6143,22528,1024,1024,-384078.6,-1195532.7,-383925.0,-1195379.1,p0005_0001,5,1,-385000.05,-1191999.9,600.0
944,658,L0_1024_s512,1024,512,0.15,153.6,76.8,-384001.65,-1195532.7,6143,23040,1024,1024,-384078.6,-1195609.5,-383925.0,-1195455.9,p0005_0001,5,1,-385000.05,-1191999.9,600.0
945,659,L0_1024_s512,1024,512,0.15,153.6,76.8,-384001.65,-1195609.5,6143,23552,1024,1024,-384078.6,-1195686.2999999998,-383925.0,-1195532.7,p0006_0001,6,1,-385000.05,-1191999.9,600.0
946,660,L0_1024_s512,1024,512,0.15,153.6,76.8,-384001.65,-1195686.3,6143,24064,1024,1024,-384078.6,-1195763.1,-383925.0,-1195609.5,p0006_0001,6,1,-385000.05,-1191999.9,600.0
947,661,L0_1024_s512,1024,512,0.15,153.6,76.8,-384001.65,-1195763.1,6143,24576,1024,1024,-384078.6,-1195839.9,-383925.0,-1195686.2999999998,p0006_0001,6,1,-385000.05,-1191999.9,600.0
948,662,L0_1024_s512,1024,512,0.15,153.6,76.8,-384001.65,-1195839.9,6143,25088,1024,1024,-384078.6,-1195916.7,-383925.0,-1195763.1,p0006_0001,6,1,-385000.05,-1191999.9,600.0
949,663,L0_1024_s512,1024,512,0.15,153.6,76.8,-384001.65,-1195916.7,6143,25600,1024,1024,-384078.6,-1195993.5,-383925.0,-1195839.9,p0006_0001,6,1,-385000.05,-1191999.9,600.0
950,690,L0_1024_s512,1024,512,0.15,153.6,76.8,-383924.85,-1194073.5,6656,13312,1024,1024,-384001.65,-1194150.2999999998,-383848.05,-1193996.7,p0003_0001,3,1,-385000.05,-1191999.9,600.0
951,691,L0_1024_s512,1024,512,0.15,153.6,76.8,-383924.85,-1194150.3,6656,13824,1024,1024,-384001.65,-1194227.1,-383848.05,-1194073.5,p0003_0001,3,1,-385000.05,-1191999.9,600.0
952,692,L0_1024_s512,1024,512,0.15,153.6,76.8,-383924.85,-1194227.1,6656,14336,1024,1024,-384001.65,-1194303.9,-383848.05,-1194150.2999999998,p0003_0001,3,1,-385000.05,-1191999.9,600.0
953,693,L0_1024_s512,1024,512,0.15,153.6,76.8,-383924.85,-1194303.9,6656,14848,1024,1024,-384001.65,-1194380.7,-383848.05,-1194227.1,p0003_0001,3,1,-385000.05,-1191999.9,600.0
954,694,L0_1024_s512,1024,512,0.15,153.6,76.8,-383924.85,-1194380.7,6656,15360,1024,1024,-384001.65,-1194457.5,-383848.05,-1194303.9,p0003_0001,3,1,-385000.05,-1191999.9,600.0
955,695,L0_1024_s512,1024,512,0.15,153.6,76.8,-383924.85,-1194457.5,6656,15872,1024,1024,-384001.65,-1194534.2999999998,-383848.05,-1194380.7,p0004_0001,4,1,-385000.05,-1191999.9,600.0
956,696,L0_1024_s512,1024,512,0.15,153.6,76.8,-383924.85,-1194534.3,6656,16384,1024,1024,-384001.65,-1194611.1,-383848.05,-1194457.5,p0004_0001,4,1,-385000.05,-1191999.9,600.0
957,697,L0_1024_s512,1024,512,0.15,153.6,76.8,-383924.85,-1194611.1,6656,16896,1024,1024,-384001.65,-1194687.9,-383848.05,-1194534.2999999998,p0004_0001,4,1,-385000.05,-1191999.9,600.0
958,698,L0_1024_s512,1024,512,0.15,153.6,76.8,-383924.85,-1194687.9,6656,17408,1024,1024,-384001.65,-1194764.7,-383848.05,-1194611.1,p0004_0001,4,1,-385000.05,-1191999.9,600.0
959,699,L0_1024_s512,1024,512,0.15,153.6,76.8,-383924.85,-1194764.7,6656,17920,1024,1024,-384001.65,-1194841.5,-383848.05,-1194687.9,p0004_0001,4,1,-385000.05,-1191999.9,600.0
960,700,L0_1024_s512,1024,512,0.15,153.6,76.8,-383924.85,-1194841.5,6656,18432,1024,1024,-384001.65,-1194918.2999999998,-383848.05,-1194764.7,p0004_0001,4,1,-385000.05,-1191999.9,600.0
961,701,L0_1024_s512,1024,512,0.15,153.6,76.8,-383924.85,-1194918.3,6656,18944,1024,1024,-384001.65,-1194995.1,-383848.05,-1194841.5,p0004_0001,4,1,-385000.05,-1191999.9,600.0
962,702,L0_1024_s512,1024,512,0.15,153.6,76.8,-383924.85,-1194995.1,6656,19456,1024,1024,-384001.65,-1195071.9,-383848.05,-1194918.2999999998,p0004_0001,4,1,-385000.05,-1191999.9,600.0
963,703,L0_1024_s512,1024,512,0.15,153.6,76.8,-383924.85,-1195071.9,6656,19968,1024,1024,-384001.65,-1195148.7,-383848.05,-1194995.1,p0005_0001,5,1,-385000.05,-1191999.9,600.0
964,704,L0_1024_s512,1024,512,0.15,153.6,76.8,-383924.85,-1195148.7,6656,20480,1024,1024,-384001.65,-1195225.5,-383848.05,-1195071.9,p0005_0001,5,1,-385000.05,-1191999.9,600.0
965,705,L0_1024_s512,1024,512,0.15,153.6,76.8,-383924.85,-1195225.5,6656,20992,1024,1024,-384001.65,-1195302.2999999998,-383848.05,-1195148.7,p0005_0001,5,1,-385000.05,-1191999.9,600.0
966,706,L0_1024_s512,1024,512,0.15,153.6,76.8,-383924.85,-1195302.3,6656,21504,1024,1024,-384001.65,-1195379.1,-383848.05,-1195225.5,p0005_0001,5,1,-385000.05,-1191999.9,600.0
967,707,L0_1024_s512,1024,512,0.15,153.6,76.8,-383924.85,-1195379.1,6656,22016,1024,1024,-384001.65,-1195455.9,-383848.05,-1195302.2999999998,p0005_0001,5,1,-385000.05,-1191999.9,600.0
968,708,L0_1024_s512,1024,512,0.15,153.6,76.8,-383924.85,-1195455.9,6656,22528,1024,1024,-384001.65,-1195532.7,-383848.05,-1195379.1,p0005_0001,5,1,-385000.05,-1191999.9,600.0
969,709,L0_1024_s512,1024,512,0.15,153.6,76.8,-383924.85,-1195532.7,6656,23040,1024,1024,-384001.65,-1195609.5,-383848.05,-1195455.9,p0005_0001,5,1,-385000.05,-1191999.9,600.0
970,710,L0_1024_s512,1024,512,0.15,153.6,76.8,-383924.85,-1195609.5,6656,23552,1024,1024,-384001.65,-1195686.2999999998,-383848.05,-1195532.7,p0006_0001,6,1,-385000.05,-1191999.9,600.0
971,711,L0_1024_s512,1024,512,0.15,153.6,76.8,-383924.85,-1195686.3,6656,24064,1024,1024,-384001.65,-1195763.1,-383848.05,-1195609.5,p0006_0001,6,1,-385000.05,-1191999.9,600.0
972,712,L0_1024_s512,1024,512,0.15,153.6,76.8,-383924.85,-1195763.1,6656,24576,1024,1024,-384001.65,-1195839.9,-383848.05,-1195686.2999999998,p0006_0001,6,1,-385000.05,-1191999.9,600.0
973,713,L0_1024_s512,1024,512,0.15,153.6,76.8,-383924.85,-1195839.9,6656,25088,1024,1024,-384001.65,-1195916.7,-383848.05,-1195763.1,p0006_0001,6,1,-385000.05,-1191999.9,600.0
974,714,L0_1024_s512,1024,512,0.15,153.6,76.8,-383924.85,-1195916.7,6656,25600,1024,1024,-384001.65,-1195993.5,-383848.05,-1195839.9,p0006_0001,6,1,-385000.05,-1191999.9,600.0
975,741,L0_1024_s512,1024,512,0.15,153.6,76.8,-383848.05,-1194073.5,7168,13312,1024,1024,-383924.85,-1194150.2999999998,-383771.25,-1193996.7,p0003_0001,3,1,-385000.05,-1191999.9,600.0
976,742,L0_1024_s512,1024,512,0.15,153.6,76.8,-383848.05,-1194150.3,7168,13824,1024,1024,-383924.85,-1194227.1,-383771.25,-1194073.5,p0003_0001,3,1,-385000.05,-1191999.9,600.0
977,743,L0_1024_s512,1024,512,0.15,153.6,76.8,-383848.05,-1194227.1,7168,14336,1024,1024,-383924.85,-1194303.9,-383771.25,-1194150.2999999998,p0003_0001,3,1,-385000.05,-1191999.9,600.0
978,744,L0_1024_s512,1024,512,0.15,153.6,76.8,-383848.05,-1194303.9,7168,14848,1024,1024,-383924.85,-1194380.7,-383771.25,-1194227.1,p0003_0001,3,1,-385000.05,-1191999.9,600.0
979,745,L0_1024_s512,1024,512,0.15,153.6,76.8,-383848.05,-1194380.7,7168,15360,1024,1024,-383924.85,-1194457.5,-383771.25,-1194303.9,p0003_0001,3,1,-385000.05,-1191999.9,600.0
980,746,L0_1024_s512,1024,512,0.15,153.6,76.8,-383848.05,-1194457.5,7168,15872,1024,1024,-383924.85,-1194534.2999999998,-383771.25,-1194380.7,p0004_0001,4,1,-385000.05,-1191999.9,600.0
981,747,L0_1024_s512,1024,512,0.15,153.6,76.8,-383848.05,-1194534.3,7168,16384,1024,1024,-383924.85,-1194611.1,-383771.25,-1194457.5,p0004_0001,4,1,-385000.05,-1191999.9,600.0
982,748,L0_1024_s512,1024,512,0.15,153.6,76.8,-383848.05,-1194611.1,7168,16896,1024,1024,-383924.85,-1194687.9,-383771.25,-1194534.2999999998,p0004_0001,4,1,-385000.05,-1191999.9,600.0
983,749,L0_1024_s512,1024,512,0.15,153.6,76.8,-383848.05,-1194687.9,7168,17408,1024,1024,-383924.85,-1194764.7,-383771.25,-1194611.1,p0004_0001,4,1,-385000.05,-1191999.9,600.0
984,750,L0_1024_s512,1024,512,0.15,153.6,76.8,-383848.05,-1194764.7,7168,17920,1024,1024,-383924.85,-1194841.5,-383771.25,-1194687.9,p0004_0001,4,1,-385000.05,-1191999.9,600.0
985,751,L0_1024_s512,1024,512,0.15,153.6,76.8,-383848.05,-1194841.5,7168,18432,1024,1024,-383924.85,-1194918.2999999998,-383771.25,-1194764.7,p0004_0001,4,1,-385000.05,-1191999.9,600.0
986,752,L0_1024_s512,1024,512,0.15,153.6,76.8,-383848.05,-1194918.3,7168,18944,1024,1024,-383924.85,-1194995.1,-383771.25,-1194841.5,p0004_0001,4,1,-385000.05,-1191999.9,600.0
987,753,L0_1024_s512,1024,512,0.15,153.6,76.8,-383848.05,-1194995.1,7168,19456,1024,1024,-383924.85,-1195071.9,-383771.25,-1194918.2999999998,p0004_0001,4,1,-385000.05,-1191999.9,600.0
988,754,L0_1024_s512,1024,512,0.15,153.6,76.8,-383848.05,-1195071.9,7168,19968,1024,1024,-383924.85,-1195148.7,-383771.25,-1194995.1,p0005_0001,5,1,-385000.05,-1191999.9,600.0
989,755,L0_1024_s512,1024,512,0.15,153.6,76.8,-383848.05,-1195148.7,7168,20480,1024,1024,-383924.85,-1195225.5,-383771.25,-1195071.9,p0005_0001,5,1,-385000.05,-1191999.9,600.0
990,756,L0_1024_s512,1024,512,0.15,153.6,76.8,-383848.05,-1195225.5,7168,20992,1024,1024,-383924.85,-1195302.2999999998,-383771.25,-1195148.7,p0005_0001,5,1,-385000.05,-1191999.9,600.0
991,757,L0_1024_s512,1024,512,0.15,153.6,76.8,-383848.05,-1195302.3,7168,21504,1024,1024,-383924.85,-1195379.1,-383771.25,-1195225.5,p0005_0001,5,1,-385000.05,-1191999.9,600.0
992,758,L0_1024_s512,1024,512,0.15,153.6,76.8,-383848.05,-1195379.1,7168,22016,1024,1024,-383924.85,-1195455.9,-383771.25,-1195302.2999999998,p0005_0001,5,1,-385000.05,-1191999.9,600.0
993,759,L0_1024_s512,1024,512,0.15,153.6,76.8,-383848.05,-1195455.9,7168,22528,1024,1024,-383924.85,-1195532.7,-383771.25,-1195379.1,p0005_0001,5,1,-385000.05,-1191999.9,600.0
994,760,L0_1024_s512,1024,512,0.15,153.6,76.8,-383848.05,-1195532.7,7168,23040,1024,1024,-383924.85,-1195609.5,-383771.25,-1195455.9,p0005_0001,5,1,-385000.05,-1191999.9,600.0
995,761,L0_1024_s512,1024,512,0.15,153.6,76.8,-383848.05,-1195609.5,7168,23552,1024,1024,-383924.85,-1195686.2999999998,-383771.25,-1195532.7,p0006_0001,6,1,-385000.05,-1191999.9,600.0
996,762,L0_1024_s512,1024,512,0.15,153.6,76.8,-383848.05,-1195686.3,7168,24064,1024,1024,-383924.85,-1195763.1,-383771.25,-1195609.5,p0006_0001,6,1,-385000.05,-1191999.9,600.0
997,763,L0_1024_s512,1024,512,0.15,153.6,76.8,-383848.05,-1195763.1,7168,24576,1024,1024,-383924.85,-1195839.9,-383771.25,-1195686.2999999998,p0006_0001,6,1,-385000.05,-1191999.9,600.0
998,764,L0_1024_s512,1024,512,0.15,153.6,76.8,-383848.05,-1195839.9,7168,25088,1024,1024,-383924.85,-1195916.7,-383771.25,-1195763.1,p0006_0001,6,1,-385000.05,-1191999.9,600.0
999,765,L0_1024_s512,1024,512,0.15,153.6,76.8,-383848.05,-1195916.7,7168,25600,1024,1024,-383924.85,-1195993.5,-383771.25,-1195839.9,p0006_0001,6,1,-385000.05,-1191999.9,600.0
1000,792,L0_1024_s512,1024,512,0.15,153.6,76.8,-383771.25,-1194073.5,7679,13312,1024,1024,-383848.2,-1194150.2999999998,-383694.6,-1193996.7,p0003_0002,3,2,-385000.05,-1191999.9,600.0
1001,793,L0_1024_s512,1024,512,0.15,153.6,76.8,-383771.25,-1194150.3,7679,13824,1024,1024,-383848.2,-1194227.1,-383694.6,-1194073.5,p0003_0002,3,2,-385000.05,-1191999.9,600.0
1002,794,L0_1024_s512,1024,512,0.15,153.6,76.8,-383771.25,-1194227.1,7679,14336,1024,1024,-383848.2,-1194303.9,-383694.6,-1194150.2999999998,p0003_0002,3,2,-385000.05,-1191999.9,600.0
1003,795,L0_1024_s512,1024,512,0.15,153.6,76.8,-383771.25,-1194303.9,7679,14848,1024,1024,-383848.2,-1194380.7,-383694.6,-1194227.1,p0003_0002,3,2,-385000.05,-1191999.9,600.0
1004,796,L0_1024_s512,1024,512,0.15,153.6,76.8,-383771.25,-1194380.7,7679,15360,1024,1024,-383848.2,-1194457.5,-383694.6,-1194303.9,p0003_0002,3,2,-385000.05,-1191999.9,600.0
1005,797,L0_1024_s512,1024,512,0.15,153.6,76.8,-383771.25,-1194457.5,7679,15872,1024,1024,-383848.2,-1194534.2999999998,-383694.6,-1194380.7,p0004_0002,4,2,-385000.05,-1191999.9,600.0
1006,798,L0_1024_s512,1024,512,0.15,153.6,76.8,-383771.25,-1194534.3,7679,16384,1024,1024,-383848.2,-1194611.1,-383694.6,-1194457.5,p0004_0002,4,2,-385000.05,-1191999.9,600.0
1007,799,L0_1024_s512,1024,512,0.15,153.6,76.8,-383771.25,-1194611.1,7679,16896,1024,1024,-383848.2,-1194687.9,-383694.6,-1194534.2999999998,p0004_0002,4,2,-385000.05,-1191999.9,600.0
1008,800,L0_1024_s512,1024,512,0.15,153.6,76.8,-383771.25,-1194687.9,7679,17408,1024,1024,-383848.2,-1194764.7,-383694.6,-1194611.1,p0004_0002,4,2,-385000.05,-1191999.9,600.0
1009,801,L0_1024_s512,1024,512,0.15,153.6,76.8,-383771.25,-1194764.7,7679,17920,1024,1024,-383848.2,-1194841.5,-383694.6,-1194687.9,p0004_0002,4,2,-385000.05,-1191999.9,600.0
1010,802,L0_1024_s512,1024,512,0.15,153.6,76.8,-383771.25,-1194841.5,7679,18432,1024,1024,-383848.2,-1194918.2999999998,-383694.6,-1194764.7,p0004_0002,4,2,-385000.05,-1191999.9,600.0
1011,803,L0_1024_s512,1024,512,0.15,153.6,76.8,-383771.25,-1194918.3,7679,18944,1024,1024,-383848.2,-1194995.1,-383694.6,-1194841.5,p0004_0002,4,2,-385000.05,-1191999.9,600.0
1012,804,L0_1024_s512,1024,512,0.15,153.6,76.8,-383771.25,-1194995.1,7679,19456,1024,1024,-383848.2,-1195071.9,-383694.6,-1194918.2999999998,p0004_0002,4,2,-385000.05,-1191999.9,600.0
1013,805,L0_1024_s512,1024,512,0.15,153.6,76.8,-383771.25,-1195071.9,7679,19968,1024,1024,-383848.2,-1195148.7,-383694.6,-1194995.1,p0005_0002,5,2,-385000.05,-1191999.9,600.0
1014,806,L0_1024_s512,1024,512,0.15,153.6,76.8,-383771.25,-1195148.7,7679,20480,1024,1024,-383848.2,-1195225.5,-383694.6,-1195071.9,p0005_0002,5,2,-385000.05,-1191999.9,600.0
1015,807,L0_1024_s512,1024,512,0.15,153.6,76.8,-383771.25,-1195225.5,7679,20992,1024,1024,-383848.2,-1195302.2999999998,-383694.6,-1195148.7,p0005_0002,5,2,-385000.05,-1191999.9,600.0
1016,808,L0_1024_s512,1024,512,0.15,153.6,76.8,-383771.25,-1195302.3,7679,21504,1024,1024,-383848.2,-1195379.1,-383694.6,-1195225.5,p0005_0002,5,2,-385000.05,-1191999.9,600.0
1017,809,L0_1024_s512,1024,512,0.15,153.6,76.8,-383771.25,-1195379.1,7679,22016,1024,1024,-383848.2,-1195455.9,-383694.6,-1195302.2999999998,p0005_0002,5,2,-385000.05,-1191999.9,600.0
1018,810,L0_1024_s512,1024,512,0.15,153.6,76.8,-383771.25,-1195455.9,7679,22528,1024,1024,-383848.2,-1195532.7,-383694.6,-1195379.1,p0005_0002,5,2,-385000.05,-1191999.9,600.0
1019,811,L0_1024_s512,1024,512,0.15,153.6,76.8,-383771.25,-1195532.7,7679,23040,1024,1024,-383848.2,-1195609.5,-383694.6,-1195455.9,p0005_0002,5,2,-385000.05,-1191999.9,600.0
1020,812,L0_1024_s512,1024,512,0.15,153.6,76.8,-383771.25,-1195609.5,7679,23552,1024,1024,-383848.2,-1195686.2999999998,-383694.6,-1195532.7,p0006_0002,6,2,-385000.05,-1191999.9,600.0
1021,813,L0_1024_s512,1024,512,0.15,153.6,76.8,-383771.25,-1195686.3,7679,24064,1024,1024,-383848.2,-1195763.1,-383694.6,-1195609.5,p0006_0002,6,2,-385000.05,-1191999.9,600.0
1022,814,L0_1024_s512,1024,512,0.15,153.6,76.8,-383771.25,-1195763.1,7679,24576,1024,1024,-383848.2,-1195839.9,-383694.6,-1195686.2999999998,p0006_0002,6,2,-385000.05,-1191999.9,600.0
1023,815,L0_1024_s512,1024,512,0.15,153.6,76.8,-383771.25,-1195839.9,7679,25088,1024,1024,-383848.2,-1195916.7,-383694.6,-1195763.1,p0006_0002,6,2,-385000.05,-1191999.9,600.0
1024,816,L0_1024_s512,1024,512,0.15,153.6,76.8,-383771.25,-1195916.7,7679,25600,1024,1024,-383848.2,-1195993.5,-383694.6,-1195839.9,p0006_0002,6,2,-385000.05,-1191999.9,600.0
1025,843,L0_1024_s512,1024,512,0.15,153.6,76.8,-383694.45,-1194073.5,8191,13312,1024,1024,-383771.4,-1194150.2999999998,-383617.8,-1193996.7,p0003_0002,3,2,-385000.05,-1191999.9,600.0
1026,844,L0_1024_s512,1024,512,0.15,153.6,76.8,-383694.45,-1194150.3,8191,13824,1024,1024,-383771.4,-1194227.1,-383617.8,-1194073.5,p0003_0002,3,2,-385000.05,-1191999.9,600.0
1027,845,L0_1024_s512,1024,512,0.15,153.6,76.8,-383694.45,-1194227.1,8191,14336,1024,1024,-383771.4,-1194303.9,-383617.8,-1194150.2999999998,p0003_0002,3,2,-385000.05,-1191999.9,600.0
1028,846,L0_1024_s512,1024,512,0.15,153.6,76.8,-383694.45,-1194303.9,8191,14848,1024,1024,-383771.4,-1194380.7,-383617.8,-1194227.1,p0003_0002,3,2,-385000.05,-1191999.9,600.0
1029,847,L0_1024_s512,1024,512,0.15,153.6,76.8,-383694.45,-1194380.7,8191,15360,1024,1024,-383771.4,-1194457.5,-383617.8,-1194303.9,p0003_0002,3,2,-385000.05,-1191999.9,600.0
1030,848,L0_1024_s512,1024,512,0.15,153.6,76.8,-383694.45,-1194457.5,8191,15872,1024,1024,-383771.4,-1194534.2999999998,-383617.8,-1194380.7,p0004_0002,4,2,-385000.05,-1191999.9,600.0
1031,849,L0_1024_s512,1024,512,0.15,153.6,76.8,-383694.45,-1194534.3,8191,16384,1024,1024,-383771.4,-1194611.1,-383617.8,-1194457.5,p0004_0002,4,2,-385000.05,-1191999.9,600.0
1032,850,L0_1024_s512,1024,512,0.15,153.6,76.8,-383694.45,-1194611.1,8191,16896,1024,1024,-383771.4,-1194687.9,-383617.8,-1194534.2999999998,p0004_0002,4,2,-385000.05,-1191999.9,600.0
1033,851,L0_1024_s512,1024,512,0.15,153.6,76.8,-383694.45,-1194687.9,8191,17408,1024,1024,-383771.4,-1194764.7,-383617.8,-1194611.1,p0004_0002,4,2,-385000.05,-1191999.9,600.0
1034,852,L0_1024_s512,1024,512,0.15,153.6,76.8,-383694.45,-1194764.7,8191,17920,1024,1024,-383771.4,-1194841.5,-383617.8,-1194687.9,p0004_0002,4,2,-385000.05,-1191999.9,600.0
1035,853,L0_1024_s512,1024,512,0.15,153.6,76.8,-383694.45,-1194841.5,8191,18432,1024,1024,-383771.4,-1194918.2999999998,-383617.8,-1194764.7,p0004_0002,4,2,-385000.05,-1191999.9,600.0
1036,854,L0_1024_s512,1024,512,0.15,153.6,76.8,-383694.45,-1194918.3,8191,18944,1024,1024,-383771.4,-1194995.1,-383617.8,-1194841.5,p0004_0002,4,2,-385000.05,-1191999.9,600.0
1037,855,L0_1024_s512,1024,512,0.15,153.6,76.8,-383694.45,-1194995.1,8191,19456,1024,1024,-383771.4,-1195071.9,-383617.8,-1194918.2999999998,p0004_0002,4,2,-385000.05,-1191999.9,600.0
1038,856,L0_1024_s512,1024,512,0.15,153.6,76.8,-383694.45,-1195071.9,8191,19968,1024,1024,-383771.4,-1195148.7,-383617.8,-1194995.1,p0005_0002,5,2,-385000.05,-1191999.9,600.0
1039,857,L0_1024_s512,1024,512,0.15,153.6,76.8,-383694.45,-1195148.7,8191,20480,1024,1024,-383771.4,-1195225.5,-383617.8,-1195071.9,p0005_0002,5,2,-385000.05,-1191999.9,600.0
1040,858,L0_1024_s512,1024,512,0.15,153.6,76.8,-383694.45,-1195225.5,8191,20992,1024,1024,-383771.4,-1195302.2999999998,-383617.8,-1195148.7,p0005_0002,5,2,-385000.05,-1191999.9,600.0
1041,859,L0_1024_s512,1024,512,0.15,153.6,76.8,-383694.45,-1195302.3,8191,21504,1024,1024,-383771.4,-1195379.1,-383617.8,-1195225.5,p0005_0002,5,2,-385000.05,-1191999.9,600.0
1042,860,L0_1024_s512,1024,512,0.15,153.6,76.8,-383694.45,-1195379.1,8191,22016,1024,1024,-383771.4,-1195455.9,-383617.8,-1195302.2999999998,p0005_0002,5,2,-385000.05,-1191999.9,600.0
1043,861,L0_1024_s512,1024,512,0.15,153.6,76.8,-383694.45,-1195455.9,8191,22528,1024,1024,-383771.4,-1195532.7,-383617.8,-1195379.1,p0005_0002,5,2,-385000.05,-1191999.9,600.0
1044,862,L0_1024_s512,1024,512,0.15,153.6,76.8,-383694.45,-1195532.7,8191,23040,1024,1024,-383771.4,-1195609.5,-383617.8,-1195455.9,p0005_0002,5,2,-385000.05,-1191999.9,600.0
1045,863,L0_1024_s512,1024,512,0.15,153.6,76.8,-383694.45,-1195609.5,8191,23552,1024,1024,-383771.4,-1195686.2999999998,-383617.8,-1195532.7,p0006_0002,6,2,-385000.05,-1191999.9,600.0
1046,864,L0_1024_s512,1024,512,0.15,153.6,76.8,-383694.45,-1195686.3,8191,24064,1024,1024,-383771.4,-1195763.1,-383617.8,-1195609.5,p0006_0002,6,2,-385000.05,-1191999.9,600.0
1047,865,L0_1024_s512,1024,512,0.15,153.6,76.8,-383694.45,-1195763.1,8191,24576,1024,1024,-383771.4,-1195839.9,-383617.8,-1195686.2999999998,p0006_0002,6,2,-385000.05,-1191999.9,600.0
1048,866,L0_1024_s512,1024,512,0.15,153.6,76.8,-383694.45,-1195839.9,8191,25088,1024,1024,-383771.4,-1195916.7,-383617.8,-1195763.1,p0006_0002,6,2,-385000.05,-1191999.9,600.0
1049,867,L0_1024_s512,1024,512,0.15,153.6,76.8,-383694.45,-1195916.7,8191,25600,1024,1024,-383771.4,-1195993.5,-383617.8,-1195839.9,p0006_0002,6,2,-385000.05,-1191999.9,600.0
1050,894,L0_1024_s512,1024,512,0.15,153.6,76.8,-383617.65,-1194073.5,8703,13312,1024,1024,-383694.6,-1194150.2999999998,-383541.0,-1193996.7,p0003_0002,3,2,-385000.05,-1191999.9,600.0
1051,895,L0_1024_s512,1024,512,0.15,153.6,76.8,-383617.65,-1194150.3,8703,13824,1024,1024,-383694.6,-1194227.1,-383541.0,-1194073.5,p0003_0002,3,2,-385000.05,-1191999.9,600.0
1052,896,L0_1024_s512,1024,512,0.15,153.6,76.8,-383617.65,-1194227.1,8703,14336,1024,1024,-383694.6,-1194303.9,-383541.0,-1194150.2999999998,p0003_0002,3,2,-385000.05,-1191999.9,600.0
1053,897,L0_1024_s512,1024,512,0.15,153.6,76.8,-383617.65,-1194303.9,8703,14848,1024,1024,-383694.6,-1194380.7,-383541.0,-1194227.1,p0003_0002,3,2,-385000.05,-1191999.9,600.0
1054,898,L0_1024_s512,1024,512,0.15,153.6,76.8,-383617.65,-1194380.7,8703,15360,1024,1024,-383694.6,-1194457.5,-383541.0,-1194303.9,p0003_0002,3,2,-385000.05,-1191999.9,600.0
1055,899,L0_1024_s512,1024,512,0.15,153.6,76.8,-383617.65,-1194457.5,8703,15872,1024,1024,-383694.6,-1194534.2999999998,-383541.0,-1194380.7,p0004_0002,4,2,-385000.05,-1191999.9,600.0
1056,900,L0_1024_s512,1024,512,0.15,153.6,76.8,-383617.65,-1194534.3,8703,16384,1024,1024,-383694.6,-1194611.1,-383541.0,-1194457.5,p0004_0002,4,2,-385000.05,-1191999.9,600.0
1057,901,L0_1024_s512,1024,512,0.15,153.6,76.8,-383617.65,-1194611.1,8703,16896,1024,1024,-383694.6,-1194687.9,-383541.0,-1194534.2999999998,p0004_0002,4,2,-385000.05,-1191999.9,600.0
1058,902,L0_1024_s512,1024,512,0.15,153.6,76.8,-383617.65,-1194687.9,8703,17408,1024,1024,-383694.6,-1194764.7,-383541.0,-1194611.1,p0004_0002,4,2,-385000.05,-1191999.9,600.0
1059,903,L0_1024_s512,1024,512,0.15,153.6,76.8,-383617.65,-1194764.7,8703,17920,1024,1024,-383694.6,-1194841.5,-383541.0,-1194687.9,p0004_0002,4,2,-385000.05,-1191999.9,600.0
1060,904,L0_1024_s512,1024,512,0.15,153.6,76.8,-383617.65,-1194841.5,8703,18432,1024,1024,-383694.6,-1194918.2999999998,-383541.0,-1194764.7,p0004_0002,4,2,-385000.05,-1191999.9,600.0
1061,905,L0_1024_s512,1024,512,0.15,153.6,76.8,-383617.65,-1194918.3,8703,18944,1024,1024,-383694.6,-1194995.1,-383541.0,-1194841.5,p0004_0002,4,2,-385000.05,-1191999.9,600.0
1062,906,L0_1024_s512,1024,512,0.15,153.6,76.8,-383617.65,-1194995.1,8703,19456,1024,1024,-383694.6,-1195071.9,-383541.0,-1194918.2999999998,p0004_0002,4,2,-385000.05,-1191999.9,600.0
1063,907,L0_1024_s512,1024,512,0.15,153.6,76.8,-383617.65,-1195071.9,8703,19968,1024,1024,-383694.6,-1195148.7,-383541.0,-1194995.1,p0005_0002,5,2,-385000.05,-1191999.9,600.0
1064,908,L0_1024_s512,1024,512,0.15,153.6,76.8,-383617.65,-1195148.7,8703,20480,1024,1024,-383694.6,-1195225.5,-383541.0,-1195071.9,p0005_0002,5,2,-385000.05,-1191999.9,600.0
1065,909,L0_1024_s512,1024,512,0.15,153.6,76.8,-383617.65,-1195225.5,8703,20992,1024,1024,-383694.6,-1195302.2999999998,-383541.0,-1195148.7,p0005_0002,5,2,-385000.05,-1191999.9,600.0
1066,910,L0_1024_s512,1024,512,0.15,153.6,76.8,-383617.65,-1195302.3,8703,21504,1024,1024,-383694.6,-1195379.1,-383541.0,-1195225.5,p0005_0002,5,2,-385000.05,-1191999.9,600.0
1067,911,L0_1024_s512,1024,512,0.15,153.6,76.8,-383617.65,-1195379.1,8703,22016,1024,1024,-383694.6,-1195455.9,-383541.0,-1195302.2999999998,p0005_0002,5,2,-385000.05,-1191999.9,600.0
1068,912,L0_1024_s512,1024,512,0.15,153.6,76.8,-383617.65,-1195455.9,8703,22528,1024,1024,-383694.6,-1195532.7,-383541.0,-1195379.1,p0005_0002,5,2,-385000.05,-1191999.9,600.0
1069,913,L0_1024_s512,1024,512,0.15,153.6,76.8,-383617.65,-1195532.7,8703,23040,1024,1024,-383694.6,-1195609.5,-383541.0,-1195455.9,p0005_0002,5,2,-385000.05,-1191999.9,600.0
1070,914,L0_1024_s512,1024,512,0.15,153.6,76.8,-383617.65,-1195609.5,8703,23552,1024,1024,-383694.6,-1195686.2999999998,-383541.0,-1195532.7,p0006_0002,6,2,-385000.05,-1191999.9,600.0
1071,915,L0_1024_s512,1024,512,0.15,153.6,76.8,-383617.65,-1195686.3,8703,24064,1024,1024,-383694.6,-1195763.1,-383541.0,-1195609.5,p0006_0002,6,2,-385000.05,-1191999.9,600.0
1072,916,L0_1024_s512,1024,512,0.15,153.6,76.8,-383617.65,-1195763.1,8703,24576,1024,1024,-383694.6,-1195839.9,-383541.0,-1195686.2999999998,p0006_0002,6,2,-385000.05,-1191999.9,600.0
1073,917,L0_1024_s512,1024,512,0.15,153.6,76.8,-383617.65,-1195839.9,8703,25088,1024,1024,-383694.6,-1195916.7,-383541.0,-1195763.1,p0006_0002,6,2,-385000.05,-1191999.9,600.0
1074,918,L0_1024_s512,1024,512,0.15,153.6,76.8,-383617.65,-1195916.7,8703,25600,1024,1024,-383694.6,-1195993.5,-383541.0,-1195839.9,p0006_0002,6,2,-385000.05,-1191999.9,600.0
1075,945,L0_1024_s512,1024,512,0.15,153.6,76.8,-383540.85,-1194073.5,9216,13312,1024,1024,-383617.65,-1194150.2999999998,-383464.05,-1193996.7,p0003_0002,3,2,-385000.05,-1191999.9,600.0
1076,946,L0_1024_s512,1024,512,0.15,153.6,76.8,-383540.85,-1194150.3,9216,13824,1024,1024,-383617.65,-1194227.1,-383464.05,-1194073.5,p0003_0002,3,2,-385000.05,-1191999.9,600.0
1077,947,L0_1024_s512,1024,512,0.15,153.6,76.8,-383540.85,-1194227.1,9216,14336,1024,1024,-383617.65,-1194303.9,-383464.05,-1194150.2999999998,p0003_0002,3,2,-385000.05,-1191999.9,600.0
1078,948,L0_1024_s512,1024,512,0.15,153.6,76.8,-383540.85,-1194303.9,9216,14848,1024,1024,-383617.65,-1194380.7,-383464.05,-1194227.1,p0003_0002,3,2,-385000.05,-1191999.9,600.0
1079,949,L0_1024_s512,1024,512,0.15,153.6,76.8,-383540.85,-1194380.7,9216,15360,1024,1024,-383617.65,-1194457.5,-383464.05,-1194303.9,p0003_0002,3,2,-385000.05,-1191999.9,600.0
1080,950,L0_1024_s512,1024,512,0.15,153.6,76.8,-383540.85,-1194457.5,9216,15872,1024,1024,-383617.65,-1194534.2999999998,-383464.05,-1194380.7,p0004_0002,4,2,-385000.05,-1191999.9,600.0
1081,951,L0_1024_s512,1024,512,0.15,153.6,76.8,-383540.85,-1194534.3,9216,16384,1024,1024,-383617.65,-1194611.1,-383464.05,-1194457.5,p0004_0002,4,2,-385000.05,-1191999.9,600.0
1082,952,L0_1024_s512,1024,512,0.15,153.6,76.8,-383540.85,-1194611.1,9216,16896,1024,1024,-383617.65,-1194687.9,-383464.05,-1194534.2999999998,p0004_0002,4,2,-385000.05,-1191999.9,600.0
1083,953,L0_1024_s512,1024,512,0.15,153.6,76.8,-383540.85,-1194687.9,9216,17408,1024,1024,-383617.65,-1194764.7,-383464.05,-1194611.1,p0004_0002,4,2,-385000.05,-1191999.9,600.0
1084,954,L0_1024_s512,1024,512,0.15,153.6,76.8,-383540.85,-1194764.7,9216,17920,1024,1024,-383617.65,-1194841.5,-383464.05,-1194687.9,p0004_0002,4,2,-385000.05,-1191999.9,600.0
1085,955,L0_1024_s512,1024,512,0.15,153.6,76.8,-383540.85,-1194841.5,9216,18432,1024,1024,-383617.65,-1194918.2999999998,-383464.05,-1194764.7,p0004_0002,4,2,-385000.05,-1191999.9,600.0
1086,956,L0_1024_s512,1024,512,0.15,153.6,76.8,-383540.85,-1194918.3,9216,18944,1024,1024,-383617.65,-1194995.1,-383464.05,-1194841.5,p0004_0002,4,2,-385000.05,-1191999.9,600.0
1087,957,L0_1024_s512,1024,512,0.15,153.6,76.8,-383540.85,-1194995.1,9216,19456,1024,1024,-383617.65,-1195071.9,-383464.05,-1194918.2999999998,p0004_0002,4,2,-385000.05,-1191999.9,600.0
1088,958,L0_1024_s512,1024,512,0.15,153.6,76.8,-383540.85,-1195071.9,9216,19968,1024,1024,-383617.65,-1195148.7,-383464.05,-1194995.1,p0005_0002,5,2,-385000.05,-1191999.9,600.0
1089,959,L0_1024_s512,1024,512,0.15,153.6,76.8,-383540.85,-1195148.7,9216,20480,1024,1024,-383617.65,-1195225.5,-383464.05,-1195071.9,p0005_0002,5,2,-385000.05,-1191999.9,600.0
1090,960,L0_1024_s512,1024,512,0.15,153.6,76.8,-383540.85,-1195225.5,9216,20992,1024,1024,-383617.65,-1195302.2999999998,-383464.05,-1195148.7,p0005_0002,5,2,-385000.05,-1191999.9,600.0
1091,961,L0_1024_s512,1024,512,0.15,153.6,76.8,-383540.85,-1195302.3,9216,21504,1024,1024,-383617.65,-1195379.1,-383464.05,-1195225.5,p0005_0002,5,2,-385000.05,-1191999.9,600.0
1092,962,L0_1024_s512,1024,512,0.15,153.6,76.8,-383540.85,-1195379.1,9216,22016,1024,1024,-383617.65,-1195455.9,-383464.05,-1195302.2999999998,p0005_0002,5,2,-385000.05,-1191999.9,600.0
1093,963,L0_1024_s512,1024,512,0.15,153.6,76.8,-383540.85,-1195455.9,9216,22528,1024,1024,-383617.65,-1195532.7,-383464.05,-1195379.1,p0005_0002,5,2,-385000.05,-1191999.9,600.0
1094,964,L0_1024_s512,1024,512,0.15,153.6,76.8,-383540.85,-1195532.7,9216,23040,1024,1024,-383617.65,-1195609.5,-383464.05,-1195455.9,p0005_0002,5,2,-385000.05,-1191999.9,600.0
1095,965,L0_1024_s512,1024,512,0.15,153.6,76.8,-383540.85,-1195609.5,9216,23552,1024,1024,-383617.65,-1195686.2999999998,-383464.05,-1195532.7,p0006_0002,6,2,-385000.05,-1191999.9,600.0
1096,966,L0_1024_s512,1024,512,0.15,153.6,76.8,-383540.85,-1195686.3,9216,24064,1024,1024,-383617.65,-1195763.1,-383464.05,-1195609.5,p0006_0002,6,2,-385000.05,-1191999.9,600.0
1097,967,L0_1024_s512,1024,512,0.15,153.6,76.8,-383540.85,-1195763.1,9216,24576,1024,1024,-383617.65,-1195839.9,-383464.05,-1195686.2999999998,p0006_0002,6,2,-385000.05,-1191999.9,600.0
1098,968,L0_1024_s512,1024,512,0.15,153.6,76.8,-383540.85,-1195839.9,9216,25088,1024,1024,-383617.65,-1195916.7,-383464.05,-1195763.1,p0006_0002,6,2,-385000.05,-1191999.9,600.0
1099,969,L0_1024_s512,1024,512,0.15,153.6,76.8,-383540.85,-1195916.7,9216,25600,1024,1024,-383617.65,-1195993.5,-383464.05,-1195839.9,p0006_0002,6,2,-385000.05,-1191999.9,600.0
1100,996,L0_1024_s512,1024,512,0.15,153.6,76.8,-383464.05,-1194073.5,9728,13312,1024,1024,-383540.85,-1194150.2999999998,-383387.25,-1193996.7,p0003_0002,3,2,-385000.05,-1191999.9,600.0
1101,997,L0_1024_s512,1024,512,0.15,153.6,76.8,-383464.05,-1194150.3,9728,13824,1024,1024,-383540.85,-1194227.1,-383387.25,-1194073.5,p0003_0002,3,2,-385000.05,-1191999.9,600.0
1102,998,L0_1024_s512,1024,512,0.15,153.6,76.8,-383464.05,-1194227.1,9728,14336,1024,1024,-383540.85,-1194303.9,-383387.25,-1194150.2999999998,p0003_0002,3,2,-385000.05,-1191999.9,600.0
1103,999,L0_1024_s512,1024,512,0.15,153.6,76.8,-383464.05,-1194303.9,9728,14848,1024,1024,-383540.85,-1194380.7,-383387.25,-1194227.1,p0003_0002,3,2,-385000.05,-1191999.9,600.0
1104,1000,L0_1024_s512,1024,512,0.15,153.6,76.8,-383464.05,-1194380.7,9728,15360,1024,1024,-383540.85,-1194457.5,-383387.25,-1194303.9,p0003_0002,3,2,-385000.05,-1191999.9,600.0
1105,1001,L0_1024_s512,1024,512,0.15,153.6,76.8,-383464.05,-1194457.5,9728,15872,1024,1024,-383540.85,-1194534.2999999998,-383387.25,-1194380.7,p0004_0002,4,2,-385000.05,-1191999.9,600.0
1106,1002,L0_1024_s512,1024,512,0.15,153.6,76.8,-383464.05,-1194534.3,9728,16384,1024,1024,-383540.85,-1194611.1,-383387.25,-1194457.5,p0004_0002,4,2,-385000.05,-1191999.9,600.0
1107,1003,L0_1024_s512,1024,512,0.15,153.6,76.8,-383464.05,-1194611.1,9728,16896,1024,1024,-383540.85,-1194687.9,-383387.25,-1194534.2999999998,p0004_0002,4,2,-385000.05,-1191999.9,600.0
1108,1004,L0_1024_s512,1024,512,0.15,153.6,76.8,-383464.05,-1194687.9,9728,17408,1024,1024,-383540.85,-1194764.7,-383387.25,-1194611.1,p0004_0002,4,2,-385000.05,-1191999.9,600.0
1109,1005,L0_1024_s512,1024,512,0.15,153.6,76.8,-383464.05,-1194764.7,9728,17920,1024,1024,-383540.85,-1194841.5,-383387.25,-1194687.9,p0004_0002,4,2,-385000.05,-1191999.9,600.0
1110,1006,L0_1024_s512,1024,512,0.15,153.6,76.8,-383464.05,-1194841.5,9728,18432,1024,1024,-383540.85,-1194918.2999999998,-383387.25,-1194764.7,p0004_0002,4,2,-385000.05,-1191999.9,600.0
1111,1007,L0_1024_s512,1024,512,0.15,153.6,76.8,-383464.05,-1194918.3,9728,18944,1024,1024,-383540.85,-1194995.1,-383387.25,-1194841.5,p0004_0002,4,2,-385000.05,-1191999.9,600.0
1112,1008,L0_1024_s512,1024,512,0.15,153.6,76.8,-383464.05,-1194995.1,9728,19456,1024,1024,-383540.85,-1195071.9,-383387.25,-1194918.2999999998,p0004_0002,4,2,-385000.05,-1191999.9,600.0
1113,1009,L0_1024_s512,1024,512,0.15,153.6,76.8,-383464.05,-1195071.9,9728,19968,1024,1024,-383540.85,-1195148.7,-383387.25,-1194995.1,p0005_0002,5,2,-385000.05,-1191999.9,600.0
1114,1010,L0_1024_s512,1024,512,0.15,153.6,76.8,-383464.05,-1195148.7,9728,20480,1024,1024,-383540.85,-1195225.5,-383387.25,-1195071.9,p0005_0002,5,2,-385000.05,-1191999.9,600.0
1115,1011,L0_1024_s512,1024,512,0.15,153.6,76.8,-383464.05,-1195225.5,9728,20992,1024,1024,-383540.85,-1195302.2999999998,-383387.25,-1195148.7,p0005_0002,5,2,-385000.05,-1191999.9,600.0
1116,1012,L0_1024_s512,1024,512,0.15,153.6,76.8,-383464.05,-1195302.3,9728,21504,1024,1024,-383540.85,-1195379.1,-383387.25,-1195225.5,p0005_0002,5,2,-385000.05,-1191999.9,600.0
1117,1013,L0_1024_s512,1024,512,0.15,153.6,76.8,-383464.05,-1195379.1,9728,22016,1024,1024,-383540.85,-1195455.9,-383387.25,-1195302.2999999998,p0005_0002,5,2,-385000.05,-1191999.9,600.0
1118,1014,L0_1024_s512,1024,512,0.15,153.6,76.8,-383464.05,-1195455.9,9728,22528,1024,1024,-383540.85,-1195532.7,-383387.25,-1195379.1,p0005_0002,5,2,-385000.05,-1191999.9,600.0
1119,1015,L0_1024_s512,1024,512,0.15,153.6,76.8,-383464.05,-1195532.7,9728,23040,1024,1024,-383540.85,-1195609.5,-383387.25,-1195455.9,p0005_0002,5,2,-385000.05,-1191999.9,600.0
1120,1016,L0_1024_s512,1024,512,0.15,153.6,76.8,-383464.05,-1195609.5,9728,23552,1024,1024,-383540.85,-1195686.2999999998,-383387.25,-1195532.7,p0006_0002,6,2,-385000.05,-1191999.9,600.0
1121,1017,L0_1024_s512,1024,512,0.15,153.6,76.8,-383464.05,-1195686.3,9728,24064,1024,1024,-383540.85,-1195763.1,-383387.25,-1195609.5,p0006_0002,6,2,-385000.05,-1191999.9,600.0
1122,1018,L0_1024_s512,1024,512,0.15,153.6,76.8,-383464.05,-1195763.1,9728,24576,1024,1024,-383540.85,-1195839.9,-383387.25,-1195686.2999999998,p0006_0002,6,2,-385000.05,-1191999.9,600.0
1123,1019,L0_1024_s512,1024,512,0.15,153.6,76.8,-383464.05,-1195839.9,9728,25088,1024,1024,-383540.85,-1195916.7,-383387.25,-1195763.1,p0006_0002,6,2,-385000.05,-1191999.9,600.0
1124,1020,L0_1024_s512,1024,512,0.15,153.6,76.8,-383464.05,-1195916.7,9728,25600,1024,1024,-383540.85,-1195993.5,-383387.25,-1195839.9,p0006_0002,6,2,-385000.05,-1191999.9,600.0
1125,1047,L0_1024_s512,1024,512,0.15,153.6,76.8,-383387.25,-1194073.5,10239,13312,1024,1024,-383464.2,-1194150.2999999998,-383310.6,-1193996.7,p0003_0002,3,2,-385000.05,-1191999.9,600.0
1126,1048,L0_1024_s512,1024,512,0.15,153.6,76.8,-383387.25,-1194150.3,10239,13824,1024,1024,-383464.2,-1194227.1,-383310.6,-1194073.5,p0003_0002,3,2,-385000.05,-1191999.9,600.0
1127,1049,L0_1024_s512,1024,512,0.15,153.6,76.8,-383387.25,-1194227.1,10239,14336,1024,1024,-383464.2,-1194303.9,-383310.6,-1194150.2999999998,p0003_0002,3,2,-385000.05,-1191999.9,600.0
1128,1050,L0_1024_s512,1024,512,0.15,153.6,76.8,-383387.25,-1194303.9,10239,14848,1024,1024,-383464.2,-1194380.7,-383310.6,-1194227.1,p0003_0002,3,2,-385000.05,-1191999.9,600.0
1129,1051,L0_1024_s512,1024,512,0.15,153.6,76.8,-383387.25,-1194380.7,10239,15360,1024,1024,-383464.2,-1194457.5,-383310.6,-1194303.9,p0003_0002,3,2,-385000.05,-1191999.9,600.0
1130,1052,L0_1024_s512,1024,512,0.15,153.6,76.8,-383387.25,-1194457.5,10239,15872,1024,1024,-383464.2,-1194534.2999999998,-383310.6,-1194380.7,p0004_0002,4,2,-385000.05,-1191999.9,600.0
1131,1053,L0_1024_s512,1024,512,0.15,153.6,76.8,-383387.25,-1194534.3,10239,16384,1024,1024,-383464.2,-1194611.1,-383310.6,-1194457.5,p0004_0002,4,2,-385000.05,-1191999.9,600.0
1132,1054,L0_1024_s512,1024,512,0.15,153.6,76.8,-383387.25,-1194611.1,10239,16896,1024,1024,-383464.2,-1194687.9,-383310.6,-1194534.2999999998,p0004_0002,4,2,-385000.05,-1191999.9,600.0
1133,1055,L0_1024_s512,1024,512,0.15,153.6,76.8,-383387.25,-1194687.9,10239,17408,1024,1024,-383464.2,-1194764.7,-383310.6,-1194611.1,p0004_0002,4,2,-385000.05,-1191999.9,600.0
1134,1056,L0_1024_s512,1024,512,0.15,153.6,76.8,-383387.25,-1194764.7,10239,17920,1024,1024,-383464.2,-1194841.5,-383310.6,-1194687.9,p0004_0002,4,2,-385000.05,-1191999.9,600.0
1135,1057,L0_1024_s512,1024,512,0.15,153.6,76.8,-383387.25,-1194841.5,10239,18432,1024,1024,-383464.2,-1194918.2999999998,-383310.6,-1194764.7,p0004_0002,4,2,-385000.05,-1191999.9,600.0
1136,1058,L0_1024_s512,1024,512,0.15,153.6,76.8,-383387.25,-1194918.3,10239,18944,1024,1024,-383464.2,-1194995.1,-383310.6,-1194841.5,p0004_0002,4,2,-385000.05,-1191999.9,600.0
1137,1059,L0_1024_s512,1024,512,0.15,153.6,76.8,-383387.25,-1194995.1,10239,19456,1024,1024,-383464.2,-1195071.9,-383310.6,-1194918.2999999998,p0004_0002,4,2,-385000.05,-1191999.9,600.0
1138,1060,L0_1024_s512,1024,512,0.15,153.6,76.8,-383387.25,-1195071.9,10239,19968,1024,1024,-383464.2,-1195148.7,-383310.6,-1194995.1,p0005_0002,5,2,-385000.05,-1191999.9,600.0
1139,1061,L0_1024_s512,1024,512,0.15,153.6,76.8,-383387.25,-1195148.7,10239,20480,1024,1024,-383464.2,-1195225.5,-383310.6,-1195071.9,p0005_0002,5,2,-385000.05,-1191999.9,600.0
1140,1062,L0_1024_s512,1024,512,0.15,153.6,76.8,-383387.25,-1195225.5,10239,20992,1024,1024,-383464.2,-1195302.2999999998,-383310.6,-1195148.7,p0005_0002,5,2,-385000.05,-1191999.9,600.0
1141,1063,L0_1024_s512,1024,512,0.15,153.6,76.8,-383387.25,-1195302.3,10239,21504,1024,1024,-383464.2,-1195379.1,-383310.6,-1195225.5,p0005_0002,5,2,-385000.05,-1191999.9,600.0
1142,1064,L0_1024_s512,1024,512,0.15,153.6,76.8,-383387.25,-1195379.1,10239,22016,1024,1024,-383464.2,-1195455.9,-383310.6,-1195302.2999999998,p0005_0002,5,2,-385000.05,-1191999.9,600.0
1143,1065,L0_1024_s512,1024,512,0.15,153.6,76.8,-383387.25,-1195455.9,10239,22528,1024,1024,-383464.2,-1195532.7,-383310.6,-1195379.1,p0005_0002,5,2,-385000.05,-1191999.9,600.0
1144,1066,L0_1024_s512,1024,512,0.15,153.6,76.8,-383387.25,-1195532.7,10239,23040,1024,1024,-383464.2,-1195609.5,-383310.6,-1195455.9,p0005_0002,5,2,-385000.05,-1191999.9,600.0
1145,1067,L0_1024_s512,1024,512,0.15,153.6,76.8,-383387.25,-1195609.5,10239,23552,1024,1024,-383464.2,-1195686.2999999998,-383310.6,-1195532.7,p0006_0002,6,2,-385000.05,-1191999.9,600.0
1146,1068,L0_1024_s512,1024,512,0.15,153.6,76.8,-383387.25,-1195686.3,10239,24064,1024,1024,-383464.2,-1195763.1,-383310.6,-1195609.5,p0006_0002,6,2,-385000.05,-1191999.9,600.0
1147,1069,L0_1024_s512,1024,512,0.15,153.6,76.8,-383387.25,-1195763.1,10239,24576,1024,1024,-383464.2,-1195839.9,-383310.6,-1195686.2999999998,p0006_0002,6,2,-385000.05,-1191999.9,600.0
1148,1070,L0_1024_s512,1024,512,0.15,153.6,76.8,-383387.25,-1195839.9,10239,25088,1024,1024,-383464.2,-1195916.7,-383310.6,-1195763.1,p0006_0002,6,2,-385000.05,-1191999.9,600.0
1149,1071,L0_1024_s512,1024,512,0.15,153.6,76.8,-383387.25,-1195916.7,10239,25600,1024,1024,-383464.2,-1195993.5,-383310.6,-1195839.9,p0006_0002,6,2,-385000.05,-1191999.9,600.0
1150,1098,L0_1024_s512,1024,512,0.15,153.6,76.8,-383310.45,-1194073.5,10751,13312,1024,1024,-383387.4,-1194150.2999999998,-383233.8,-1193996.7,p0003_0002,3,2,-385000.05,-1191999.9,600.0
1151,1099,L0_1024_s512,1024,512,0.15,153.6,76.8,-383310.45,-1194150.3,10751,13824,1024,1024,-383387.4,-1194227.1,-383233.8,-1194073.5,p0003_0002,3,2,-385000.05,-1191999.9,600.0
1152,1100,L0_1024_s512,1024,512,0.15,153.6,76.8,-383310.45,-1194227.1,10751,14336,1024,1024,-383387.4,-1194303.9,-383233.8,-1194150.2999999998,p0003_0002,3,2,-385000.05,-1191999.9,600.0
1153,1101,L0_1024_s512,1024,512,0.15,153.6,76.8,-383310.45,-1194303.9,10751,14848,1024,1024,-383387.4,-1194380.7,-383233.8,-1194227.1,p0003_0002,3,2,-385000.05,-1191999.9,600.0
1154,1102,L0_1024_s512,1024,512,0.15,153.6,76.8,-383310.45,-1194380.7,10751,15360,1024,1024,-383387.4,-1194457.5,-383233.8,-1194303.9,p0003_0002,3,2,-385000.05,-1191999.9,600.0
1155,1103,L0_1024_s512,1024,512,0.15,153.6,76.8,-383310.45,-1194457.5,10751,15872,1024,1024,-383387.4,-1194534.2999999998,-383233.8,-1194380.7,p0004_0002,4,2,-385000.05,-1191999.9,600.0
1156,1104,L0_1024_s512,1024,512,0.15,153.6,76.8,-383310.45,-1194534.3,10751,16384,1024,1024,-383387.4,-1194611.1,-383233.8,-1194457.5,p0004_0002,4,2,-385000.05,-1191999.9,600.0
1157,1105,L0_1024_s512,1024,512,0.15,153.6,76.8,-383310.45,-1194611.1,10751,16896,1024,1024,-383387.4,-1194687.9,-383233.8,-1194534.2999999998,p0004_0002,4,2,-385000.05,-1191999.9,600.0
1158,1106,L0_1024_s512,1024,512,0.15,153.6,76.8,-383310.45,-1194687.9,10751,17408,1024,1024,-383387.4,-1194764.7,-383233.8,-1194611.1,p0004_0002,4,2,-385000.05,-1191999.9,600.0
1159,1107,L0_1024_s512,1024,512,0.15,153.6,76.8,-383310.45,-1194764.7,10751,17920,1024,1024,-383387.4,-1194841.5,-383233.8,-1194687.9,p0004_0002,4,2,-385000.05,-1191999.9,600.0
1160,1108,L0_1024_s512,1024,512,0.15,153.6,76.8,-383310.45,-1194841.5,10751,18432,1024,1024,-383387.4,-1194918.2999999998,-383233.8,-1194764.7,p0004_0002,4,2,-385000.05,-1191999.9,600.0
1161,1109,L0_1024_s512,1024,512,0.15,153.6,76.8,-383310.45,-1194918.3,10751,18944,1024,1024,-383387.4,-1194995.1,-383233.8,-1194841.5,p0004_0002,4,2,-385000.05,-1191999.9,600.0
1162,1110,L0_1024_s512,1024,512,0.15,153.6,76.8,-383310.45,-1194995.1,10751,19456,1024,1024,-383387.4,-1195071.9,-383233.8,-1194918.2999999998,p0004_0002,4,2,-385000.05,-1191999.9,600.0
1163,1111,L0_1024_s512,1024,512,0.15,153.6,76.8,-383310.45,-1195071.9,10751,19968,1024,1024,-383387.4,-1195148.7,-383233.8,-1194995.1,p0005_0002,5,2,-385000.05,-1191999.9,600.0
1164,1112,L0_1024_s512,1024,512,0.15,153.6,76.8,-383310.45,-1195148.7,10751,20480,1024,1024,-383387.4,-1195225.5,-383233.8,-1195071.9,p0005_0002,5,2,-385000.05,-1191999.9,600.0
1165,1113,L0_1024_s512,1024,512,0.15,153.6,76.8,-383310.45,-1195225.5,10751,20992,1024,1024,-383387.4,-1195302.2999999998,-383233.8,-1195148.7,p0005_0002,5,2,-385000.05,-1191999.9,600.0
1166,1114,L0_1024_s512,1024,512,0.15,153.6,76.8,-383310.45,-1195302.3,10751,21504,1024,1024,-383387.4,-1195379.1,-383233.8,-1195225.5,p0005_0002,5,2,-385000.05,-1191999.9,600.0
1167,1115,L0_1024_s512,1024,512,0.15,153.6,76.8,-383310.45,-1195379.1,10751,22016,1024,1024,-383387.4,-1195455.9,-383233.8,-1195302.2999999998,p0005_0002,5,2,-385000.05,-1191999.9,600.0
1168,1116,L0_1024_s512,1024,512,0.15,153.6,76.8,-383310.45,-1195455.9,10751,22528,1024,1024,-383387.4,-1195532.7,-383233.8,-1195379.1,p0005_0002,5,2,-385000.05,-1191999.9,600.0
1169,1117,L0_1024_s512,1024,512,0.15,153.6,76.8,-383310.45,-1195532.7,10751,23040,1024,1024,-383387.4,-1195609.5,-383233.8,-1195455.9,p0005_0002,5,2,-385000.05,-1191999.9,600.0
1170,1118,L0_1024_s512,1024,512,0.15,153.6,76.8,-383310.45,-1195609.5,10751,23552,1024,1024,-383387.4,-1195686.2999999998,-383233.8,-1195532.7,p0006_0002,6,2,-385000.05,-1191999.9,600.0
1171,1119,L0_1024_s512,1024,512,0.15,153.6,76.8,-383310.45,-1195686.3,10751,24064,1024,1024,-383387.4,-1195763.1,-383233.8,-1195609.5,p0006_0002,6,2,-385000.05,-1191999.9,600.0
1172,1120,L0_1024_s512,1024,512,0.15,153.6,76.8,-383310.45,-1195763.1,10751,24576,1024,1024,-383387.4,-1195839.9,-383233.8,-1195686.2999999998,p0006_0002,6,2,-385000.05,-1191999.9,600.0
1173,1121,L0_1024_s512,1024,512,0.15,153.6,76.8,-383310.45,-1195839.9,10751,25088,1024,1024,-383387.4,-1195916.7,-383233.8,-1195763.1,p0006_0002,6,2,-385000.05,-1191999.9,600.0
1174,1122,L0_1024_s512,1024,512,0.15,153.6,76.8,-383310.45,-1195916.7,10751,25600,1024,1024,-383387.4,-1195993.5,-383233.8,-1195839.9,p0006_0002,6,2,-385000.05,-1191999.9,600.0
1175,1149,L0_1024_s512,1024,512,0.15,153.6,76.8,-383233.65,-1194073.5,11263,13312,1024,1024,-383310.6,-1194150.2999999998,-383157.0,-1193996.7,p0003_0002,3,2,-385000.05,-1191999.9,600.0
1176,1150,L0_1024_s512,1024,512,0.15,153.6,76.8,-383233.65,-1194150.3,11263,13824,1024,1024,-383310.6,-1194227.1,-383157.0,-1194073.5,p0003_0002,3,2,-385000.05,-1191999.9,600.0
1177,1151,L0_1024_s512,1024,512,0.15,153.6,76.8,-383233.65,-1194227.1,11263,14336,1024,1024,-383310.6,-1194303.9,-383157.0,-1194150.2999999998,p0003_0002,3,2,-385000.05,-1191999.9,600.0
1178,1152,L0_1024_s512,1024,512,0.15,153.6,76.8,-383233.65,-1194303.9,11263,14848,1024,1024,-383310.6,-1194380.7,-383157.0,-1194227.1,p0003_0002,3,2,-385000.05,-1191999.9,600.0
1179,1153,L0_1024_s512,1024,512,0.15,153.6,76.8,-383233.65,-1194380.7,11263,15360,1024,1024,-383310.6,-1194457.5,-383157.0,-1194303.9,p0003_0002,3,2,-385000.05,-1191999.9,600.0
1180,1154,L0_1024_s512,1024,512,0.15,153.6,76.8,-383233.65,-1194457.5,11263,15872,1024,1024,-383310.6,-1194534.2999999998,-383157.0,-1194380.7,p0004_0002,4,2,-385000.05,-1191999.9,600.0
1181,1155,L0_1024_s512,1024,512,0.15,153.6,76.8,-383233.65,-1194534.3,11263,16384,1024,1024,-383310.6,-1194611.1,-383157.0,-1194457.5,p0004_0002,4,2,-385000.05,-1191999.9,600.0
1182,1156,L0_1024_s512,1024,512,0.15,153.6,76.8,-383233.65,-1194611.1,11263,16896,1024,1024,-383310.6,-1194687.9,-383157.0,-1194534.2999999998,p0004_0002,4,2,-385000.05,-1191999.9,600.0
1183,1157,L0_1024_s512,1024,512,0.15,153.6,76.8,-383233.65,-1194687.9,11263,17408,1024,1024,-383310.6,-1194764.7,-383157.0,-1194611.1,p0004_0002,4,2,-385000.05,-1191999.9,600.0
1184,1158,L0_1024_s512,1024,512,0.15,153.6,76.8,-383233.65,-1194764.7,11263,17920,1024,1024,-383310.6,-1194841.5,-383157.0,-1194687.9,p0004_0002,4,2,-385000.05,-1191999.9,600.0
1185,1159,L0_1024_s512,1024,512,0.15,153.6,76.8,-383233.65,-1194841.5,11263,18432,1024,1024,-383310.6,-1194918.2999999998,-383157.0,-1194764.7,p0004_0002,4,2,-385000.05,-1191999.9,600.0
1186,1160,L0_1024_s512,1024,512,0.15,153.6,76.8,-383233.65,-1194918.3,11263,18944,1024,1024,-383310.6,-1194995.1,-383157.0,-1194841.5,p0004_0002,4,2,-385000.05,-1191999.9,600.0
1187,1161,L0_1024_s512,1024,512,0.15,153.6,76.8,-383233.65,-1194995.1,11263,19456,1024,1024,-383310.6,-1195071.9,-383157.0,-1194918.2999999998,p0004_0002,4,2,-385000.05,-1191999.9,600.0
1188,1162,L0_1024_s512,1024,512,0.15,153.6,76.8,-383233.65,-1195071.9,11263,19968,1024,1024,-383310.6,-1195148.7,-383157.0,-1194995.1,p0005_0002,5,2,-385000.05,-1191999.9,600.0
1189,1163,L0_1024_s512,1024,512,0.15,153.6,76.8,-383233.65,-1195148.7,11263,20480,1024,1024,-383310.6,-1195225.5,-383157.0,-1195071.9,p0005_0002,5,2,-385000.05,-1191999.9,600.0
1190,1164,L0_1024_s512,1024,512,0.15,153.6,76.8,-383233.65,-1195225.5,11263,20992,1024,1024,-383310.6,-1195302.2999999998,-383157.0,-1195148.7,p0005_0002,5,2,-385000.05,-1191999.9,600.0
1191,1165,L0_1024_s512,1024,512,0.15,153.6,76.8,-383233.65,-1195302.3,11263,21504,1024,1024,-383310.6,-1195379.1,-383157.0,-1195225.5,p0005_0002,5,2,-385000.05,-1191999.9,600.0
1192,1166,L0_1024_s512,1024,512,0.15,153.6,76.8,-383233.65,-1195379.1,11263,22016,1024,1024,-383310.6,-1195455.9,-383157.0,-1195302.2999999998,p0005_0002,5,2,-385000.05,-1191999.9,600.0
1193,1167,L0_1024_s512,1024,512,0.15,153.6,76.8,-383233.65,-1195455.9,11263,22528,1024,1024,-383310.6,-1195532.7,-383157.0,-1195379.1,p0005_0002,5,2,-385000.05,-1191999.9,600.0
1194,1168,L0_1024_s512,1024,512,0.15,153.6,76.8,-383233.65,-1195532.7,11263,23040,1024,1024,-383310.6,-1195609.5,-383157.0,-1195455.9,p0005_0002,5,2,-385000.05,-1191999.9,600.0
1195,1169,L0_1024_s512,1024,512,0.15,153.6,76.8,-383233.65,-1195609.5,11263,23552,1024,1024,-383310.6,-1195686.2999999998,-383157.0,-1195532.7,p0006_0002,6,2,-385000.05,-1191999.9,600.0
1196,1170,L0_1024_s512,1024,512,0.15,153.6,76.8,-383233.65,-1195686.3,11263,24064,1024,1024,-383310.6,-1195763.1,-383157.0,-1195609.5,p0006_0002,6,2,-385000.05,-1191999.9,600.0
1197,1171,L0_1024_s512,1024,512,0.15,153.6,76.8,-383233.65,-1195763.1,11263,24576,1024,1024,-383310.6,-1195839.9,-383157.0,-1195686.2999999998,p0006_0002,6,2,-385000.05,-1191999.9,600.0
1198,1172,L0_1024_s512,1024,512,0.15,153.6,76.8,-383233.65,-1195839.9,11263,25088,1024,1024,-383310.6,-1195916.7,-383157.0,-1195763.1,p0006_0002,6,2,-385000.05,-1191999.9,600.0
1199,1173,L0_1024_s512,1024,512,0.15,153.6,76.8,-383233.65,-1195916.7,11263,25600,1024,1024,-383310.6,-1195993.5,-383157.0,-1195839.9,p0006_0002,6,2,-385000.05,-1191999.9,600.0
1200,1200,L0_1024_s512,1024,512,0.15,153.6,76.8,-383156.85,-1194073.5,11776,13312,1024,1024,-383233.65,-1194150.2999999998,-383080.05,-1193996.7,p0003_0003,3,3,-385000.05,-1191999.9,600.0
1201,1201,L0_1024_s512,1024,512,0.15,153.6,76.8,-383156.85,-1194150.3,11776,13824,1024,1024,-383233.65,-1194227.1,-383080.05,-1194073.5,p0003_0003,3,3,-385000.05,-1191999.9,600.0
1202,1202,L0_1024_s512,1024,512,0.15,153.6,76.8,-383156.85,-1194227.1,11776,14336,1024,1024,-383233.65,-1194303.9,-383080.05,-1194150.2999999998,p0003_0003,3,3,-385000.05,-1191999.9,600.0
1203,1203,L0_1024_s512,1024,512,0.15,153.6,76.8,-383156.85,-1194303.9,11776,14848,1024,1024,-383233.65,-1194380.7,-383080.05,-1194227.1,p0003_0003,3,3,-385000.05,-1191999.9,600.0
1204,1204,L0_1024_s512,1024,512,0.15,153.6,76.8,-383156.85,-1194380.7,11776,15360,1024,1024,-383233.65,-1194457.5,-383080.05,-1194303.9,p0003_0003,3,3,-385000.05,-1191999.9,600.0
1205,1205,L0_1024_s512,1024,512,0.15,153.6,76.8,-383156.85,-1194457.5,11776,15872,1024,1024,-383233.65,-1194534.2999999998,-383080.05,-1194380.7,p0004_0003,4,3,-385000.05,-1191999.9,600.0
1206,1206,L0_1024_s512,1024,512,0.15,153.6,76.8,-383156.85,-1194534.3,11776,16384,1024,1024,-383233.65,-1194611.1,-383080.05,-1194457.5,p0004_0003,4,3,-385000.05,-1191999.9,600.0
1207,1207,L0_1024_s512,1024,512,0.15,153.6,76.8,-383156.85,-1194611.1,11776,16896,1024,1024,-383233.65,-1194687.9,-383080.05,-1194534.2999999998,p0004_0003,4,3,-385000.05,-1191999.9,600.0
1208,1208,L0_1024_s512,1024,512,0.15,153.6,76.8,-383156.85,-1194687.9,11776,17408,1024,1024,-383233.65,-1194764.7,-383080.05,-1194611.1,p0004_0003,4,3,-385000.05,-1191999.9,600.0
1209,1209,L0_1024_s512,1024,512,0.15,153.6,76.8,-383156.85,-1194764.7,11776,17920,1024,1024,-383233.65,-1194841.5,-383080.05,-1194687.9,p0004_0003,4,3,-385000.05,-1191999.9,600.0
1210,1210,L0_1024_s512,1024,512,0.15,153.6,76.8,-383156.85,-1194841.5,11776,18432,1024,1024,-383233.65,-1194918.2999999998,-383080.05,-1194764.7,p0004_0003,4,3,-385000.05,-1191999.9,600.0
1211,1211,L0_1024_s512,1024,512,0.15,153.6,76.8,-383156.85,-1194918.3,11776,18944,1024,1024,-383233.65,-1194995.1,-383080.05,-1194841.5,p0004_0003,4,3,-385000.05,-1191999.9,600.0
1212,1212,L0_1024_s512,1024,512,0.15,153.6,76.8,-383156.85,-1194995.1,11776,19456,1024,1024,-383233.65,-1195071.9,-383080.05,-1194918.2999999998,p0004_0003,4,3,-385000.05,-1191999.9,600.0
1213,1213,L0_1024_s512,1024,512,0.15,153.6,76.8,-383156.85,-1195071.9,11776,19968,1024,1024,-383233.65,-1195148.7,-383080.05,-1194995.1,p0005_0003,5,3,-385000.05,-1191999.9,600.0
1214,1214,L0_1024_s512,1024,512,0.15,153.6,76.8,-383156.85,-1195148.7,11776,20480,1024,1024,-383233.65,-1195225.5,-383080.05,-1195071.9,p0005_0003,5,3,-385000.05,-1191999.9,600.0
1215,1215,L0_1024_s512,1024,512,0.15,153.6,76.8,-383156.85,-1195225.5,11776,20992,1024,1024,-383233.65,-1195302.2999999998,-383080.05,-1195148.7,p0005_0003,5,3,-385000.05,-1191999.9,600.0
1216,1216,L0_1024_s512,1024,512,0.15,153.6,76.8,-383156.85,-1195302.3,11776,21504,1024,1024,-383233.65,-1195379.1,-383080.05,-1195225.5,p0005_0003,5,3,-385000.05,-1191999.9,600.0
1217,1217,L0_1024_s512,1024,512,0.15,153.6,76.8,-383156.85,-1195379.1,11776,22016,1024,1024,-383233.65,-1195455.9,-383080.05,-1195302.2999999998,p0005_0003,5,3,-385000.05,-1191999.9,600.0
1218,1218,L0_1024_s512,1024,512,0.15,153.6,76.8,-383156.85,-1195455.9,11776,22528,1024,1024,-383233.65,-1195532.7,-383080.05,-1195379.1,p0005_0003,5,3,-385000.05,-1191999.9,600.0
1219,1219,L0_1024_s512,1024,512,0.15,153.6,76.8,-383156.85,-1195532.7,11776,23040,1024,1024,-383233.65,-1195609.5,-383080.05,-1195455.9,p0005_0003,5,3,-385000.05,-1191999.9,600.0
1220,1220,L0_1024_s512,1024,512,0.15,153.6,76.8,-383156.85,-1195609.5,11776,23552,1024,1024,-383233.65,-1195686.2999999998,-383080.05,-1195532.7,p0006_0003,6,3,-385000.05,-1191999.9,600.0
1221,1221,L0_1024_s512,1024,512,0.15,153.6,76.8,-383156.85,-1195686.3,11776,24064,1024,1024,-383233.65,-1195763.1,-383080.05,-1195609.5,p0006_0003,6,3,-385000.05,-1191999.9,600.0
1222,1222,L0_1024_s512,1024,512,0.15,153.6,76.8,-383156.85,-1195763.1,11776,24576,1024,1024,-383233.65,-1195839.9,-383080.05,-1195686.2999999998,p0006_0003,6,3,-385000.05,-1191999.9,600.0
1223,1223,L0_1024_s512,1024,512,0.15,153.6,76.8,-383156.85,-1195839.9,11776,25088,1024,1024,-383233.65,-1195916.7,-383080.05,-1195763.1,p0006_0003,6,3,-385000.05,-1191999.9,600.0
1224,1224,L0_1024_s512,1024,512,0.15,153.6,76.8,-383156.85,-1195916.7,11776,25600,1024,1024,-383233.65,-1195993.5,-383080.05,-1195839.9,p0006_0003,6,3,-385000.05,-1191999.9,600.0
1225,1275,L0_1024_s512,1024,512,0.15,153.6,76.8,-383080.05,-1195916.7,12288,25600,1024,1024,-383156.85,-1195993.5,-383003.25,-1195839.9,p0006_0003,6,3,-385000.05,-1191999.9,600.0
1226,1274,L0_1024_s512,1024,512,0.15,153.6,76.8,-383080.05,-1195839.9,12288,25088,1024,1024,-383156.85,-1195916.7,-383003.25,-1195763.1,p0006_0003,6,3,-385000.05,-1191999.9,600.0
1227,1273,L0_1024_s512,1024,512,0.15,153.6,76.8,-383080.05,-1195763.1,12288,24576,1024,1024,-383156.85,-1195839.9,-383003.25,-1195686.2999999998,p0006_0003,6,3,-385000.05,-1191999.9,600.0
1228,1272,L0_1024_s512,1024,512,0.15,153.6,76.8,-383080.05,-1195686.3,12288,24064,1024,1024,-383156.85,-1195763.1,-383003.25,-1195609.5,p0006_0003,6,3,-385000.05,-1191999.9,600.0
1229,1271,L0_1024_s512,1024,512,0.15,153.6,76.8,-383080.05,-1195609.5,12288,23552,1024,1024,-383156.85,-1195686.2999999998,-383003.25,-1195532.7,p0006_0003,6,3,-385000.05,-1191999.9,600.0
1230,1270,L0_1024_s512,1024,512,0.15,153.6,76.8,-383080.05,-1195532.7,12288,23040,1024,1024,-383156.85,-1195609.5,-383003.25,-1195455.9,p0005_0003,5,3,-385000.05,-1191999.9,600.0
1231,1269,L0_1024_s512,1024,512,0.15,153.6,76.8,-383080.05,-1195455.9,12288,22528,1024,1024,-383156.85,-1195532.7,-383003.25,-1195379.1,p0005_0003,5,3,-385000.05,-1191999.9,600.0
1232,1268,L0_1024_s512,1024,512,0.15,153.6,76.8,-383080.05,-1195379.1,12288,22016,1024,1024,-383156.85,-1195455.9,-383003.25,-1195302.2999999998,p0005_0003,5,3,-385000.05,-1191999.9,600.0
1233,1267,L0_1024_s512,1024,512,0.15,153.6,76.8,-383080.05,-1195302.3,12288,21504,1024,1024,-383156.85,-1195379.1,-383003.25,-1195225.5,p0005_0003,5,3,-385000.05,-1191999.9,600.0
1234,1266,L0_1024_s512,1024,512,0.15,153.6,76.8,-383080.05,-1195225.5,12288,20992,1024,1024,-383156.85,-1195302.2999999998,-383003.25,-1195148.7,p0005_0003,5,3,-385000.05,-1191999.9,600.0
1235,1265,L0_1024_s512,1024,512,0.15,153.6,76.8,-383080.05,-1195148.7,12288,20480,1024,1024,-383156.85,-1195225.5,-383003.25,-1195071.9,p0005_0003,5,3,-385000.05,-1191999.9,600.0
1236,1264,L0_1024_s512,1024,512,0.15,153.6,76.8,-383080.05,-1195071.9,12288,19968,1024,1024,-383156.85,-1195148.7,-383003.25,-1194995.1,p0005_0003,5,3,-385000.05,-1191999.9,600.0
1237,1263,L0_1024_s512,1024,512,0.15,153.6,76.8,-383080.05,-1194995.1,12288,19456,1024,1024,-383156.85,-1195071.9,-383003.25,-1194918.2999999998,p0004_0003,4,3,-385000.05,-1191999.9,600.0
1238,1262,L0_1024_s512,1024,512,0.15,153.6,76.8,-383080.05,-1194918.3,12288,18944,1024,1024,-383156.85,-1194995.1,-383003.25,-1194841.5,p0004_0003,4,3,-385000.05,-1191999.9,600.0
1239,1261,L0_1024_s512,1024,512,0.15,153.6,76.8,-383080.05,-1194841.5,12288,18432,1024,1024,-383156.85,-1194918.2999999998,-383003.25,-1194764.7,p0004_0003,4,3,-385000.05,-1191999.9,600.0
1240,1260,L0_1024_s512,1024,512,0.15,153.6,76.8,-383080.05,-1194764.7,12288,17920,1024,1024,-383156.85,-1194841.5,-383003.25,-1194687.9,p0004_0003,4,3,-385000.05,-1191999.9,600.0
1241,1259,L0_1024_s512,1024,512,0.15,153.6,76.8,-383080.05,-1194687.9,12288,17408,1024,1024,-383156.85,-1194764.7,-383003.25,-1194611.1,p0004_0003,4,3,-385000.05,-1191999.9,600.0
1242,1258,L0_1024_s512,1024,512,0.15,153.6,76.8,-383080.05,-1194611.1,12288,16896,1024,1024,-383156.85,-1194687.9,-383003.25,-1194534.2999999998,p0004_0003,4,3,-385000.05,-1191999.9,600.0
1243,1257,L0_1024_s512,1024,512,0.15,153.6,76.8,-383080.05,-1194534.3,12288,16384,1024,1024,-383156.85,-1194611.1,-383003.25,-1194457.5,p0004_0003,4,3,-385000.05,-1191999.9,600.0
1244,1256,L0_1024_s512,1024,512,0.15,153.6,76.8,-383080.05,-1194457.5,12288,15872,1024,1024,-383156.85,-1194534.2999999998,-383003.25,-1194380.7,p0004_0003,4,3,-385000.05,-1191999.9,600.0
1245,1255,L0_1024_s512,1024,512,0.15,153.6,76.8,-383080.05,-1194380.7,12288,15360,1024,1024,-383156.85,-1194457.5,-383003.25,-1194303.9,p0003_0003,3,3,-385000.05,-1191999.9,600.0
1246,1254,L0_1024_s512,1024,512,0.15,153.6,76.8,-383080.05,-1194303.9,12288,14848,1024,1024,-383156.85,-1194380.7,-383003.25,-1194227.1,p0003_0003,3,3,-385000.05,-1191999.9,600.0
1247,1253,L0_1024_s512,1024,512,0.15,153.6,76.8,-383080.05,-1194227.1,12288,14336,1024,1024,-383156.85,-1194303.9,-383003.25,-1194150.2999999998,p0003_0003,3,3,-385000.05,-1191999.9,600.0
1248,1252,L0_1024_s512,1024,512,0.15,153.6,76.8,-383080.05,-1194150.3,12288,13824,1024,1024,-383156.85,-1194227.1,-383003.25,-1194073.5,p0003_0003,3,3,-385000.05,-1191999.9,600.0
1249,1251,L0_1024_s512,1024,512,0.15,153.6,76.8,-383080.05,-1194073.5,12288,13312,1024,1024,-383156.85,-1194150.2999999998,-383003.25,-1193996.7,p0003_0003,3,3,-385000.05,-1191999.9,600.0
1250,1311,L0_1024_s512,1024,512,0.15,153.6,76.8,-383003.25,-1194764.7,12799,17920,1024,1024,-383080.2,-1194841.5,-382926.6,-1194687.9,p0004_0003,4,3,-385000.05,-1191999.9,600.0
1251,1310,L0_1024_s512,1024,512,0.15,153.6,76.8,-383003.25,-1194687.9,12799,17408,1024,1024,-383080.2,-1194764.7,-382926.6,-1194611.1,p0004_0003,4,3,-385000.05,-1191999.9,600.0
1252,1309,L0_1024_s512,1024,512,0.15,153.6,76.8,-383003.25,-1194611.1,12799,16896,1024,1024,-383080.2,-1194687.9,-382926.6,-1194534.2999999998,p0004_0003,4,3,-385000.05,-1191999.9,600.0
1253,1308,L0_1024_s512,1024,512,0.15,153.6,76.8,-383003.25,-1194534.3,12799,16384,1024,1024,-383080.2,-1194611.1,-382926.6,-1194457.5,p0004_0003,4,3,-385000.05,-1191999.9,600.0
1254,1307,L0_1024_s512,1024,512,0.15,153.6,76.8,-383003.25,-1194457.5,12799,15872,1024,1024,-383080.2,-1194534.2999999998,-382926.6,-1194380.7,p0004_0003,4,3,-385000.05,-1191999.9,600.0
1255,1306,L0_1024_s512,1024,512,0.15,153.6,76.8,-383003.25,-1194380.7,12799,15360,1024,1024,-383080.2,-1194457.5,-382926.6,-1194303.9,p0003_0003,3,3,-385000.05,-1191999.9,600.0
1256,1305,L0_1024_s512,1024,512,0.15,153.6,76.8,-383003.25,-1194303.9,12799,14848,1024,1024,-383080.2,-1194380.7,-382926.6,-1194227.1,p0003_0003,3,3,-385000.05,-1191999.9,600.0
1257,1304,L0_1024_s512,1024,512,0.15,153.6,76.8,-383003.25,-1194227.1,12799,14336,1024,1024,-383080.2,-1194303.9,-382926.6,-1194150.2999999998,p0003_0003,3,3,-385000.05,-1191999.9,600.0
1258,1303,L0_1024_s512,1024,512,0.15,153.6,76.8,-383003.25,-1194150.3,12799,13824,1024,1024,-383080.2,-1194227.1,-382926.6,-1194073.5,p0003_0003,3,3,-385000.05,-1191999.9,600.0
1259,1302,L0_1024_s512,1024,512,0.15,153.6,76.8,-383003.25,-1194073.5,12799,13312,1024,1024,-383080.2,-1194150.2999999998,-382926.6,-1193996.7,p0003_0003,3,3,-385000.05,-1191999.9,600.0
1260,1312,L0_1024_s512,1024,512,0.15,153.6,76.8,-383003.25,-1194841.5,12799,18432,1024,1024,-383080.2,-1194918.2999999998,-382926.6,-1194764.7,p0004_0003,4,3,-385000.05,-1191999.9,600.0
1261,1313,L0_1024_s512,1024,512,0.15,153.6,76.8,-383003.25,-1194918.3,12799,18944,1024,1024,-383080.2,-1194995.1,-382926.6,-1194841.5,p0004_0003,4,3,-385000.05,-1191999.9,600.0
1262,1314,L0_1024_s512,1024,512,0.15,153.6,76.8,-383003.25,-1194995.1,12799,19456,1024,1024,-383080.2,-1195071.9,-382926.6,-1194918.2999999998,p0004_0003,4,3,-385000.05,-1191999.9,600.0
1263,1315,L0_1024_s512,1024,512,0.15,153.6,76.8,-383003.25,-1195071.9,12799,19968,1024,1024,-383080.2,-1195148.7,-382926.6,-1194995.1,p0005_0003,5,3,-385000.05,-1191999.9,600.0
1264,1316,L0_1024_s512,1024,512,0.15,153.6,76.8,-383003.25,-1195148.7,12799,20480,1024,1024,-383080.2,-1195225.5,-382926.6,-1195071.9,p0005_0003,5,3,-385000.05,-1191999.9,600.0
1265,1317,L0_1024_s512,1024,512,0.15,153.6,76.8,-383003.25,-1195225.5,12799,20992,1024,1024,-383080.2,-1195302.2999999998,-382926.6,-1195148.7,p0005_0003,5,3,-385000.05,-1191999.9,600.0
1266,1318,L0_1024_s512,1024,512,0.15,153.6,76.8,-383003.25,-1195302.3,12799,21504,1024,1024,-383080.2,-1195379.1,-382926.6,-1195225.5,p0005_0003,5,3,-385000.05,-1191999.9,600.0
1267,1319,L0_1024_s512,1024,512,0.15,153.6,76.8,-383003.25,-1195379.1,12799,22016,1024,1024,-383080.2,-1195455.9,-382926.6,-1195302.2999999998,p0005_0003,5,3,-385000.05,-1191999.9,600.0
1268,1320,L0_1024_s512,1024,512,0.15,153.6,76.8,-383003.25,-1195455.9,12799,22528,1024,1024,-383080.2,-1195532.7,-382926.6,-1195379.1,p0005_0003,5,3,-385000.05,-1191999.9,600.0
1269,1321,L0_1024_s512,1024,512,0.15,153.6,76.8,-383003.25,-1195532.7,12799,23040,1024,1024,-383080.2,-1195609.5,-382926.6,-1195455.9,p0005_0003,5,3,-385000.05,-1191999.9,600.0
1270,1322,L0_1024_s512,1024,512,0.15,153.6,76.8,-383003.25,-1195609.5,12799,23552,1024,1024,-383080.2,-1195686.2999999998,-382926.6,-1195532.7,p0006_0003,6,3,-385000.05,-1191999.9,600.0
1271,1323,L0_1024_s512,1024,512,0.15,153.6,76.8,-383003.25,-1195686.3,12799,24064,1024,1024,-383080.2,-1195763.1,-382926.6,-1195609.5,p0006_0003,6,3,-385000.05,-1191999.9,600.0
1272,1324,L0_1024_s512,1024,512,0.15,153.6,76.8,-383003.25,-1195763.1,12799,24576,1024,1024,-383080.2,-1195839.9,-382926.6,-1195686.2999999998,p0006_0003,6,3,-385000.05,-1191999.9,600.0
1273,1325,L0_1024_s512,1024,512,0.15,153.6,76.8,-383003.25,-1195839.9,12799,25088,1024,1024,-383080.2,-1195916.7,-382926.6,-1195763.1,p0006_0003,6,3,-385000.05,-1191999.9,600.0
1274,1326,L0_1024_s512,1024,512,0.15,153.6,76.8,-383003.25,-1195916.7,12799,25600,1024,1024,-383080.2,-1195993.5,-382926.6,-1195839.9,p0006_0003,6,3,-385000.05,-1191999.9,600.0
1275,1346,L0_1024_s512,1024,512,0.15,153.6,76.8,-382926.45,-1193535.9,13311,9728,1024,1024,-383003.4,-1193612.7,-382849.8,-1193459.1,p0002_0003,2,3,-385000.05,-1191999.9,600.0
1276,1345,L0_1024_s512,1024,512,0.15,153.6,76.8,-382926.45,-1193459.1,13311,9216,1024,1024,-383003.4,-1193535.9,-382849.8,-1193382.2999999998,p0002_0003,2,3,-385000.05,-1191999.9,600.0
1277,1344,L0_1024_s512,1024,512,0.15,153.6,76.8,-382926.45,-1193382.3,13311,8704,1024,1024,-383003.4,-1193459.1,-382849.8,-1193305.5,p0002_0003,2,3,-385000.05,-1191999.9,600.0
1278,1343,L0_1024_s512,1024,512,0.15,153.6,76.8,-382926.45,-1193305.5,13311,8192,1024,1024,-383003.4,-1193382.2999999998,-382849.8,-1193228.7,p0002_0003,2,3,-385000.05,-1191999.9,600.0
1279,1342,L0_1024_s512,1024,512,0.15,153.6,76.8,-382926.45,-1193228.7,13311,7680,1024,1024,-383003.4,-1193305.5,-382849.8,-1193151.9,p0002_0003,2,3,-385000.05,-1191999.9,600.0
1280,1341,L0_1024_s512,1024,512,0.15,153.6,76.8,-382926.45,-1193151.9,13311,7168,1024,1024,-383003.4,-1193228.7,-382849.8,-1193075.1,p0001_0003,1,3,-385000.05,-1191999.9,600.0
1281,1340,L0_1024_s512,1024,512,0.15,153.6,76.8,-382926.45,-1193075.1,13311,6656,1024,1024,-383003.4,-1193151.9,-382849.8,-1192998.2999999998,p0001_0003,1,3,-385000.05,-1191999.9,600.0
1282,1339,L0_1024_s512,1024,512,0.15,153.6,76.8,-382926.45,-1192998.3,13311,6144,1024,1024,-383003.4,-1193075.1,-382849.8,-1192921.5,p0001_0003,1,3,-385000.05,-1191999.9,600.0
1283,1338,L0_1024_s512,1024,512,0.15,153.6,76.8,-382926.45,-1192921.5,13311,5632,1024,1024,-383003.4,-1192998.2999999998,-382849.8,-1192844.7,p0001_0003,1,3,-385000.05,-1191999.9,600.0
1284,1347,L0_1024_s512,1024,512,0.15,153.6,76.8,-382926.45,-1193612.7,13311,10240,1024,1024,-383003.4,-1193689.5,-382849.8,-1193535.9,p0002_0003,2,3,-385000.05,-1191999.9,600.0
1285,1348,L0_1024_s512,1024,512,0.15,153.6,76.8,-382926.45,-1193689.5,13311,10752,1024,1024,-383003.4,-1193766.2999999998,-382849.8,-1193612.7,p0002_0003,2,3,-385000.05,-1191999.9,600.0
1286,1349,L0_1024_s512,1024,512,0.15,153.6,76.8,-382926.45,-1193766.3,13311,11264,1024,1024,-383003.4,-1193843.1,-382849.8,-1193689.5,p0002_0003,2,3,-385000.05,-1191999.9,600.0
1287,1350,L0_1024_s512,1024,512,0.15,153.6,76.8,-382926.45,-1193843.1,13311,11776,1024,1024,-383003.4,-1193919.9,-382849.8,-1193766.2999999998,p0003_0003,3,3,-385000.05,-1191999.9,600.0
1288,1351,L0_1024_s512,1024,512,0.15,153.6,76.8,-382926.45,-1193919.9,13311,12288,1024,1024,-383003.4,-1193996.7,-382849.8,-1193843.1,p0003_0003,3,3,-385000.05,-1191999.9,600.0
1289,1352,L0_1024_s512,1024,512,0.15,153.6,76.8,-382926.45,-1193996.7,13311,12800,1024,1024,-383003.4,-1194073.5,-382849.8,-1193919.9,p0003_0003,3,3,-385000.05,-1191999.9,600.0
1290,1337,L0_1024_s512,1024,512,0.15,153.6,76.8,-382926.45,-1192844.7,13311,5120,1024,1024,-383003.4,-1192921.5,-382849.8,-1192767.9,p0001_0003,1,3,-385000.05,-1191999.9,600.0
1291,1336,L0_1024_s512,1024,512,0.15,153.6,76.8,-382926.45,-1192767.9,13311,4608,1024,1024,-383003.4,-1192844.7,-382849.8,-1192691.1,p0001_0003,1,3,-385000.05,-1191999.9,600.0
1292,1335,L0_1024_s512,1024,512,0.15,153.6,76.8,-382926.45,-1192691.1,13311,4096,1024,1024,-383003.4,-1192767.9,-382849.8,-1192614.2999999998,p0001_0003,1,3,-385000.05,-1191999.9,600.0
1293,1334,L0_1024_s512,1024,512,0.15,153.6,76.8,-382926.45,-1192614.3,13311,3584,1024,1024,-383003.4,-1192691.1,-382849.8,-1192537.5,p0001_0003,1,3,-385000.05,-1191999.9,600.0
1294,1388,L0_1024_s512,1024,512,0.15,153.6,76.8,-382849.65,-1192844.7,13823,5120,1024,1024,-382926.6,-1192921.5,-382773.0,-1192767.9,p0001_0003,1,3,-385000.05,-1191999.9,600.0
1295,1387,L0_1024_s512,1024,512,0.15,153.6,76.8,-382849.65,-1192767.9,13823,4608,1024,1024,-382926.6,-1192844.7,-382773.0,-1192691.1,p0001_0003,1,3,-385000.05,-1191999.9,600.0
1296,1386,L0_1024_s512,1024,512,0.15,153.6,76.8,-382849.65,-1192691.1,13823,4096,1024,1024,-382926.6,-1192767.9,-382773.0,-1192614.2999999998,p0001_0003,1,3,-385000.05,-1191999.9,600.0
1297,1389,L0_1024_s512,1024,512,0.15,153.6,76.8,-382849.65,-1192921.5,13823,5632,1024,1024,-382926.6,-1192998.2999999998,-382773.0,-1192844.7,p0001_0003,1,3,-385000.05,-1191999.9,600.0
1298,1385,L0_1024_s512,1024,512,0.15,153.6,76.8,-382849.65,-1192614.3,13823,3584,1024,1024,-382926.6,-1192691.1,-382773.0,-1192537.5,p0001_0003,1,3,-385000.05,-1191999.9,600.0
1299,1333,L0_1024_s512,1024,512,0.15,153.6,76.8,-382926.45,-1192537.5,13311,3072,1024,1024,-383003.4,-1192614.2999999998,-382849.8,-1192460.7,p0000_0003,0,3,-385000.05,-1191999.9,600.0
1300,1332,L0_1024_s512,1024,512,0.15,153.6,76.8,-382926.45,-1192460.7,13311,2560,1024,1024,-383003.4,-1192537.5,-382849.8,-1192383.9,p0000_0003,0,3,-385000.05,-1191999.9,600.0
1301,1331,L0_1024_s512,1024,512,0.15,153.6,76.8,-382926.45,-1192383.9,13311,2048,1024,1024,-383003.4,-1192460.7,-382849.8,-1192307.1,p0000_0003,0,3,-385000.05,-1191999.9,600.0
1302,1382,L0_1024_s512,1024,512,0.15,153.6,76.8,-382849.65,-1192383.9,13823,2048,1024,1024,-382926.6,-1192460.7,-382773.0,-1192307.1,p0000_0003,0,3,-385000.05,-1191999.9,600.0
1303,1384,L0_1024_s512,1024,512,0.15,153.6,76.8,-382849.65,-1192537.5,13823,3072,1024,1024,-382926.6,-1192614.2999999998,-382773.0,-1192460.7,p0000_0003,0,3,-385000.05,-1191999.9,600.0
1304,1383,L0_1024_s512,1024,512,0.15,153.6,76.8,-382849.65,-1192460.7,13823,2560,1024,1024,-382926.6,-1192537.5,-382773.0,-1192383.9,p0000_0003,0,3,-385000.05,-1191999.9,600.0
1305,1435,L0_1024_s512,1024,512,0.15,153.6,76.8,-382772.85,-1192537.5,14336,3072,1024,1024,-382849.65,-1192614.2999999998,-382696.05,-1192460.7,p0000_0003,0,3,-385000.05,-1191999.9,600.0
1306,1434,L0_1024_s512,1024,512,0.15,153.6,76.8,-382772.85,-1192460.7,14336,2560,1024,1024,-382849.65,-1192537.5,-382696.05,-1192383.9,p0000_0003,0,3,-385000.05,-1191999.9,600.0
1307,1433,L0_1024_s512,1024,512,0.15,153.6,76.8,-382772.85,-1192383.9,14336,2048,1024,1024,-382849.65,-1192460.7,-382696.05,-1192307.1,p0000_0003,0,3,-385000.05,-1191999.9,600.0
1308,1486,L0_1024_s512,1024,512,0.15,153.6,76.8,-382696.05,-1192537.5,14848,3072,1024,1024,-382772.85,-1192614.2999999998,-382619.25,-1192460.7,p0000_0003,0,3,-385000.05,-1191999.9,600.0
1309,1485,L0_1024_s512,1024,512,0.15,153.6,76.8,-382696.05,-1192460.7,14848,2560,1024,1024,-382772.85,-1192537.5,-382619.25,-1192383.9,p0000_0003,0,3,-385000.05,-1191999.9,600.0
1310,1484,L0_1024_s512,1024,512,0.15,153.6,76.8,-382696.05,-1192383.9,14848,2048,1024,1024,-382772.85,-1192460.7,-382619.25,-1192307.1,p0000_0003,0,3,-385000.05,-1191999.9,600.0
1311,1330,L0_1024_s512,1024,512,0.15,153.6,76.8,-382926.45,-1192307.1,13311,1536,1024,1024,-383003.4,-1192383.9,-382849.8,-1192230.2999999998,p0000_0003,0,3,-385000.05,-1191999.9,600.0
1312,1329,L0_1024_s512,1024,512,0.15,153.6,76.8,-382926.45,-1192230.3,13311,1024,1024,1024,-383003.4,-1192307.1,-382849.8,-1192153.5,p0000_0003,0,3,-385000.05,-1191999.9,600.0
1313,1328,L0_1024_s512,1024,512,0.15,153.6,76.8,-382926.45,-1192153.5,13311,512,1024,1024,-383003.4,-1192230.2999999998,-382849.8,-1192076.7,p0000_0003,0,3,-385000.05,-1191999.9,600.0
1314,1327,L0_1024_s512,1024,512,0.15,153.6,76.8,-382926.45,-1192076.7,13311,0,1024,1024,-383003.4,-1192153.5,-382849.8,-1191999.9,p0000_0003,0,3,-385000.05,-1191999.9,600.0
1315,1381,L0_1024_s512,1024,512,0.15,153.6,76.8,-382849.65,-1192307.1,13823,1536,1024,1024,-382926.6,-1192383.9,-382773.0,-1192230.2999999998,p0000_0003,0,3,-385000.05,-1191999.9,600.0
1316,1380,L0_1024_s512,1024,512,0.15,153.6,76.8,-382849.65,-1192230.3,13823,1024,1024,1024,-382926.6,-1192307.1,-382773.0,-1192153.5,p0000_0003,0,3,-385000.05,-1191999.9,600.0
1317,1379,L0_1024_s512,1024,512,0.15,153.6,76.8,-382849.65,-1192153.5,13823,512,1024,1024,-382926.6,-1192230.2999999998,-382773.0,-1192076.7,p0000_0003,0,3,-385000.05,-1191999.9,600.0
1318,1378,L0_1024_s512,1024,512,0.15,153.6,76.8,-382849.65,-1192076.7,13823,0,1024,1024,-382926.6,-1192153.5,-382773.0,-1191999.9,p0000_0003,0,3,-385000.05,-1191999.9,600.0
1319,1432,L0_1024_s512,1024,512,0.15,153.6,76.8,-382772.85,-1192307.1,14336,1536,1024,1024,-382849.65,-1192383.9,-382696.05,-1192230.2999999998,p0000_0003,0,3,-385000.05,-1191999.9,600.0
1320,1431,L0_1024_s512,1024,512,0.15,153.6,76.8,-382772.85,-1192230.3,14336,1024,1024,1024,-382849.65,-1192307.1,-382696.05,-1192153.5,p0000_0003,0,3,-385000.05,-1191999.9,600.0
1321,1430,L0_1024_s512,1024,512,0.15,153.6,76.8,-382772.85,-1192153.5,14336,512,1024,1024,-382849.65,-1192230.2999999998,-382696.05,-1192076.7,p0000_0003,0,3,-385000.05,-1191999.9,600.0
1322,1429,L0_1024_s512,1024,512,0.15,153.6,76.8,-382772.85,-1192076.7,14336,0,1024,1024,-382849.65,-1192153.5,-382696.05,-1191999.9,p0000_0003,0,3,-385000.05,-1191999.9,600.0
1323,1483,L0_1024_s512,1024,512,0.15,153.6,76.8,-382696.05,-1192307.1,14848,1536,1024,1024,-382772.85,-1192383.9,-382619.25,-1192230.2999999998,p0000_0003,0,3,-385000.05,-1191999.9,600.0
1324,1482,L0_1024_s512,1024,512,0.15,153.6,76.8,-382696.05,-1192230.3,14848,1024,1024,1024,-382772.85,-1192307.1,-382619.25,-1192153.5,p0000_0003,0,3,-385000.05,-1191999.9,600.0
1325,1481,L0_1024_s512,1024,512,0.15,153.6,76.8,-382696.05,-1192153.5,14848,512,1024,1024,-382772.85,-1192230.2999999998,-382619.25,-1192076.7,p0000_0003,0,3,-385000.05,-1191999.9,600.0
1326,1480,L0_1024_s512,1024,512,0.15,153.6,76.8,-382696.05,-1192076.7,14848,0,1024,1024,-382772.85,-1192153.5,-382619.25,-1191999.9,p0000_0003,0,3,-385000.05,-1191999.9,600.0
1327,1531,L0_1024_s512,1024,512,0.15,153.6,76.8,-382619.25,-1192076.7,15359,0,1024,1024,-382696.2,-1192153.5,-382542.6,-1191999.9,p0000_0003,0,3,-385000.05,-1191999.9,600.0
1328,1532,L0_1024_s512,1024,512,0.15,153.6,76.8,-382619.25,-1192153.5,15359,512,1024,1024,-382696.2,-1192230.2999999998,-382542.6,-1192076.7,p0000_0003,0,3,-385000.05,-1191999.9,600.0
1329,1533,L0_1024_s512,1024,512,0.15,153.6,76.8,-382619.25,-1192230.3,15359,1024,1024,1024,-382696.2,-1192307.1,-382542.6,-1192153.5,p0000_0003,0,3,-385000.05,-1191999.9,600.0
1330,1534,L0_1024_s512,1024,512,0.15,153.6,76.8,-382619.25,-1192307.1,15359,1536,1024,1024,-382696.2,-1192383.9,-382542.6,-1192230.2999999998,p0000_0003,0,3,-385000.05,-1191999.9,600.0
1331,1582,L0_1024_s512,1024,512,0.15,153.6,76.8,-382542.45,-1192076.7,15871,0,1024,1024,-382619.4,-1192153.5,-382465.8,-1191999.9,p0000_0004,0,4,-385000.05,-1191999.9,600.0
1332,1583,L0_1024_s512,1024,512,0.15,153.6,76.8,-382542.45,-1192153.5,15871,512,1024,1024,-382619.4,-1192230.2999999998,-382465.8,-1192076.7,p0000_0004,0,4,-385000.05,-1191999.9,600.0
1333,1584,L0_1024_s512,1024,512,0.15,153.6,76.8,-382542.45,-1192230.3,15871,1024,1024,1024,-382619.4,-1192307.1,-382465.8,-1192153.5,p0000_0004,0,4,-385000.05,-1191999.9,600.0
1334,1585,L0_1024_s512,1024,512,0.15,153.6,76.8,-382542.45,-1192307.1,15871,1536,1024,1024,-382619.4,-1192383.9,-382465.8,-1192230.2999999998,p0000_0004,0,4,-385000.05,-1191999.9,600.0
1335,1403,L0_1024_s512,1024,512,0.15,153.6,76.8,-382849.65,-1193996.7,13823,12800,1024,1024,-382926.6,-1194073.5,-382773.0,-1193919.9,p0003_0003,3,3,-385000.05,-1191999.9,600.0
1336,1402,L0_1024_s512,1024,512,0.15,153.6,76.8,-382849.65,-1193919.9,13823,12288,1024,1024,-382926.6,-1193996.7,-382773.0,-1193843.1,p0003_0003,3,3,-385000.05,-1191999.9,600.0
1337,1401,L0_1024_s512,1024,512,0.15,153.6,76.8,-382849.65,-1193843.1,13823,11776,1024,1024,-382926.6,-1193919.9,-382773.0,-1193766.2999999998,p0003_0003,3,3,-385000.05,-1191999.9,600.0
1338,1400,L0_1024_s512,1024,512,0.15,153.6,76.8,-382849.65,-1193766.3,13823,11264,1024,1024,-382926.6,-1193843.1,-382773.0,-1193689.5,p0002_0003,2,3,-385000.05,-1191999.9,600.0
1339,1399,L0_1024_s512,1024,512,0.15,153.6,76.8,-382849.65,-1193689.5,13823,10752,1024,1024,-382926.6,-1193766.2999999998,-382773.0,-1193612.7,p0002_0003,2,3,-385000.05,-1191999.9,600.0
1340,1398,L0_1024_s512,1024,512,0.15,153.6,76.8,-382849.65,-1193612.7,13823,10240,1024,1024,-382926.6,-1193689.5,-382773.0,-1193535.9,p0002_0003,2,3,-385000.05,-1191999.9,600.0
1341,1397,L0_1024_s512,1024,512,0.15,153.6,76.8,-382849.65,-1193535.9,13823,9728,1024,1024,-382926.6,-1193612.7,-382773.0,-1193459.1,p0002_0003,2,3,-385000.05,-1191999.9,600.0
1342,1396,L0_1024_s512,1024,512,0.15,153.6,76.8,-382849.65,-1193459.1,13823,9216,1024,1024,-382926.6,-1193535.9,-382773.0,-1193382.2999999998,p0002_0003,2,3,-385000.05,-1191999.9,600.0
1343,1395,L0_1024_s512,1024,512,0.15,153.6,76.8,-382849.65,-1193382.3,13823,8704,1024,1024,-382926.6,-1193459.1,-382773.0,-1193305.5,p0002_0003,2,3,-385000.05,-1191999.9,600.0
1344,1394,L0_1024_s512,1024,512,0.15,153.6,76.8,-382849.65,-1193305.5,13823,8192,1024,1024,-382926.6,-1193382.2999999998,-382773.0,-1193228.7,p0002_0003,2,3,-385000.05,-1191999.9,600.0
1345,1393,L0_1024_s512,1024,512,0.15,153.6,76.8,-382849.65,-1193228.7,13823,7680,1024,1024,-382926.6,-1193305.5,-382773.0,-1193151.9,p0002_0003,2,3,-385000.05,-1191999.9,600.0
1346,1392,L0_1024_s512,1024,512,0.15,153.6,76.8,-382849.65,-1193151.9,13823,7168,1024,1024,-382926.6,-1193228.7,-382773.0,-1193075.1,p0001_0003,1,3,-385000.05,-1191999.9,600.0
1347,1391,L0_1024_s512,1024,512,0.15,153.6,76.8,-382849.65,-1193075.1,13823,6656,1024,1024,-382926.6,-1193151.9,-382773.0,-1192998.2999999998,p0001_0003,1,3,-385000.05,-1191999.9,600.0
1348,1390,L0_1024_s512,1024,512,0.15,153.6,76.8,-382849.65,-1192998.3,13823,6144,1024,1024,-382926.6,-1193075.1,-382773.0,-1192921.5,p0001_0003,1,3,-385000.05,-1191999.9,600.0
1349,1436,L0_1024_s512,1024,512,0.15,153.6,76.8,-382772.85,-1192614.3,14336,3584,1024,1024,-382849.65,-1192691.1,-382696.05,-1192537.5,p0001_0003,1,3,-385000.05,-1191999.9,600.0
1350,1437,L0_1024_s512,1024,512,0.15,153.6,76.8,-382772.85,-1192691.1,14336,4096,1024,1024,-382849.65,-1192767.9,-382696.05,-1192614.2999999998,p0001_0003,1,3,-385000.05,-1191999.9,600.0
1351,1438,L0_1024_s512,1024,512,0.15,153.6,76.8,-382772.85,-1192767.9,14336,4608,1024,1024,-382849.65,-1192844.7,-382696.05,-1192691.1,p0001_0003,1,3,-385000.05,-1191999.9,600.0
1352,1439,L0_1024_s512,1024,512,0.15,153.6,76.8,-382772.85,-1192844.7,14336,5120,1024,1024,-382849.65,-1192921.5,-382696.05,-1192767.9,p0001_0003,1,3,-385000.05,-1191999.9,600.0
1353,1440,L0_1024_s512,1024,512,0.15,153.6,76.8,-382772.85,-1192921.5,14336,5632,1024,1024,-382849.65,-1192998.2999999998,-382696.05,-1192844.7,p0001_0003,1,3,-385000.05,-1191999.9,600.0
1354,1441,L0_1024_s512,1024,512,0.15,153.6,76.8,-382772.85,-1192998.3,14336,6144,1024,1024,-382849.65,-1193075.1,-382696.05,-1192921.5,p0001_0003,1,3,-385000.05,-1191999.9,600.0
1355,1442,L0_1024_s512,1024,512,0.15,153.6,76.8,-382772.85,-1193075.1,14336,6656,1024,1024,-382849.65,-1193151.9,-382696.05,-1192998.2999999998,p0001_0003,1,3,-385000.05,-1191999.9,600.0
1356,1443,L0_1024_s512,1024,512,0.15,153.6,76.8,-382772.85,-1193151.9,14336,7168,1024,1024,-382849.65,-1193228.7,-382696.05,-1193075.1,p0001_0003,1,3,-385000.05,-1191999.9,600.0
1357,1444,L0_1024_s512,1024,512,0.15,153.6,76.8,-382772.85,-1193228.7,14336,7680,1024,1024,-382849.65,-1193305.5,-382696.05,-1193151.9,p0002_0003,2,3,-385000.05,-1191999.9,600.0
1358,1445,L0_1024_s512,1024,512,0.15,153.6,76.8,-382772.85,-1193305.5,14336,8192,1024,1024,-382849.65,-1193382.2999999998,-382696.05,-1193228.7,p0002_0003,2,3,-385000.05,-1191999.9,600.0
1359,1446,L0_1024_s512,1024,512,0.15,153.6,76.8,-382772.85,-1193382.3,14336,8704,1024,1024,-382849.65,-1193459.1,-382696.05,-1193305.5,p0002_0003,2,3,-385000.05,-1191999.9,600.0
1360,1447,L0_1024_s512,1024,512,0.15,153.6,76.8,-382772.85,-1193459.1,14336,9216,1024,1024,-382849.65,-1193535.9,-382696.05,-1193382.2999999998,p0002_0003,2,3,-385000.05,-1191999.9,600.0
1361,1448,L0_1024_s512,1024,512,0.15,153.6,76.8,-382772.85,-1193535.9,14336,9728,1024,1024,-382849.65,-1193612.7,-382696.05,-1193459.1,p0002_0003,2,3,-385000.05,-1191999.9,600.0
1362,1449,L0_1024_s512,1024,512,0.15,153.6,76.8,-382772.85,-1193612.7,14336,10240,1024,1024,-382849.65,-1193689.5,-382696.05,-1193535.9,p0002_0003,2,3,-385000.05,-1191999.9,600.0
1363,1450,L0_1024_s512,1024,512,0.15,153.6,76.8,-382772.85,-1193689.5,14336,10752,1024,1024,-382849.65,-1193766.2999999998,-382696.05,-1193612.7,p0002_0003,2,3,-385000.05,-1191999.9,600.0
1364,1451,L0_1024_s512,1024,512,0.15,153.6,76.8,-382772.85,-1193766.3,14336,11264,1024,1024,-382849.65,-1193843.1,-382696.05,-1193689.5,p0002_0003,2,3,-385000.05,-1191999.9,600.0
1365,1452,L0_1024_s512,1024,512,0.15,153.6,76.8,-382772.85,-1193843.1,14336,11776,1024,1024,-382849.65,-1193919.9,-382696.05,-1193766.2999999998,p0003_0003,3,3,-385000.05,-1191999.9,600.0
1366,1453,L0_1024_s512,1024,512,0.15,153.6,76.8,-382772.85,-1193919.9,14336,12288,1024,1024,-382849.65,-1193996.7,-382696.05,-1193843.1,p0003_0003,3,3,-385000.05,-1191999.9,600.0
1367,1454,L0_1024_s512,1024,512,0.15,153.6,76.8,-382772.85,-1193996.7,14336,12800,1024,1024,-382849.65,-1194073.5,-382696.05,-1193919.9,p0003_0003,3,3,-385000.05,-1191999.9,600.0
1368,1505,L0_1024_s512,1024,512,0.15,153.6,76.8,-382696.05,-1193996.7,14848,12800,1024,1024,-382772.85,-1194073.5,-382619.25,-1193919.9,p0003_0003,3,3,-385000.05,-1191999.9,600.0
1369,1504,L0_1024_s512,1024,512,0.15,153.6,76.8,-382696.05,-1193919.9,14848,12288,1024,1024,-382772.85,-1193996.7,-382619.25,-1193843.1,p0003_0003,3,3,-385000.05,-1191999.9,600.0
1370,1503,L0_1024_s512,1024,512,0.15,153.6,76.8,-382696.05,-1193843.1,14848,11776,1024,1024,-382772.85,-1193919.9,-382619.25,-1193766.2999999998,p0003_0003,3,3,-385000.05,-1191999.9,600.0
1371,1502,L0_1024_s512,1024,512,0.15,153.6,76.8,-382696.05,-1193766.3,14848,11264,1024,1024,-382772.85,-1193843.1,-382619.25,-1193689.5,p0002_0003,2,3,-385000.05,-1191999.9,600.0
1372,1501,L0_1024_s512,1024,512,0.15,153.6,76.8,-382696.05,-1193689.5,14848,10752,1024,1024,-382772.85,-1193766.2999999998,-382619.25,-1193612.7,p0002_0003,2,3,-385000.05,-1191999.9,600.0
1373,1500,L0_1024_s512,1024,512,0.15,153.6,76.8,-382696.05,-1193612.7,14848,10240,1024,1024,-382772.85,-1193689.5,-382619.25,-1193535.9,p0002_0003,2,3,-385000.05,-1191999.9,600.0
1374,1499,L0_1024_s512,1024,512,0.15,153.6,76.8,-382696.05,-1193535.9,14848,9728,1024,1024,-382772.85,-1193612.7,-382619.25,-1193459.1,p0002_0003,2,3,-385000.05,-1191999.9,600.0
1375,1498,L0_1024_s512,1024,512,0.15,153.6,76.8,-382696.05,-1193459.1,14848,9216,1024,1024,-382772.85,-1193535.9,-382619.25,-1193382.2999999998,p0002_0003,2,3,-385000.05,-1191999.9,600.0
1376,1497,L0_1024_s512,1024,512,0.15,153.6,76.8,-382696.05,-1193382.3,14848,8704,1024,1024,-382772.85,-1193459.1,-382619.25,-1193305.5,p0002_0003,2,3,-385000.05,-1191999.9,600.0
1377,1496,L0_1024_s512,1024,512,0.15,153.6,76.8,-382696.05,-1193305.5,14848,8192,1024,1024,-382772.85,-1193382.2999999998,-382619.25,-1193228.7,p0002_0003,2,3,-385000.05,-1191999.9,600.0
1378,1495,L0_1024_s512,1024,512,0.15,153.6,76.8,-382696.05,-1193228.7,14848,7680,1024,1024,-382772.85,-1193305.5,-382619.25,-1193151.9,p0002_0003,2,3,-385000.05,-1191999.9,600.0
1379,1494,L0_1024_s512,1024,512,0.15,153.6,76.8,-382696.05,-1193151.9,14848,7168,1024,1024,-382772.85,-1193228.7,-382619.25,-1193075.1,p0001_0003,1,3,-385000.05,-1191999.9,600.0
1380,1493,L0_1024_s512,1024,512,0.15,153.6,76.8,-382696.05,-1193075.1,14848,6656,1024,1024,-382772.85,-1193151.9,-382619.25,-1192998.2999999998,p0001_0003,1,3,-385000.05,-1191999.9,600.0
1381,1492,L0_1024_s512,1024,512,0.15,153.6,76.8,-382696.05,-1192998.3,14848,6144,1024,1024,-382772.85,-1193075.1,-382619.25,-1192921.5,p0001_0003,1,3,-385000.05,-1191999.9,600.0
1382,1491,L0_1024_s512,1024,512,0.15,153.6,76.8,-382696.05,-1192921.5,14848,5632,1024,1024,-382772.85,-1192998.2999999998,-382619.25,-1192844.7,p0001_0003,1,3,-385000.05,-1191999.9,600.0
1383,1490,L0_1024_s512,1024,512,0.15,153.6,76.8,-382696.05,-1192844.7,14848,5120,1024,1024,-382772.85,-1192921.5,-382619.25,-1192767.9,p0001_0003,1,3,-385000.05,-1191999.9,600.0
1384,1489,L0_1024_s512,1024,512,0.15,153.6,76.8,-382696.05,-1192767.9,14848,4608,1024,1024,-382772.85,-1192844.7,-382619.25,-1192691.1,p0001_0003,1,3,-385000.05,-1191999.9,600.0
1385,1488,L0_1024_s512,1024,512,0.15,153.6,76.8,-382696.05,-1192691.1,14848,4096,1024,1024,-382772.85,-1192767.9,-382619.25,-1192614.2999999998,p0001_0003,1,3,-385000.05,-1191999.9,600.0
1386,1487,L0_1024_s512,1024,512,0.15,153.6,76.8,-382696.05,-1192614.3,14848,3584,1024,1024,-382772.85,-1192691.1,-382619.25,-1192537.5,p0001_0003,1,3,-385000.05,-1191999.9,600.0
1387,1535,L0_1024_s512,1024,512,0.15,153.6,76.8,-382619.25,-1192383.9,15359,2048,1024,1024,-382696.2,-1192460.7,-382542.6,-1192307.1,p0000_0003,0,3,-385000.05,-1191999.9,600.0
1388,1536,L0_1024_s512,1024,512,0.15,153.6,76.8,-382619.25,-1192460.7,15359,2560,1024,1024,-382696.2,-1192537.5,-382542.6,-1192383.9,p0000_0003,0,3,-385000.05,-1191999.9,600.0
1389,1537,L0_1024_s512,1024,512,0.15,153.6,76.8,-382619.25,-1192537.5,15359,3072,1024,1024,-382696.2,-1192614.2999999998,-382542.6,-1192460.7,p0000_0003,0,3,-385000.05,-1191999.9,600.0
1390,1538,L0_1024_s512,1024,512,0.15,153.6,76.8,-382619.25,-1192614.3,15359,3584,1024,1024,-382696.2,-1192691.1,-382542.6,-1192537.5,p0001_0003,1,3,-385000.05,-1191999.9,600.0
1391,1539,L0_1024_s512,1024,512,0.15,153.6,76.8,-382619.25,-1192691.1,15359,4096,1024,1024,-382696.2,-1192767.9,-382542.6,-1192614.2999999998,p0001_0003,1,3,-385000.05,-1191999.9,600.0
1392,1540,L0_1024_s512,1024,512,0.15,153.6,76.8,-382619.25,-1192767.9,15359,4608,1024,1024,-382696.2,-1192844.7,-382542.6,-1192691.1,p0001_0003,1,3,-385000.05,-1191999.9,600.0
1393,1541,L0_1024_s512,1024,512,0.15,153.6,76.8,-382619.25,-1192844.7,15359,5120,1024,1024,-382696.2,-1192921.5,-382542.6,-1192767.9,p0001_0003,1,3,-385000.05,-1191999.9,600.0
1394,1542,L0_1024_s512,1024,512,0.15,153.6,76.8,-382619.25,-1192921.5,15359,5632,1024,1024,-382696.2,-1192998.2999999998,-382542.6,-1192844.7,p0001_0003,1,3,-385000.05,-1191999.9,600.0
1395,1543,L0_1024_s512,1024,512,0.15,153.6,76.8,-382619.25,-1192998.3,15359,6144,1024,1024,-382696.2,-1193075.1,-382542.6,-1192921.5,p0001_0003,1,3,-385000.05,-1191999.9,600.0
1396,1544,L0_1024_s512,1024,512,0.15,153.6,76.8,-382619.25,-1193075.1,15359,6656,1024,1024,-382696.2,-1193151.9,-382542.6,-1192998.2999999998,p0001_0003,1,3,-385000.05,-1191999.9,600.0
1397,1545,L0_1024_s512,1024,512,0.15,153.6,76.8,-382619.25,-1193151.9,15359,7168,1024,1024,-382696.2,-1193228.7,-382542.6,-1193075.1,p0001_0003,1,3,-385000.05,-1191999.9,600.0
1398,1546,L0_1024_s512,1024,512,0.15,153.6,76.8,-382619.25,-1193228.7,15359,7680,1024,1024,-382696.2,-1193305.5,-382542.6,-1193151.9,p0002_0003,2,3,-385000.05,-1191999.9,600.0
1399,1547,L0_1024_s512,1024,512,0.15,153.6,76.8,-382619.25,-1193305.5,15359,8192,1024,1024,-382696.2,-1193382.2999999998,-382542.6,-1193228.7,p0002_0003,2,3,-385000.05,-1191999.9,600.0
1400,1548,L0_1024_s512,1024,512,0.15,153.6,76.8,-382619.25,-1193382.3,15359,8704,1024,1024,-382696.2,-1193459.1,-382542.6,-1193305.5,p0002_0003,2,3,-385000.05,-1191999.9,600.0
1401,1549,L0_1024_s512,1024,512,0.15,153.6,76.8,-382619.25,-1193459.1,15359,9216,1024,1024,-382696.2,-1193535.9,-382542.6,-1193382.2999999998,p0002_0003,2,3,-385000.05,-1191999.9,600.0
1402,1550,L0_1024_s512,1024,512,0.15,153.6,76.8,-382619.25,-1193535.9,15359,9728,1024,1024,-382696.2,-1193612.7,-382542.6,-1193459.1,p0002_0003,2,3,-385000.05,-1191999.9,600.0
1403,1551,L0_1024_s512,1024,512,0.15,153.6,76.8,-382619.25,-1193612.7,15359,10240,1024,1024,-382696.2,-1193689.5,-382542.6,-1193535.9,p0002_0003,2,3,-385000.05,-1191999.9,600.0
1404,1552,L0_1024_s512,1024,512,0.15,153.6,76.8,-382619.25,-1193689.5,15359,10752,1024,1024,-382696.2,-1193766.2999999998,-382542.6,-1193612.7,p0002_0003,2,3,-385000.05,-1191999.9,600.0
1405,1553,L0_1024_s512,1024,512,0.15,153.6,76.8,-382619.25,-1193766.3,15359,11264,1024,1024,-382696.2,-1193843.1,-382542.6,-1193689.5,p0002_0003,2,3,-385000.05,-1191999.9,600.0
1406,1554,L0_1024_s512,1024,512,0.15,153.6,76.8,-382619.25,-1193843.1,15359,11776,1024,1024,-382696.2,-1193919.9,-382542.6,-1193766.2999999998,p0003_0003,3,3,-385000.05,-1191999.9,600.0
1407,1555,L0_1024_s512,1024,512,0.15,153.6,76.8,-382619.25,-1193919.9,15359,12288,1024,1024,-382696.2,-1193996.7,-382542.6,-1193843.1,p0003_0003,3,3,-385000.05,-1191999.9,600.0
1408,1556,L0_1024_s512,1024,512,0.15,153.6,76.8,-382619.25,-1193996.7,15359,12800,1024,1024,-382696.2,-1194073.5,-382542.6,-1193919.9,p0003_0003,3,3,-385000.05,-1191999.9,600.0
1409,1586,L0_1024_s512,1024,512,0.15,153.6,76.8,-382542.45,-1192383.9,15871,2048,1024,1024,-382619.4,-1192460.7,-382465.8,-1192307.1,p0000_0004,0,4,-385000.05,-1191999.9,600.0
1410,1587,L0_1024_s512,1024,512,0.15,153.6,76.8,-382542.45,-1192460.7,15871,2560,1024,1024,-382619.4,-1192537.5,-382465.8,-1192383.9,p0000_0004,0,4,-385000.05,-1191999.9,600.0
1411,1588,L0_1024_s512,1024,512,0.15,153.6,76.8,-382542.45,-1192537.5,15871,3072,1024,1024,-382619.4,-1192614.2999999998,-382465.8,-1192460.7,p0000_0004,0,4,-385000.05,-1191999.9,600.0
1412,1589,L0_1024_s512,1024,512,0.15,153.6,76.8,-382542.45,-1192614.3,15871,3584,1024,1024,-382619.4,-1192691.1,-382465.8,-1192537.5,p0001_0004,1,4,-385000.05,-1191999.9,600.0
1413,1590,L0_1024_s512,1024,512,0.15,153.6,76.8,-382542.45,-1192691.1,15871,4096,1024,1024,-382619.4,-1192767.9,-382465.8,-1192614.2999999998,p0001_0004,1,4,-385000.05,-1191999.9,600.0
1414,1591,L0_1024_s512,1024,512,0.15,153.6,76.8,-382542.45,-1192767.9,15871,4608,1024,1024,-382619.4,-1192844.7,-382465.8,-1192691.1,p0001_0004,1,4,-385000.05,-1191999.9,600.0
1415,1592,L0_1024_s512,1024,512,0.15,153.6,76.8,-382542.45,-1192844.7,15871,5120,1024,1024,-382619.4,-1192921.5,-382465.8,-1192767.9,p0001_0004,1,4,-385000.05,-1191999.9,600.0
1416,1593,L0_1024_s512,1024,512,0.15,153.6,76.8,-382542.45,-1192921.5,15871,5632,1024,1024,-382619.4,-1192998.2999999998,-382465.8,-1192844.7,p0001_0004,1,4,-385000.05,-1191999.9,600.0
1417,1594,L0_1024_s512,1024,512,0.15,153.6,76.8,-382542.45,-1192998.3,15871,6144,1024,1024,-382619.4,-1193075.1,-382465.8,-1192921.5,p0001_0004,1,4,-385000.05,-1191999.9,600.0
1418,1595,L0_1024_s512,1024,512,0.15,153.6,76.8,-382542.45,-1193075.1,15871,6656,1024,1024,-382619.4,-1193151.9,-382465.8,-1192998.2999999998,p0001_0004,1,4,-385000.05,-1191999.9,600.0
1419,1596,L0_1024_s512,1024,512,0.15,153.6,76.8,-382542.45,-1193151.9,15871,7168,1024,1024,-382619.4,-1193228.7,-382465.8,-1193075.1,p0001_0004,1,4,-385000.05,-1191999.9,600.0
1420,1597,L0_1024_s512,1024,512,0.15,153.6,76.8,-382542.45,-1193228.7,15871,7680,1024,1024,-382619.4,-1193305.5,-382465.8,-1193151.9,p0002_0004,2,4,-385000.05,-1191999.9,600.0
1421,1598,L0_1024_s512,1024,512,0.15,153.6,76.8,-382542.45,-1193305.5,15871,8192,1024,1024,-382619.4,-1193382.2999999998,-382465.8,-1193228.7,p0002_0004,2,4,-385000.05,-1191999.9,600.0
1422,1599,L0_1024_s512,1024,512,0.15,153.6,76.8,-382542.45,-1193382.3,15871,8704,1024,1024,-382619.4,-1193459.1,-382465.8,-1193305.5,p0002_0004,2,4,-385000.05,-1191999.9,600.0
1423,1600,L0_1024_s512,1024,512,0.15,153.6,76.8,-382542.45,-1193459.1,15871,9216,1024,1024,-382619.4,-1193535.9,-382465.8,-1193382.2999999998,p0002_0004,2,4,-385000.05,-1191999.9,600.0
1424,1601,L0_1024_s512,1024,512,0.15,153.6,76.8,-382542.45,-1193535.9,15871,9728,1024,1024,-382619.4,-1193612.7,-382465.8,-1193459.1,p0002_0004,2,4,-385000.05,-1191999.9,600.0
1425,1602,L0_1024_s512,1024,512,0.15,153.6,76.8,-382542.45,-1193612.7,15871,10240,1024,1024,-382619.4,-1193689.5,-382465.8,-1193535.9,p0002_0004,2,4,-385000.05,-1191999.9,600.0
1426,1603,L0_1024_s512,1024,512,0.15,153.6,76.8,-382542.45,-1193689.5,15871,10752,1024,1024,-382619.4,-1193766.2999999998,-382465.8,-1193612.7,p0002_0004,2,4,-385000.05,-1191999.9,600.0
1427,1604,L0_1024_s512,1024,512,0.15,153.6,76.8,-382542.45,-1193766.3,15871,11264,1024,1024,-382619.4,-1193843.1,-382465.8,-1193689.5,p0002_0004,2,4,-385000.05,-1191999.9,600.0
1428,1605,L0_1024_s512,1024,512,0.15,153.6,76.8,-382542.45,-1193843.1,15871,11776,1024,1024,-382619.4,-1193919.9,-382465.8,-1193766.2999999998,p0003_0004,3,4,-385000.05,-1191999.9,600.0
1429,1606,L0_1024_s512,1024,512,0.15,153.6,76.8,-382542.45,-1193919.9,15871,12288,1024,1024,-382619.4,-1193996.7,-382465.8,-1193843.1,p0003_0004,3,4,-385000.05,-1191999.9,600.0
1430,1607,L0_1024_s512,1024,512,0.15,153.6,76.8,-382542.45,-1193996.7,15871,12800,1024,1024,-382619.4,-1194073.5,-382465.8,-1193919.9,p0003_0004,3,4,-385000.05,-1191999.9,600.0
1431,1637,L0_1024_s512,1024,512,0.15,153.6,76.8,-382465.65,-1192383.9,16383,2048,1024,1024,-382542.6,-1192460.7,-382389.0,-1192307.1,p0000_0004,0,4,-385000.05,-1191999.9,600.0
1432,1638,L0_1024_s512,1024,512,0.15,153.6,76.8,-382465.65,-1192460.7,16383,2560,1024,1024,-382542.6,-1192537.5,-382389.0,-1192383.9,p0000_0004,0,4,-385000.05,-1191999.9,600.0
1433,1639,L0_1024_s512,1024,512,0.15,153.6,76.8,-382465.65,-1192537.5,16383,3072,1024,1024,-382542.6,-1192614.2999999998,-382389.0,-1192460.7,p0000_0004,0,4,-385000.05,-1191999.9,600.0
1434,1640,L0_1024_s512,1024,512,0.15,153.6,76.8,-382465.65,-1192614.3,16383,3584,1024,1024,-382542.6,-1192691.1,-382389.0,-1192537.5,p0001_0004,1,4,-385000.05,-1191999.9,600.0
1435,1641,L0_1024_s512,1024,512,0.15,153.6,76.8,-382465.65,-1192691.1,16383,4096,1024,1024,-382542.6,-1192767.9,-382389.0,-1192614.2999999998,p0001_0004,1,4,-385000.05,-1191999.9,600.0
1436,1642,L0_1024_s512,1024,512,0.15,153.6,76.8,-382465.65,-1192767.9,16383,4608,1024,1024,-382542.6,-1192844.7,-382389.0,-1192691.1,p0001_0004,1,4,-385000.05,-1191999.9,600.0
1437,1643,L0_1024_s512,1024,512,0.15,153.6,76.8,-382465.65,-1192844.7,16383,5120,1024,1024,-382542.6,-1192921.5,-382389.0,-1192767.9,p0001_0004,1,4,-385000.05,-1191999.9,600.0
1438,1644,L0_1024_s512,1024,512,0.15,153.6,76.8,-382465.65,-1192921.5,16383,5632,1024,1024,-382542.6,-1192998.2999999998,-382389.0,-1192844.7,p0001_0004,1,4,-385000.05,-1191999.9,600.0
1439,1645,L0_1024_s512,1024,512,0.15,153.6,76.8,-382465.65,-1192998.3,16383,6144,1024,1024,-382542.6,-1193075.1,-382389.0,-1192921.5,p0001_0004,1,4,-385000.05,-1191999.9,600.0
1440,1646,L0_1024_s512,1024,512,0.15,153.6,76.8,-382465.65,-1193075.1,16383,6656,1024,1024,-382542.6,-1193151.9,-382389.0,-1192998.2999999998,p0001_0004,1,4,-385000.05,-1191999.9,600.0
1441,1647,L0_1024_s512,1024,512,0.15,153.6,76.8,-382465.65,-1193151.9,16383,7168,1024,1024,-382542.6,-1193228.7,-382389.0,-1193075.1,p0001_0004,1,4,-385000.05,-1191999.9,600.0
1442,1648,L0_1024_s512,1024,512,0.15,153.6,76.8,-382465.65,-1193228.7,16383,7680,1024,1024,-382542.6,-1193305.5,-382389.0,-1193151.9,p0002_0004,2,4,-385000.05,-1191999.9,600.0
1443,1649,L0_1024_s512,1024,512,0.15,153.6,76.8,-382465.65,-1193305.5,16383,8192,1024,1024,-382542.6,-1193382.2999999998,-382389.0,-1193228.7,p0002_0004,2,4,-385000.05,-1191999.9,600.0
1444,1650,L0_1024_s512,1024,512,0.15,153.6,76.8,-382465.65,-1193382.3,16383,8704,1024,1024,-382542.6,-1193459.1,-382389.0,-1193305.5,p0002_0004,2,4,-385000.05,-1191999.9,600.0
1445,1651,L0_1024_s512,1024,512,0.15,153.6,76.8,-382465.65,-1193459.1,16383,9216,1024,1024,-382542.6,-1193535.9,-382389.0,-1193382.2999999998,p0002_0004,2,4,-385000.05,-1191999.9,600.0
1446,1652,L0_1024_s512,1024,512,0.15,153.6,76.8,-382465.65,-1193535.9,16383,9728,1024,1024,-382542.6,-1193612.7,-382389.0,-1193459.1,p0002_0004,2,4,-385000.05,-1191999.9,600.0
1447,1653,L0_1024_s512,1024,512,0.15,153.6,76.8,-382465.65,-1193612.7,16383,10240,1024,1024,-382542.6,-1193689.5,-382389.0,-1193535.9,p0002_0004,2,4,-385000.05,-1191999.9,600.0
1448,1654,L0_1024_s512,1024,512,0.15,153.6,76.8,-382465.65,-1193689.5,16383,10752,1024,1024,-382542.6,-1193766.2999999998,-382389.0,-1193612.7,p0002_0004,2,4,-385000.05,-1191999.9,600.0
1449,1655,L0_1024_s512,1024,512,0.15,153.6,76.8,-382465.65,-1193766.3,16383,11264,1024,1024,-382542.6,-1193843.1,-382389.0,-1193689.5,p0002_0004,2,4,-385000.05,-1191999.9,600.0
1450,1656,L0_1024_s512,1024,512,0.15,153.6,76.8,-382465.65,-1193843.1,16383,11776,1024,1024,-382542.6,-1193919.9,-382389.0,-1193766.2999999998,p0003_0004,3,4,-385000.05,-1191999.9,600.0
1451,1657,L0_1024_s512,1024,512,0.15,153.6,76.8,-382465.65,-1193919.9,16383,12288,1024,1024,-382542.6,-1193996.7,-382389.0,-1193843.1,p0003_0004,3,4,-385000.05,-1191999.9,600.0
1452,1658,L0_1024_s512,1024,512,0.15,153.6,76.8,-382465.65,-1193996.7,16383,12800,1024,1024,-382542.6,-1194073.5,-382389.0,-1193919.9,p0003_0004,3,4,-385000.05,-1191999.9,600.0
1453,1636,L0_1024_s512,1024,512,0.15,153.6,76.8,-382465.65,-1192307.1,16383,1536,1024,1024,-382542.6,-1192383.9,-382389.0,-1192230.2999999998,p0000_0004,0,4,-385000.05,-1191999.9,600.0
1454,1635,L0_1024_s512,1024,512,0.15,153.6,76.8,-382465.65,-1192230.3,16383,1024,1024,1024,-382542.6,-1192307.1,-382389.0,-1192153.5,p0000_0004,0,4,-385000.05,-1191999.9,600.0
1455,1634,L0_1024_s512,1024,512,0.15,153.6,76.8,-382465.65,-1192153.5,16383,512,1024,1024,-382542.6,-1192230.2999999998,-382389.0,-1192076.7,p0000_0004,0,4,-385000.05,-1191999.9,600.0
1456,1633,L0_1024_s512,1024,512,0.15,153.6,76.8,-382465.65,-1192076.7,16383,0,1024,1024,-382542.6,-1192153.5,-382389.0,-1191999.9,p0000_0004,0,4,-385000.05,-1191999.9,600.0
1457,1687,L0_1024_s512,1024,512,0.15,153.6,76.8,-382388.85,-1192307.1,16896,1536,1024,1024,-382465.65,-1192383.9,-382312.05,-1192230.2999999998,p0000_0004,0,4,-385000.05,-1191999.9,600.0
1458,1686,L0_1024_s512,1024,512,0.15,153.6,76.8,-382388.85,-1192230.3,16896,1024,1024,1024,-382465.65,-1192307.1,-382312.05,-1192153.5,p0000_0004,0,4,-385000.05,-1191999.9,600.0
1459,1685,L0_1024_s512,1024,512,0.15,153.6,76.8,-382388.85,-1192153.5,16896,512,1024,1024,-382465.65,-1192230.2999999998,-382312.05,-1192076.7,p0000_0004,0,4,-385000.05,-1191999.9,600.0
1460,1684,L0_1024_s512,1024,512,0.15,153.6,76.8,-382388.85,-1192076.7,16896,0,1024,1024,-382465.65,-1192153.5,-382312.05,-1191999.9,p0000_0004,0,4,-385000.05,-1191999.9,600.0
1461,1738,L0_1024_s512,1024,512,0.15,153.6,76.8,-382312.05,-1192307.1,17408,1536,1024,1024,-382388.85,-1192383.9,-382235.25,-1192230.2999999998,p0000_0004,0,4,-385000.05,-1191999.9,600.0
1462,1737,L0_1024_s512,1024,512,0.15,153.6,76.8,-382312.05,-1192230.3,17408,1024,1024,1024,-382388.85,-1192307.1,-382235.25,-1192153.5,p0000_0004,0,4,-385000.05,-1191999.9,600.0
1463,1736,L0_1024_s512,1024,512,0.15,153.6,76.8,-382312.05,-1192153.5,17408,512,1024,1024,-382388.85,-1192230.2999999998,-382235.25,-1192076.7,p0000_0004,0,4,-385000.05,-1191999.9,600.0
1464,1735,L0_1024_s512,1024,512,0.15,153.6,76.8,-382312.05,-1192076.7,17408,0,1024,1024,-382388.85,-1192153.5,-382235.25,-1191999.9,p0000_0004,0,4,-385000.05,-1191999.9,600.0
1465,1790,L0_1024_s512,1024,512,0.15,153.6,76.8,-382235.25,-1192383.9,17919,2048,1024,1024,-382312.2,-1192460.7,-382158.6,-1192307.1,p0000_0004,0,4,-385000.05,-1191999.9,600.0
1466,1789,L0_1024_s512,1024,512,0.15,153.6,76.8,-382235.25,-1192307.1,17919,1536,1024,1024,-382312.2,-1192383.9,-382158.6,-1192230.2999999998,p0000_0004,0,4,-385000.05,-1191999.9,600.0
1467,1788,L0_1024_s512,1024,512,0.15,153.6,76.8,-382235.25,-1192230.3,17919,1024,1024,1024,-382312.2,-1192307.1,-382158.6,-1192153.5,p0000_0004,0,4,-385000.05,-1191999.9,600.0
1468,1787,L0_1024_s512,1024,512,0.15,153.6,76.8,-382235.25,-1192153.5,17919,512,1024,1024,-382312.2,-1192230.2999999998,-382158.6,-1192076.7,p0000_0004,0,4,-385000.05,-1191999.9,600.0
1469,1786,L0_1024_s512,1024,512,0.15,153.6,76.8,-382235.25,-1192076.7,17919,0,1024,1024,-382312.2,-1192153.5,-382158.6,-1191999.9,p0000_0004,0,4,-385000.05,-1191999.9,600.0
1470,1840,L0_1024_s512,1024,512,0.15,153.6,76.8,-382158.45,-1192307.1,18431,1536,1024,1024,-382235.4,-1192383.9,-382081.8,-1192230.2999999998,p0000_0004,0,4,-385000.05,-1191999.9,600.0
1471,1841,L0_1024_s512,1024,512,0.15,153.6,76.8,-382158.45,-1192383.9,18431,2048,1024,1024,-382235.4,-1192460.7,-382081.8,-1192307.1,p0000_0004,0,4,-385000.05,-1191999.9,600.0
1472,1839,L0_1024_s512,1024,512,0.15,153.6,76.8,-382158.45,-1192230.3,18431,1024,1024,1024,-382235.4,-1192307.1,-382081.8,-1192153.5,p0000_0004,0,4,-385000.05,-1191999.9,600.0
1473,1838,L0_1024_s512,1024,512,0.15,153.6,76.8,-382158.45,-1192153.5,18431,512,1024,1024,-382235.4,-1192230.2999999998,-382081.8,-1192076.7,p0000_0004,0,4,-385000.05,-1191999.9,600.0
1474,1837,L0_1024_s512,1024,512,0.15,153.6,76.8,-382158.45,-1192076.7,18431,0,1024,1024,-382235.4,-1192153.5,-382081.8,-1191999.9,p0000_0004,0,4,-385000.05,-1191999.9,600.0
1475,1688,L0_1024_s512,1024,512,0.15,153.6,76.8,-382388.85,-1192383.9,16896,2048,1024,1024,-382465.65,-1192460.7,-382312.05,-1192307.1,p0000_0004,0,4,-385000.05,-1191999.9,600.0
1476,1689,L0_1024_s512,1024,512,0.15,153.6,76.8,-382388.85,-1192460.7,16896,2560,1024,1024,-382465.65,-1192537.5,-382312.05,-1192383.9,p0000_0004,0,4,-385000.05,-1191999.9,600.0
1477,1690,L0_1024_s512,1024,512,0.15,153.6,76.8,-382388.85,-1192537.5,16896,3072,1024,1024,-382465.65,-1192614.2999999998,-382312.05,-1192460.7,p0000_0004,0,4,-385000.05,-1191999.9,600.0
1478,1691,L0_1024_s512,1024,512,0.15,153.6,76.8,-382388.85,-1192614.3,16896,3584,1024,1024,-382465.65,-1192691.1,-382312.05,-1192537.5,p0001_0004,1,4,-385000.05,-1191999.9,600.0
1479,1692,L0_1024_s512,1024,512,0.15,153.6,76.8,-382388.85,-1192691.1,16896,4096,1024,1024,-382465.65,-1192767.9,-382312.05,-1192614.2999999998,p0001_0004,1,4,-385000.05,-1191999.9,600.0
1480,1693,L0_1024_s512,1024,512,0.15,153.6,76.8,-382388.85,-1192767.9,16896,4608,1024,1024,-382465.65,-1192844.7,-382312.05,-1192691.1,p0001_0004,1,4,-385000.05,-1191999.9,600.0
1481,1694,L0_1024_s512,1024,512,0.15,153.6,76.8,-382388.85,-1192844.7,16896,5120,1024,1024,-382465.65,-1192921.5,-382312.05,-1192767.9,p0001_0004,1,4,-385000.05,-1191999.9,600.0
1482,1695,L0_1024_s512,1024,512,0.15,153.6,76.8,-382388.85,-1192921.5,16896,5632,1024,1024,-382465.65,-1192998.2999999998,-382312.05,-1192844.7,p0001_0004,1,4,-385000.05,-1191999.9,600.0
1483,1696,L0_1024_s512,1024,512,0.15,153.6,76.8,-382388.85,-1192998.3,16896,6144,1024,1024,-382465.65,-1193075.1,-382312.05,-1192921.5,p0001_0004,1,4,-385000.05,-1191999.9,600.0
1484,1697,L0_1024_s512,1024,512,0.15,153.6,76.8,-382388.85,-1193075.1,16896,6656,1024,1024,-382465.65,-1193151.9,-382312.05,-1192998.2999999998,p0001_0004,1,4,-385000.05,-1191999.9,600.0
1485,1698,L0_1024_s512,1024,512,0.15,153.6,76.8,-382388.85,-1193151.9,16896,7168,1024,1024,-382465.65,-1193228.7,-382312.05,-1193075.1,p0001_0004,1,4,-385000.05,-1191999.9,600.0
1486,1699,L0_1024_s512,1024,512,0.15,153.6,76.8,-382388.85,-1193228.7,16896,7680,1024,1024,-382465.65,-1193305.5,-382312.05,-1193151.9,p0002_0004,2,4,-385000.05,-1191999.9,600.0
1487,1700,L0_1024_s512,1024,512,0.15,153.6,76.8,-382388.85,-1193305.5,16896,8192,1024,1024,-382465.65,-1193382.2999999998,-382312.05,-1193228.7,p0002_0004,2,4,-385000.05,-1191999.9,600.0
1488,1701,L0_1024_s512,1024,512,0.15,153.6,76.8,-382388.85,-1193382.3,16896,8704,1024,1024,-382465.65,-1193459.1,-382312.05,-1193305.5,p0002_0004,2,4,-385000.05,-1191999.9,600.0
1489,1702,L0_1024_s512,1024,512,0.15,153.6,76.8,-382388.85,-1193459.1,16896,9216,1024,1024,-382465.65,-1193535.9,-382312.05,-1193382.2999999998,p0002_0004,2,4,-385000.05,-1191999.9,600.0
1490,1703,L0_1024_s512,1024,512,0.15,153.6,76.8,-382388.85,-1193535.9,16896,9728,1024,1024,-382465.65,-1193612.7,-382312.05,-1193459.1,p0002_0004,2,4,-385000.05,-1191999.9,600.0
1491,1704,L0_1024_s512,1024,512,0.15,153.6,76.8,-382388.85,-1193612.7,16896,10240,1024,1024,-382465.65,-1193689.5,-382312.05,-1193535.9,p0002_0004,2,4,-385000.05,-1191999.9,600.0
1492,1705,L0_1024_s512,1024,512,0.15,153.6,76.8,-382388.85,-1193689.5,16896,10752,1024,1024,-382465.65,-1193766.2999999998,-382312.05,-1193612.7,p0002_0004,2,4,-385000.05,-1191999.9,600.0
1493,1706,L0_1024_s512,1024,512,0.15,153.6,76.8,-382388.85,-1193766.3,16896,11264,1024,1024,-382465.65,-1193843.1,-382312.05,-1193689.5,p0002_0004,2,4,-385000.05,-1191999.9,600.0
1494,1707,L0_1024_s512,1024,512,0.15,153.6,76.8,-382388.85,-1193843.1,16896,11776,1024,1024,-382465.65,-1193919.9,-382312.05,-1193766.2999999998,p0003_0004,3,4,-385000.05,-1191999.9,600.0
1495,1708,L0_1024_s512,1024,512,0.15,153.6,76.8,-382388.85,-1193919.9,16896,12288,1024,1024,-382465.65,-1193996.7,-382312.05,-1193843.1,p0003_0004,3,4,-385000.05,-1191999.9,600.0
1496,1709,L0_1024_s512,1024,512,0.15,153.6,76.8,-382388.85,-1193996.7,16896,12800,1024,1024,-382465.65,-1194073.5,-382312.05,-1193919.9,p0003_0004,3,4,-385000.05,-1191999.9,600.0
1497,1739,L0_1024_s512,1024,512,0.15,153.6,76.8,-382312.05,-1192383.9,17408,2048,1024,1024,-382388.85,-1192460.7,-382235.25,-1192307.1,p0000_0004,0,4,-385000.05,-1191999.9,600.0
1498,1740,L0_1024_s512,1024,512,0.15,153.6,76.8,-382312.05,-1192460.7,17408,2560,1024,1024,-382388.85,-1192537.5,-382235.25,-1192383.9,p0000_0004,0,4,-385000.05,-1191999.9,600.0
1499,1741,L0_1024_s512,1024,512,0.15,153.6,76.8,-382312.05,-1192537.5,17408,3072,1024,1024,-382388.85,-1192614.2999999998,-382235.25,-1192460.7,p0000_0004,0,4,-385000.05,-1191999.9,600.0
1500,1742,L0_1024_s512,1024,512,0.15,153.6,76.8,-382312.05,-1192614.3,17408,3584,1024,1024,-382388.85,-1192691.1,-382235.25,-1192537.5,p0001_0004,1,4,-385000.05,-1191999.9,600.0
1501,1743,L0_1024_s512,1024,512,0.15,153.6,76.8,-382312.05,-1192691.1,17408,4096,1024,1024,-382388.85,-1192767.9,-382235.25,-1192614.2999999998,p0001_0004,1,4,-385000.05,-1191999.9,600.0
1502,1744,L0_1024_s512,1024,512,0.15,153.6,76.8,-382312.05,-1192767.9,17408,4608,1024,1024,-382388.85,-1192844.7,-382235.25,-1192691.1,p0001_0004,1,4,-385000.05,-1191999.9,600.0
1503,1745,L0_1024_s512,1024,512,0.15,153.6,76.8,-382312.05,-1192844.7,17408,5120,1024,1024,-382388.85,-1192921.5,-382235.25,-1192767.9,p0001_0004,1,4,-385000.05,-1191999.9,600.0
1504,1746,L0_1024_s512,1024,512,0.15,153.6,76.8,-382312.05,-1192921.5,17408,5632,1024,1024,-382388.85,-1192998.2999999998,-382235.25,-1192844.7,p0001_0004,1,4,-385000.05,-1191999.9,600.0
1505,1747,L0_1024_s512,1024,512,0.15,153.6,76.8,-382312.05,-1192998.3,17408,6144,1024,1024,-382388.85,-1193075.1,-382235.25,-1192921.5,p0001_0004,1,4,-385000.05,-1191999.9,600.0
1506,1748,L0_1024_s512,1024,512,0.15,153.6,76.8,-382312.05,-1193075.1,17408,6656,1024,1024,-382388.85,-1193151.9,-382235.25,-1192998.2999999998,p0001_0004,1,4,-385000.05,-1191999.9,600.0
1507,1749,L0_1024_s512,1024,512,0.15,153.6,76.8,-382312.05,-1193151.9,17408,7168,1024,1024,-382388.85,-1193228.7,-382235.25,-1193075.1,p0001_0004,1,4,-385000.05,-1191999.9,600.0
1508,1750,L0_1024_s512,1024,512,0.15,153.6,76.8,-382312.05,-1193228.7,17408,7680,1024,1024,-382388.85,-1193305.5,-382235.25,-1193151.9,p0002_0004,2,4,-385000.05,-1191999.9,600.0
1509,1751,L0_1024_s512,1024,512,0.15,153.6,76.8,-382312.05,-1193305.5,17408,8192,1024,1024,-382388.85,-1193382.2999999998,-382235.25,-1193228.7,p0002_0004,2,4,-385000.05,-1191999.9,600.0
1510,1752,L0_1024_s512,1024,512,0.15,153.6,76.8,-382312.05,-1193382.3,17408,8704,1024,1024,-382388.85,-1193459.1,-382235.25,-1193305.5,p0002_0004,2,4,-385000.05,-1191999.9,600.0
1511,1753,L0_1024_s512,1024,512,0.15,153.6,76.8,-382312.05,-1193459.1,17408,9216,1024,1024,-382388.85,-1193535.9,-382235.25,-1193382.2999999998,p0002_0004,2,4,-385000.05,-1191999.9,600.0
1512,1754,L0_1024_s512,1024,512,0.15,153.6,76.8,-382312.05,-1193535.9,17408,9728,1024,1024,-382388.85,-1193612.7,-382235.25,-1193459.1,p0002_0004,2,4,-385000.05,-1191999.9,600.0
1513,1755,L0_1024_s512,1024,512,0.15,153.6,76.8,-382312.05,-1193612.7,17408,10240,1024,1024,-382388.85,-1193689.5,-382235.25,-1193535.9,p0002_0004,2,4,-385000.05,-1191999.9,600.0
1514,1756,L0_1024_s512,1024,512,0.15,153.6,76.8,-382312.05,-1193689.5,17408,10752,1024,1024,-382388.85,-1193766.2999999998,-382235.25,-1193612.7,p0002_0004,2,4,-385000.05,-1191999.9,600.0
1515,1757,L0_1024_s512,1024,512,0.15,153.6,76.8,-382312.05,-1193766.3,17408,11264,1024,1024,-382388.85,-1193843.1,-382235.25,-1193689.5,p0002_0004,2,4,-385000.05,-1191999.9,600.0
1516,1758,L0_1024_s512,1024,512,0.15,153.6,76.8,-382312.05,-1193843.1,17408,11776,1024,1024,-382388.85,-1193919.9,-382235.25,-1193766.2999999998,p0003_0004,3,4,-385000.05,-1191999.9,600.0
1517,1759,L0_1024_s512,1024,512,0.15,153.6,76.8,-382312.05,-1193919.9,17408,12288,1024,1024,-382388.85,-1193996.7,-382235.25,-1193843.1,p0003_0004,3,4,-385000.05,-1191999.9,600.0
1518,1760,L0_1024_s512,1024,512,0.15,153.6,76.8,-382312.05,-1193996.7,17408,12800,1024,1024,-382388.85,-1194073.5,-382235.25,-1193919.9,p0003_0004,3,4,-385000.05,-1191999.9,600.0
1519,1791,L0_1024_s512,1024,512,0.15,153.6,76.8,-382235.25,-1192460.7,17919,2560,1024,1024,-382312.2,-1192537.5,-382158.6,-1192383.9,p0000_0004,0,4,-385000.05,-1191999.9,600.0
1520,1792,L0_1024_s512,1024,512,0.15,153.6,76.8,-382235.25,-1192537.5,17919,3072,1024,1024,-382312.2,-1192614.2999999998,-382158.6,-1192460.7,p0000_0004,0,4,-385000.05,-1191999.9,600.0
1521,1793,L0_1024_s512,1024,512,0.15,153.6,76.8,-382235.25,-1192614.3,17919,3584,1024,1024,-382312.2,-1192691.1,-382158.6,-1192537.5,p0001_0004,1,4,-385000.05,-1191999.9,600.0
1522,1794,L0_1024_s512,1024,512,0.15,153.6,76.8,-382235.25,-1192691.1,17919,4096,1024,1024,-382312.2,-1192767.9,-382158.6,-1192614.2999999998,p0001_0004,1,4,-385000.05,-1191999.9,600.0
1523,1795,L0_1024_s512,1024,512,0.15,153.6,76.8,-382235.25,-1192767.9,17919,4608,1024,1024,-382312.2,-1192844.7,-382158.6,-1192691.1,p0001_0004,1,4,-385000.05,-1191999.9,600.0
1524,1796,L0_1024_s512,1024,512,0.15,153.6,76.8,-382235.25,-1192844.7,17919,5120,1024,1024,-382312.2,-1192921.5,-382158.6,-1192767.9,p0001_0004,1,4,-385000.05,-1191999.9,600.0
1525,1797,L0_1024_s512,1024,512,0.15,153.6,76.8,-382235.25,-1192921.5,17919,5632,1024,1024,-382312.2,-1192998.2999999998,-382158.6,-1192844.7,p0001_0004,1,4,-385000.05,-1191999.9,600.0
1526,1798,L0_1024_s512,1024,512,0.15,153.6,76.8,-382235.25,-1192998.3,17919,6144,1024,1024,-382312.2,-1193075.1,-382158.6,-1192921.5,p0001_0004,1,4,-385000.05,-1191999.9,600.0
1527,1799,L0_1024_s512,1024,512,0.15,153.6,76.8,-382235.25,-1193075.1,17919,6656,1024,1024,-382312.2,-1193151.9,-382158.6,-1192998.2999999998,p0001_0004,1,4,-385000.05,-1191999.9,600.0
1528,1800,L0_1024_s512,1024,512,0.15,153.6,76.8,-382235.25,-1193151.9,17919,7168,1024,1024,-382312.2,-1193228.7,-382158.6,-1193075.1,p0001_0004,1,4,-385000.05,-1191999.9,600.0
1529,1801,L0_1024_s512,1024,512,0.15,153.6,76.8,-382235.25,-1193228.7,17919,7680,1024,1024,-382312.2,-1193305.5,-382158.6,-1193151.9,p0002_0004,2,4,-385000.05,-1191999.9,600.0
1530,1802,L0_1024_s512,1024,512,0.15,153.6,76.8,-382235.25,-1193305.5,17919,8192,1024,1024,-382312.2,-1193382.2999999998,-382158.6,-1193228.7,p0002_0004,2,4,-385000.05,-1191999.9,600.0
1531,1803,L0_1024_s512,1024,512,0.15,153.6,76.8,-382235.25,-1193382.3,17919,8704,1024,1024,-382312.2,-1193459.1,-382158.6,-1193305.5,p0002_0004,2,4,-385000.05,-1191999.9,600.0
1532,1804,L0_1024_s512,1024,512,0.15,153.6,76.8,-382235.25,-1193459.1,17919,9216,1024,1024,-382312.2,-1193535.9,-382158.6,-1193382.2999999998,p0002_0004,2,4,-385000.05,-1191999.9,600.0
1533,1805,L0_1024_s512,1024,512,0.15,153.6,76.8,-382235.25,-1193535.9,17919,9728,1024,1024,-382312.2,-1193612.7,-382158.6,-1193459.1,p0002_0004,2,4,-385000.05,-1191999.9,600.0
1534,1806,L0_1024_s512,1024,512,0.15,153.6,76.8,-382235.25,-1193612.7,17919,10240,1024,1024,-382312.2,-1193689.5,-382158.6,-1193535.9,p0002_0004,2,4,-385000.05,-1191999.9,600.0
1535,1807,L0_1024_s512,1024,512,0.15,153.6,76.8,-382235.25,-1193689.5,17919,10752,1024,1024,-382312.2,-1193766.2999999998,-382158.6,-1193612.7,p0002_0004,2,4,-385000.05,-1191999.9,600.0
1536,1808,L0_1024_s512,1024,512,0.15,153.6,76.8,-382235.25,-1193766.3,17919,11264,1024,1024,-382312.2,-1193843.1,-382158.6,-1193689.5,p0002_0004,2,4,-385000.05,-1191999.9,600.0
1537,1809,L0_1024_s512,1024,512,0.15,153.6,76.8,-382235.25,-1193843.1,17919,11776,1024,1024,-382312.2,-1193919.9,-382158.6,-1193766.2999999998,p0003_0004,3,4,-385000.05,-1191999.9,600.0
1538,1810,L0_1024_s512,1024,512,0.15,153.6,76.8,-382235.25,-1193919.9,17919,12288,1024,1024,-382312.2,-1193996.7,-382158.6,-1193843.1,p0003_0004,3,4,-385000.05,-1191999.9,600.0
1539,1811,L0_1024_s512,1024,512,0.15,153.6,76.8,-382235.25,-1193996.7,17919,12800,1024,1024,-382312.2,-1194073.5,-382158.6,-1193919.9,p0003_0004,3,4,-385000.05,-1191999.9,600.0
1540,1862,L0_1024_s512,1024,512,0.15,153.6,76.8,-382158.45,-1193996.7,18431,12800,1024,1024,-382235.4,-1194073.5,-382081.8,-1193919.9,p0003_0004,3,4,-385000.05,-1191999.9,600.0
1541,1861,L0_1024_s512,1024,512,0.15,153.6,76.8,-382158.45,-1193919.9,18431,12288,1024,1024,-382235.4,-1193996.7,-382081.8,-1193843.1,p0003_0004,3,4,-385000.05,-1191999.9,600.0
1542,1860,L0_1024_s512,1024,512,0.15,153.6,76.8,-382158.45,-1193843.1,18431,11776,1024,1024,-382235.4,-1193919.9,-382081.8,-1193766.2999999998,p0003_0004,3,4,-385000.05,-1191999.9,600.0
1543,1859,L0_1024_s512,1024,512,0.15,153.6,76.8,-382158.45,-1193766.3,18431,11264,1024,1024,-382235.4,-1193843.1,-382081.8,-1193689.5,p0002_0004,2,4,-385000.05,-1191999.9,600.0
1544,1858,L0_1024_s512,1024,512,0.15,153.6,76.8,-382158.45,-1193689.5,18431,10752,1024,1024,-382235.4,-1193766.2999999998,-382081.8,-1193612.7,p0002_0004,2,4,-385000.05,-1191999.9,600.0
1545,1857,L0_1024_s512,1024,512,0.15,153.6,76.8,-382158.45,-1193612.7,18431,10240,1024,1024,-382235.4,-1193689.5,-382081.8,-1193535.9,p0002_0004,2,4,-385000.05,-1191999.9,600.0
1546,1856,L0_1024_s512,1024,512,0.15,153.6,76.8,-382158.45,-1193535.9,18431,9728,1024,1024,-382235.4,-1193612.7,-382081.8,-1193459.1,p0002_0004,2,4,-385000.05,-1191999.9,600.0
1547,1855,L0_1024_s512,1024,512,0.15,153.6,76.8,-382158.45,-1193459.1,18431,9216,1024,1024,-382235.4,-1193535.9,-382081.8,-1193382.2999999998,p0002_0004,2,4,-385000.05,-1191999.9,600.0
1548,1854,L0_1024_s512,1024,512,0.15,153.6,76.8,-382158.45,-1193382.3,18431,8704,1024,1024,-382235.4,-1193459.1,-382081.8,-1193305.5,p0002_0004,2,4,-385000.05,-1191999.9,600.0
1549,1853,L0_1024_s512,1024,512,0.15,153.6,76.8,-382158.45,-1193305.5,18431,8192,1024,1024,-382235.4,-1193382.2999999998,-382081.8,-1193228.7,p0002_0004,2,4,-385000.05,-1191999.9,600.0
1550,1852,L0_1024_s512,1024,512,0.15,153.6,76.8,-382158.45,-1193228.7,18431,7680,1024,1024,-382235.4,-1193305.5,-382081.8,-1193151.9,p0002_0004,2,4,-385000.05,-1191999.9,600.0
1551,1851,L0_1024_s512,1024,512,0.15,153.6,76.8,-382158.45,-1193151.9,18431,7168,1024,1024,-382235.4,-1193228.7,-382081.8,-1193075.1,p0001_0004,1,4,-385000.05,-1191999.9,600.0
1552,1850,L0_1024_s512,1024,512,0.15,153.6,76.8,-382158.45,-1193075.1,18431,6656,1024,1024,-382235.4,-1193151.9,-382081.8,-1192998.2999999998,p0001_0004,1,4,-385000.05,-1191999.9,600.0
1553,1849,L0_1024_s512,1024,512,0.15,153.6,76.8,-382158.45,-1192998.3,18431,6144,1024,1024,-382235.4,-1193075.1,-382081.8,-1192921.5,p0001_0004,1,4,-385000.05,-1191999.9,600.0
1554,1848,L0_1024_s512,1024,512,0.15,153.6,76.8,-382158.45,-1192921.5,18431,5632,1024,1024,-382235.4,-1192998.2999999998,-382081.8,-1192844.7,p0001_0004,1,4,-385000.05,-1191999.9,600.0
1555,1847,L0_1024_s512,1024,512,0.15,153.6,76.8,-382158.45,-1192844.7,18431,5120,1024,1024,-382235.4,-1192921.5,-382081.8,-1192767.9,p0001_0004,1,4,-385000.05,-1191999.9,600.0
1556,1846,L0_1024_s512,1024,512,0.15,153.6,76.8,-382158.45,-1192767.9,18431,4608,1024,1024,-382235.4,-1192844.7,-382081.8,-1192691.1,p0001_0004,1,4,-385000.05,-1191999.9,600.0
1557,1845,L0_1024_s512,1024,512,0.15,153.6,76.8,-382158.45,-1192691.1,18431,4096,1024,1024,-382235.4,-1192767.9,-382081.8,-1192614.2999999998,p0001_0004,1,4,-385000.05,-1191999.9,600.0
1558,1844,L0_1024_s512,1024,512,0.15,153.6,76.8,-382158.45,-1192614.3,18431,3584,1024,1024,-382235.4,-1192691.1,-382081.8,-1192537.5,p0001_0004,1,4,-385000.05,-1191999.9,600.0
1559,1843,L0_1024_s512,1024,512,0.15,153.6,76.8,-382158.45,-1192537.5,18431,3072,1024,1024,-382235.4,-1192614.2999999998,-382081.8,-1192460.7,p0000_0004,0,4,-385000.05,-1191999.9,600.0
1560,1842,L0_1024_s512,1024,512,0.15,153.6,76.8,-382158.45,-1192460.7,18431,2560,1024,1024,-382235.4,-1192537.5,-382081.8,-1192383.9,p0000_0004,0,4,-385000.05,-1191999.9,600.0
1561,1888,L0_1024_s512,1024,512,0.15,153.6,76.8,-382081.65,-1192076.7,18943,0,1024,1024,-382158.6,-1192153.5,-382005.0,-1191999.9,p0000_0004,0,4,-385000.05,-1191999.9,600.0
1562,1889,L0_1024_s512,1024,512,0.15,153.6,76.8,-382081.65,-1192153.5,18943,512,1024,1024,-382158.6,-1192230.2999999998,-382005.0,-1192076.7,p0000_0004,0,4,-385000.05,-1191999.9,600.0
1563,1890,L0_1024_s512,1024,512,0.15,153.6,76.8,-382081.65,-1192230.3,18943,1024,1024,1024,-382158.6,-1192307.1,-382005.0,-1192153.5,p0000_0004,0,4,-385000.05,-1191999.9,600.0
1564,1891,L0_1024_s512,1024,512,0.15,153.6,76.8,-382081.65,-1192307.1,18943,1536,1024,1024,-382158.6,-1192383.9,-382005.0,-1192230.2999999998,p0000_0004,0,4,-385000.05,-1191999.9,600.0
1565,1892,L0_1024_s512,1024,512,0.15,153.6,76.8,-382081.65,-1192383.9,18943,2048,1024,1024,-382158.6,-1192460.7,-382005.0,-1192307.1,p0000_0004,0,4,-385000.05,-1191999.9,600.0
1566,1893,L0_1024_s512,1024,512,0.15,153.6,76.8,-382081.65,-1192460.7,18943,2560,1024,1024,-382158.6,-1192537.5,-382005.0,-1192383.9,p0000_0004,0,4,-385000.05,-1191999.9,600.0
1567,1894,L0_1024_s512,1024,512,0.15,153.6,76.8,-382081.65,-1192537.5,18943,3072,1024,1024,-382158.6,-1192614.2999999998,-382005.0,-1192460.7,p0000_0004,0,4,-385000.05,-1191999.9,600.0
1568,1895,L0_1024_s512,1024,512,0.15,153.6,76.8,-382081.65,-1192614.3,18943,3584,1024,1024,-382158.6,-1192691.1,-382005.0,-1192537.5,p0001_0004,1,4,-385000.05,-1191999.9,600.0
1569,1896,L0_1024_s512,1024,512,0.15,153.6,76.8,-382081.65,-1192691.1,18943,4096,1024,1024,-382158.6,-1192767.9,-382005.0,-1192614.2999999998,p0001_0004,1,4,-385000.05,-1191999.9,600.0
1570,1897,L0_1024_s512,1024,512,0.15,153.6,76.8,-382081.65,-1192767.9,18943,4608,1024,1024,-382158.6,-1192844.7,-382005.0,-1192691.1,p0001_0004,1,4,-385000.05,-1191999.9,600.0
1571,1898,L0_1024_s512,1024,512,0.15,153.6,76.8,-382081.65,-1192844.7,18943,5120,1024,1024,-382158.6,-1192921.5,-382005.0,-1192767.9,p0001_0004,1,4,-385000.05,-1191999.9,600.0
1572,1899,L0_1024_s512,1024,512,0.15,153.6,76.8,-382081.65,-1192921.5,18943,5632,1024,1024,-382158.6,-1192998.2999999998,-382005.0,-1192844.7,p0001_0004,1,4,-385000.05,-1191999.9,600.0
1573,1900,L0_1024_s512,1024,512,0.15,153.6,76.8,-382081.65,-1192998.3,18943,6144,1024,1024,-382158.6,-1193075.1,-382005.0,-1192921.5,p0001_0004,1,4,-385000.05,-1191999.9,600.0
1574,1901,L0_1024_s512,1024,512,0.15,153.6,76.8,-382081.65,-1193075.1,18943,6656,1024,1024,-382158.6,-1193151.9,-382005.0,-1192998.2999999998,p0001_0004,1,4,-385000.05,-1191999.9,600.0
1575,1902,L0_1024_s512,1024,512,0.15,153.6,76.8,-382081.65,-1193151.9,18943,7168,1024,1024,-382158.6,-1193228.7,-382005.0,-1193075.1,p0001_0004,1,4,-385000.05,-1191999.9,600.0
1576,1903,L0_1024_s512,1024,512,0.15,153.6,76.8,-382081.65,-1193228.7,18943,7680,1024,1024,-382158.6,-1193305.5,-382005.0,-1193151.9,p0002_0004,2,4,-385000.05,-1191999.9,600.0
1577,1904,L0_1024_s512,1024,512,0.15,153.6,76.8,-382081.65,-1193305.5,18943,8192,1024,1024,-382158.6,-1193382.2999999998,-382005.0,-1193228.7,p0002_0004,2,4,-385000.05,-1191999.9,600.0
1578,1905,L0_1024_s512,1024,512,0.15,153.6,76.8,-382081.65,-1193382.3,18943,8704,1024,1024,-382158.6,-1193459.1,-382005.0,-1193305.5,p0002_0004,2,4,-385000.05,-1191999.9,600.0
1579,1906,L0_1024_s512,1024,512,0.15,153.6,76.8,-382081.65,-1193459.1,18943,9216,1024,1024,-382158.6,-1193535.9,-382005.0,-1193382.2999999998,p0002_0004,2,4,-385000.05,-1191999.9,600.0
1580,1907,L0_1024_s512,1024,512,0.15,153.6,76.8,-382081.65,-1193535.9,18943,9728,1024,1024,-382158.6,-1193612.7,-382005.0,-1193459.1,p0002_0004,2,4,-385000.05,-1191999.9,600.0
1581,1908,L0_1024_s512,1024,512,0.15,153.6,76.8,-382081.65,-1193612.7,18943,10240,1024,1024,-382158.6,-1193689.5,-382005.0,-1193535.9,p0002_0004,2,4,-385000.05,-1191999.9,600.0
1582,1909,L0_1024_s512,1024,512,0.15,153.6,76.8,-382081.65,-1193689.5,18943,10752,1024,1024,-382158.6,-1193766.2999999998,-382005.0,-1193612.7,p0002_0004,2,4,-385000.05,-1191999.9,600.0
1583,1910,L0_1024_s512,1024,512,0.15,153.6,76.8,-382081.65,-1193766.3,18943,11264,1024,1024,-382158.6,-1193843.1,-382005.0,-1193689.5,p0002_0004,2,4,-385000.05,-1191999.9,600.0
1584,1911,L0_1024_s512,1024,512,0.15,153.6,76.8,-382081.65,-1193843.1,18943,11776,1024,1024,-382158.6,-1193919.9,-382005.0,-1193766.2999999998,p0003_0004,3,4,-385000.05,-1191999.9,600.0
1585,1912,L0_1024_s512,1024,512,0.15,153.6,76.8,-382081.65,-1193919.9,18943,12288,1024,1024,-382158.6,-1193996.7,-382005.0,-1193843.1,p0003_0004,3,4,-385000.05,-1191999.9,600.0
1586,1913,L0_1024_s512,1024,512,0.15,153.6,76.8,-382081.65,-1193996.7,18943,12800,1024,1024,-382158.6,-1194073.5,-382005.0,-1193919.9,p0003_0004,3,4,-385000.05,-1191999.9,600.0
1587,1939,L0_1024_s512,1024,512,0.15,153.6,76.8,-382004.85,-1192076.7,19456,0,1024,1024,-382081.65,-1192153.5,-381928.05,-1191999.9,p0000_0004,0,4,-385000.05,-1191999.9,600.0
1588,1940,L0_1024_s512,1024,512,0.15,153.6,76.8,-382004.85,-1192153.5,19456,512,1024,1024,-382081.65,-1192230.2999999998,-381928.05,-1192076.7,p0000_0004,0,4,-385000.05,-1191999.9,600.0
1589,1941,L0_1024_s512,1024,512,0.15,153.6,76.8,-382004.85,-1192230.3,19456,1024,1024,1024,-382081.65,-1192307.1,-381928.05,-1192153.5,p0000_0004,0,4,-385000.05,-1191999.9,600.0
1590,1942,L0_1024_s512,1024,512,0.15,153.6,76.8,-382004.85,-1192307.1,19456,1536,1024,1024,-382081.65,-1192383.9,-381928.05,-1192230.2999999998,p0000_0004,0,4,-385000.05,-1191999.9,600.0
1591,1943,L0_1024_s512,1024,512,0.15,153.6,76.8,-382004.85,-1192383.9,19456,2048,1024,1024,-382081.65,-1192460.7,-381928.05,-1192307.1,p0000_0004,0,4,-385000.05,-1191999.9,600.0
1592,1944,L0_1024_s512,1024,512,0.15,153.6,76.8,-382004.85,-1192460.7,19456,2560,1024,1024,-382081.65,-1192537.5,-381928.05,-1192383.9,p0000_0004,0,4,-385000.05,-1191999.9,600.0
1593,1945,L0_1024_s512,1024,512,0.15,153.6,76.8,-382004.85,-1192537.5,19456,3072,1024,1024,-382081.65,-1192614.2999999998,-381928.05,-1192460.7,p0000_0004,0,4,-385000.05,-1191999.9,600.0
1594,1946,L0_1024_s512,1024,512,0.15,153.6,76.8,-382004.85,-1192614.3,19456,3584,1024,1024,-382081.65,-1192691.1,-381928.05,-1192537.5,p0001_0004,1,4,-385000.05,-1191999.9,600.0
1595,1947,L0_1024_s512,1024,512,0.15,153.6,76.8,-382004.85,-1192691.1,19456,4096,1024,1024,-382081.65,-1192767.9,-381928.05,-1192614.2999999998,p0001_0004,1,4,-385000.05,-1191999.9,600.0
1596,1948,L0_1024_s512,1024,512,0.15,153.6,76.8,-382004.85,-1192767.9,19456,4608,1024,1024,-382081.65,-1192844.7,-381928.05,-1192691.1,p0001_0004,1,4,-385000.05,-1191999.9,600.0
1597,1949,L0_1024_s512,1024,512,0.15,153.6,76.8,-382004.85,-1192844.7,19456,5120,1024,1024,-382081.65,-1192921.5,-381928.05,-1192767.9,p0001_0004,1,4,-385000.05,-1191999.9,600.0
1598,1950,L0_1024_s512,1024,512,0.15,153.6,76.8,-382004.85,-1192921.5,19456,5632,1024,1024,-382081.65,-1192998.2999999998,-381928.05,-1192844.7,p0001_0004,1,4,-385000.05,-1191999.9,600.0
1599,1951,L0_1024_s512,1024,512,0.15,153.6,76.8,-382004.85,-1192998.3,19456,6144,1024,1024,-382081.65,-1193075.1,-381928.05,-1192921.5,p0001_0004,1,4,-385000.05,-1191999.9,600.0
1600,1952,L0_1024_s512,1024,512,0.15,153.6,76.8,-382004.85,-1193075.1,19456,6656,1024,1024,-382081.65,-1193151.9,-381928.05,-1192998.2999999998,p0001_0004,1,4,-385000.05,-1191999.9,600.0
1601,1953,L0_1024_s512,1024,512,0.15,153.6,76.8,-382004.85,-1193151.9,19456,7168,1024,1024,-382081.65,-1193228.7,-381928.05,-1193075.1,p0001_0004,1,4,-385000.05,-1191999.9,600.0
1602,1954,L0_1024_s512,1024,512,0.15,153.6,76.8,-382004.85,-1193228.7,19456,7680,1024,1024,-382081.65,-1193305.5,-381928.05,-1193151.9,p0002_0004,2,4,-385000.05,-1191999.9,600.0
1603,1955,L0_1024_s512,1024,512,0.15,153.6,76.8,-382004.85,-1193305.5,19456,8192,1024,1024,-382081.65,-1193382.2999999998,-381928.05,-1193228.7,p0002_0004,2,4,-385000.05,-1191999.9,600.0
1604,1956,L0_1024_s512,1024,512,0.15,153.6,76.8,-382004.85,-1193382.3,19456,8704,1024,1024,-382081.65,-1193459.1,-381928.05,-1193305.5,p0002_0004,2,4,-385000.05,-1191999.9,600.0
1605,1957,L0_1024_s512,1024,512,0.15,153.6,76.8,-382004.85,-1193459.1,19456,9216,1024,1024,-382081.65,-1193535.9,-381928.05,-1193382.2999999998,p0002_0004,2,4,-385000.05,-1191999.9,600.0
1606,1958,L0_1024_s512,1024,512,0.15,153.6,76.8,-382004.85,-1193535.9,19456,9728,1024,1024,-382081.65,-1193612.7,-381928.05,-1193459.1,p0002_0004,2,4,-385000.05,-1191999.9,600.0
1607,1959,L0_1024_s512,1024,512,0.15,153.6,76.8,-382004.85,-1193612.7,19456,10240,1024,1024,-382081.65,-1193689.5,-381928.05,-1193535.9,p0002_0004,2,4,-385000.05,-1191999.9,600.0
1608,1960,L0_1024_s512,1024,512,0.15,153.6,76.8,-382004.85,-1193689.5,19456,10752,1024,1024,-382081.65,-1193766.2999999998,-381928.05,-1193612.7,p0002_0004,2,4,-385000.05,-1191999.9,600.0
1609,1961,L0_1024_s512,1024,512,0.15,153.6,76.8,-382004.85,-1193766.3,19456,11264,1024,1024,-382081.65,-1193843.1,-381928.05,-1193689.5,p0002_0004,2,4,-385000.05,-1191999.9,600.0
1610,1962,L0_1024_s512,1024,512,0.15,153.6,76.8,-382004.85,-1193843.1,19456,11776,1024,1024,-382081.65,-1193919.9,-381928.05,-1193766.2999999998,p0003_0004,3,4,-385000.05,-1191999.9,600.0
1611,1963,L0_1024_s512,1024,512,0.15,153.6,76.8,-382004.85,-1193919.9,19456,12288,1024,1024,-382081.65,-1193996.7,-381928.05,-1193843.1,p0003_0004,3,4,-385000.05,-1191999.9,600.0
1612,1964,L0_1024_s512,1024,512,0.15,153.6,76.8,-382004.85,-1193996.7,19456,12800,1024,1024,-382081.65,-1194073.5,-381928.05,-1193919.9,p0003_0004,3,4,-385000.05,-1191999.9,600.0
1613,1990,L0_1024_s512,1024,512,0.15,153.6,76.8,-381928.05,-1192076.7,19968,0,1024,1024,-382004.85,-1192153.5,-381851.25,-1191999.9,p0000_0005,0,5,-385000.05,-1191999.9,600.0
1614,1991,L0_1024_s512,1024,512,0.15,153.6,76.8,-381928.05,-1192153.5,19968,512,1024,1024,-382004.85,-1192230.2999999998,-381851.25,-1192076.7,p0000_0005,0,5,-385000.05,-1191999.9,600.0
1615,1992,L0_1024_s512,1024,512,0.15,153.6,76.8,-381928.05,-1192230.3,19968,1024,1024,1024,-382004.85,-1192307.1,-381851.25,-1192153.5,p0000_0005,0,5,-385000.05,-1191999.9,600.0
1616,1993,L0_1024_s512,1024,512,0.15,153.6,76.8,-381928.05,-1192307.1,19968,1536,1024,1024,-382004.85,-1192383.9,-381851.25,-1192230.2999999998,p0000_0005,0,5,-385000.05,-1191999.9,600.0
1617,1994,L0_1024_s512,1024,512,0.15,153.6,76.8,-381928.05,-1192383.9,19968,2048,1024,1024,-382004.85,-1192460.7,-381851.25,-1192307.1,p0000_0005,0,5,-385000.05,-1191999.9,600.0
1618,1995,L0_1024_s512,1024,512,0.15,153.6,76.8,-381928.05,-1192460.7,19968,2560,1024,1024,-382004.85,-1192537.5,-381851.25,-1192383.9,p0000_0005,0,5,-385000.05,-1191999.9,600.0
1619,1996,L0_1024_s512,1024,512,0.15,153.6,76.8,-381928.05,-1192537.5,19968,3072,1024,1024,-382004.85,-1192614.2999999998,-381851.25,-1192460.7,p0000_0005,0,5,-385000.05,-1191999.9,600.0
1620,1997,L0_1024_s512,1024,512,0.15,153.6,76.8,-381928.05,-1192614.3,19968,3584,1024,1024,-382004.85,-1192691.1,-381851.25,-1192537.5,p0001_0005,1,5,-385000.05,-1191999.9,600.0
1621,1998,L0_1024_s512,1024,512,0.15,153.6,76.8,-381928.05,-1192691.1,19968,4096,1024,1024,-382004.85,-1192767.9,-381851.25,-1192614.2999999998,p0001_0005,1,5,-385000.05,-1191999.9,600.0
1622,1999,L0_1024_s512,1024,512,0.15,153.6,76.8,-381928.05,-1192767.9,19968,4608,1024,1024,-382004.85,-1192844.7,-381851.25,-1192691.1,p0001_0005,1,5,-385000.05,-1191999.9,600.0
1623,2000,L0_1024_s512,1024,512,0.15,153.6,76.8,-381928.05,-1192844.7,19968,5120,1024,1024,-382004.85,-1192921.5,-381851.25,-1192767.9,p0001_0005,1,5,-385000.05,-1191999.9,600.0
1624,2001,L0_1024_s512,1024,512,0.15,153.6,76.8,-381928.05,-1192921.5,19968,5632,1024,1024,-382004.85,-1192998.2999999998,-381851.25,-1192844.7,p0001_0005,1,5,-385000.05,-1191999.9,600.0
1625,2002,L0_1024_s512,1024,512,0.15,153.6,76.8,-381928.05,-1192998.3,19968,6144,1024,1024,-382004.85,-1193075.1,-381851.25,-1192921.5,p0001_0005,1,5,-385000.05,-1191999.9,600.0
1626,2003,L0_1024_s512,1024,512,0.15,153.6,76.8,-381928.05,-1193075.1,19968,6656,1024,1024,-382004.85,-1193151.9,-381851.25,-1192998.2999999998,p0001_0005,1,5,-385000.05,-1191999.9,600.0
1627,2004,L0_1024_s512,1024,512,0.15,153.6,76.8,-381928.05,-1193151.9,19968,7168,1024,1024,-382004.85,-1193228.7,-381851.25,-1193075.1,p0001_0005,1,5,-385000.05,-1191999.9,600.0
1628,2005,L0_1024_s512,1024,512,0.15,153.6,76.8,-381928.05,-1193228.7,19968,7680,1024,1024,-382004.85,-1193305.5,-381851.25,-1193151.9,p0002_0005,2,5,-385000.05,-1191999.9,600.0
1629,2006,L0_1024_s512,1024,512,0.15,153.6,76.8,-381928.05,-1193305.5,19968,8192,1024,1024,-382004.85,-1193382.2999999998,-381851.25,-1193228.7,p0002_0005,2,5,-385000.05,-1191999.9,600.0
1630,2007,L0_1024_s512,1024,512,0.15,153.6,76.8,-381928.05,-1193382.3,19968,8704,1024,1024,-382004.85,-1193459.1,-381851.25,-1193305.5,p0002_0005,2,5,-385000.05,-1191999.9,600.0
1631,2008,L0_1024_s512,1024,512,0.15,153.6,76.8,-381928.05,-1193459.1,19968,9216,1024,1024,-382004.85,-1193535.9,-381851.25,-1193382.2999999998,p0002_0005,2,5,-385000.05,-1191999.9,600.0
1632,2009,L0_1024_s512,1024,512,0.15,153.6,76.8,-381928.05,-1193535.9,19968,9728,1024,1024,-382004.85,-1193612.7,-381851.25,-1193459.1,p0002_0005,2,5,-385000.05,-1191999.9,600.0
1633,2010,L0_1024_s512,1024,512,0.15,153.6,76.8,-381928.05,-1193612.7,19968,10240,1024,1024,-382004.85,-1193689.5,-381851.25,-1193535.9,p0002_0005,2,5,-385000.05,-1191999.9,600.0
1634,2011,L0_1024_s512,1024,512,0.15,153.6,76.8,-381928.05,-1193689.5,19968,10752,1024,1024,-382004.85,-1193766.2999999998,-381851.25,-1193612.7,p0002_0005,2,5,-385000.05,-1191999.9,600.0
1635,2012,L0_1024_s512,1024,512,0.15,153.6,76.8,-381928.05,-1193766.3,19968,11264,1024,1024,-382004.85,-1193843.1,-381851.25,-1193689.5,p0002_0005,2,5,-385000.05,-1191999.9,600.0
1636,2013,L0_1024_s512,1024,512,0.15,153.6,76.8,-381928.05,-1193843.1,19968,11776,1024,1024,-382004.85,-1193919.9,-381851.25,-1193766.2999999998,p0003_0005,3,5,-385000.05,-1191999.9,600.0
1637,2014,L0_1024_s512,1024,512,0.15,153.6,76.8,-381928.05,-1193919.9,19968,12288,1024,1024,-382004.85,-1193996.7,-381851.25,-1193843.1,p0003_0005,3,5,-385000.05,-1191999.9,600.0
1638,2015,L0_1024_s512,1024,512,0.15,153.6,76.8,-381928.05,-1193996.7,19968,12800,1024,1024,-382004.85,-1194073.5,-381851.25,-1193919.9,p0003_0005,3,5,-385000.05,-1191999.9,600.0
1639,2041,L0_1024_s512,1024,512,0.15,153.6,76.8,-381851.25,-1192076.7,20479,0,1024,1024,-381928.2,-1192153.5,-381774.6,-1191999.9,p0000_0005,0,5,-385000.05,-1191999.9,600.0
1640,2042,L0_1024_s512,1024,512,0.15,153.6,76.8,-381851.25,-1192153.5,20479,512,1024,1024,-381928.2,-1192230.2999999998,-381774.6,-1192076.7,p0000_0005,0,5,-385000.05,-1191999.9,600.0
1641,2043,L0_1024_s512,1024,512,0.15,153.6,76.8,-381851.25,-1192230.3,20479,1024,1024,1024,-381928.2,-1192307.1,-381774.6,-1192153.5,p0000_0005,0,5,-385000.05,-1191999.9,600.0
1642,2044,L0_1024_s512,1024,512,0.15,153.6,76.8,-381851.25,-1192307.1,20479,1536,1024,1024,-381928.2,-1192383.9,-381774.6,-1192230.2999999998,p0000_0005,0,5,-385000.05,-1191999.9,600.0
1643,2045,L0_1024_s512,1024,512,0.15,153.6,76.8,-381851.25,-1192383.9,20479,2048,1024,1024,-381928.2,-1192460.7,-381774.6,-1192307.1,p0000_0005,0,5,-385000.05,-1191999.9,600.0
1644,2046,L0_1024_s512,1024,512,0.15,153.6,76.8,-381851.25,-1192460.7,20479,2560,1024,1024,-381928.2,-1192537.5,-381774.6,-1192383.9,p0000_0005,0,5,-385000.05,-1191999.9,600.0
1645,2047,L0_1024_s512,1024,512,0.15,153.6,76.8,-381851.25,-1192537.5,20479,3072,1024,1024,-381928.2,-1192614.2999999998,-381774.6,-1192460.7,p0000_0005,0,5,-385000.05,-1191999.9,600.0
1646,2048,L0_1024_s512,1024,512,0.15,153.6,76.8,-381851.25,-1192614.3,20479,3584,1024,1024,-381928.2,-1192691.1,-381774.6,-1192537.5,p0001_0005,1,5,-385000.05,-1191999.9,600.0
1647,2049,L0_1024_s512,1024,512,0.15,153.6,76.8,-381851.25,-1192691.1,20479,4096,1024,1024,-381928.2,-1192767.9,-381774.6,-1192614.2999999998,p0001_0005,1,5,-385000.05,-1191999.9,600.0
1648,2050,L0_1024_s512,1024,512,0.15,153.6,76.8,-381851.25,-1192767.9,20479,4608,1024,1024,-381928.2,-1192844.7,-381774.6,-1192691.1,p0001_0005,1,5,-385000.05,-1191999.9,600.0
1649,2051,L0_1024_s512,1024,512,0.15,153.6,76.8,-381851.25,-1192844.7,20479,5120,1024,1024,-381928.2,-1192921.5,-381774.6,-1192767.9,p0001_0005,1,5,-385000.05,-1191999.9,600.0
1650,2052,L0_1024_s512,1024,512,0.15,153.6,76.8,-381851.25,-1192921.5,20479,5632,1024,1024,-381928.2,-1192998.2999999998,-381774.6,-1192844.7,p0001_0005,1,5,-385000.05,-1191999.9,600.0
1651,2053,L0_1024_s512,1024,512,0.15,153.6,76.8,-381851.25,-1192998.3,20479,6144,1024,1024,-381928.2,-1193075.1,-381774.6,-1192921.5,p0001_0005,1,5,-385000.05,-1191999.9,600.0
1652,2054,L0_1024_s512,1024,512,0.15,153.6,76.8,-381851.25,-1193075.1,20479,6656,1024,1024,-381928.2,-1193151.9,-381774.6,-1192998.2999999998,p0001_0005,1,5,-385000.05,-1191999.9,600.0
1653,2055,L0_1024_s512,1024,512,0.15,153.6,76.8,-381851.25,-1193151.9,20479,7168,1024,1024,-381928.2,-1193228.7,-381774.6,-1193075.1,p0001_0005,1,5,-385000.05,-1191999.9,600.0
1654,2056,L0_1024_s512,1024,512,0.15,153.6,76.8,-381851.25,-1193228.7,20479,7680,1024,1024,-381928.2,-1193305.5,-381774.6,-1193151.9,p0002_0005,2,5,-385000.05,-1191999.9,600.0
1655,2057,L0_1024_s512,1024,512,0.15,153.6,76.8,-381851.25,-1193305.5,20479,8192,1024,1024,-381928.2,-1193382.2999999998,-381774.6,-1193228.7,p0002_0005,2,5,-385000.05,-1191999.9,600.0
1656,2058,L0_1024_s512,1024,512,0.15,153.6,76.8,-381851.25,-1193382.3,20479,8704,1024,1024,-381928.2,-1193459.1,-381774.6,-1193305.5,p0002_0005,2,5,-385000.05,-1191999.9,600.0
1657,2059,L0_1024_s512,1024,512,0.15,153.6,76.8,-381851.25,-1193459.1,20479,9216,1024,1024,-381928.2,-1193535.9,-381774.6,-1193382.2999999998,p0002_0005,2,5,-385000.05,-1191999.9,600.0
1658,2060,L0_1024_s512,1024,512,0.15,153.6,76.8,-381851.25,-1193535.9,20479,9728,1024,1024,-381928.2,-1193612.7,-381774.6,-1193459.1,p0002_0005,2,5,-385000.05,-1191999.9,600.0
1659,2061,L0_1024_s512,1024,512,0.15,153.6,76.8,-381851.25,-1193612.7,20479,10240,1024,1024,-381928.2,-1193689.5,-381774.6,-1193535.9,p0002_0005,2,5,-385000.05,-1191999.9,600.0
1660,2062,L0_1024_s512,1024,512,0.15,153.6,76.8,-381851.25,-1193689.5,20479,10752,1024,1024,-381928.2,-1193766.2999999998,-381774.6,-1193612.7,p0002_0005,2,5,-385000.05,-1191999.9,600.0
1661,2063,L0_1024_s512,1024,512,0.15,153.6,76.8,-381851.25,-1193766.3,20479,11264,1024,1024,-381928.2,-1193843.1,-381774.6,-1193689.5,p0002_0005,2,5,-385000.05,-1191999.9,600.0
1662,2064,L0_1024_s512,1024,512,0.15,153.6,76.8,-381851.25,-1193843.1,20479,11776,1024,1024,-381928.2,-1193919.9,-381774.6,-1193766.2999999998,p0003_0005,3,5,-385000.05,-1191999.9,600.0
1663,2065,L0_1024_s512,1024,512,0.15,153.6,76.8,-381851.25,-1193919.9,20479,12288,1024,1024,-381928.2,-1193996.7,-381774.6,-1193843.1,p0003_0005,3,5,-385000.05,-1191999.9,600.0
1664,2066,L0_1024_s512,1024,512,0.15,153.6,76.8,-381851.25,-1193996.7,20479,12800,1024,1024,-381928.2,-1194073.5,-381774.6,-1193919.9,p0003_0005,3,5,-385000.05,-1191999.9,600.0
1665,2092,L0_1024_s512,1024,512,0.15,153.6,76.8,-381774.45,-1192076.7,20991,0,1024,1024,-381851.4,-1192153.5,-381697.8,-1191999.9,p0000_0005,0,5,-385000.05,-1191999.9,600.0
1666,2093,L0_1024_s512,1024,512,0.15,153.6,76.8,-381774.45,-1192153.5,20991,512,1024,1024,-381851.4,-1192230.2999999998,-381697.8,-1192076.7,p0000_0005,0,5,-385000.05,-1191999.9,600.0
1667,2094,L0_1024_s512,1024,512,0.15,153.6,76.8,-381774.45,-1192230.3,20991,1024,1024,1024,-381851.4,-1192307.1,-381697.8,-1192153.5,p0000_0005,0,5,-385000.05,-1191999.9,600.0
1668,2095,L0_1024_s512,1024,512,0.15,153.6,76.8,-381774.45,-1192307.1,20991,1536,1024,1024,-381851.4,-1192383.9,-381697.8,-1192230.2999999998,p0000_0005,0,5,-385000.05,-1191999.9,600.0
1669,2096,L0_1024_s512,1024,512,0.15,153.6,76.8,-381774.45,-1192383.9,20991,2048,1024,1024,-381851.4,-1192460.7,-381697.8,-1192307.1,p0000_0005,0,5,-385000.05,-1191999.9,600.0
1670,2097,L0_1024_s512,1024,512,0.15,153.6,76.8,-381774.45,-1192460.7,20991,2560,1024,1024,-381851.4,-1192537.5,-381697.8,-1192383.9,p0000_0005,0,5,-385000.05,-1191999.9,600.0
1671,2098,L0_1024_s512,1024,512,0.15,153.6,76.8,-381774.45,-1192537.5,20991,3072,1024,1024,-381851.4,-1192614.2999999998,-381697.8,-1192460.7,p0000_0005,0,5,-385000.05,-1191999.9,600.0
1672,2099,L0_1024_s512,1024,512,0.15,153.6,76.8,-381774.45,-1192614.3,20991,3584,1024,1024,-381851.4,-1192691.1,-381697.8,-1192537.5,p0001_0005,1,5,-385000.05,-1191999.9,600.0
1673,2100,L0_1024_s512,1024,512,0.15,153.6,76.8,-381774.45,-1192691.1,20991,4096,1024,1024,-381851.4,-1192767.9,-381697.8,-1192614.2999999998,p0001_0005,1,5,-385000.05,-1191999.9,600.0
1674,2101,L0_1024_s512,1024,512,0.15,153.6,76.8,-381774.45,-1192767.9,20991,4608,1024,1024,-381851.4,-1192844.7,-381697.8,-1192691.1,p0001_0005,1,5,-385000.05,-1191999.9,600.0
1675,2102,L0_1024_s512,1024,512,0.15,153.6,76.8,-381774.45,-1192844.7,20991,5120,1024,1024,-381851.4,-1192921.5,-381697.8,-1192767.9,p0001_0005,1,5,-385000.05,-1191999.9,600.0
1676,2103,L0_1024_s512,1024,512,0.15,153.6,76.8,-381774.45,-1192921.5,20991,5632,1024,1024,-381851.4,-1192998.2999999998,-381697.8,-1192844.7,p0001_0005,1,5,-385000.05,-1191999.9,600.0
1677,2104,L0_1024_s512,1024,512,0.15,153.6,76.8,-381774.45,-1192998.3,20991,6144,1024,1024,-381851.4,-1193075.1,-381697.8,-1192921.5,p0001_0005,1,5,-385000.05,-1191999.9,600.0
1678,2105,L0_1024_s512,1024,512,0.15,153.6,76.8,-381774.45,-1193075.1,20991,6656,1024,1024,-381851.4,-1193151.9,-381697.8,-1192998.2999999998,p0001_0005,1,5,-385000.05,-1191999.9,600.0
1679,2106,L0_1024_s512,1024,512,0.15,153.6,76.8,-381774.45,-1193151.9,20991,7168,1024,1024,-381851.4,-1193228.7,-381697.8,-1193075.1,p0001_0005,1,5,-385000.05,-1191999.9,600.0
1680,2107,L0_1024_s512,1024,512,0.15,153.6,76.8,-381774.45,-1193228.7,20991,7680,1024,1024,-381851.4,-1193305.5,-381697.8,-1193151.9,p0002_0005,2,5,-385000.05,-1191999.9,600.0
1681,2108,L0_1024_s512,1024,512,0.15,153.6,76.8,-381774.45,-1193305.5,20991,8192,1024,1024,-381851.4,-1193382.2999999998,-381697.8,-1193228.7,p0002_0005,2,5,-385000.05,-1191999.9,600.0
1682,2109,L0_1024_s512,1024,512,0.15,153.6,76.8,-381774.45,-1193382.3,20991,8704,1024,1024,-381851.4,-1193459.1,-381697.8,-1193305.5,p0002_0005,2,5,-385000.05,-1191999.9,600.0
1683,2110,L0_1024_s512,1024,512,0.15,153.6,76.8,-381774.45,-1193459.1,20991,9216,1024,1024,-381851.4,-1193535.9,-381697.8,-1193382.2999999998,p0002_0005,2,5,-385000.05,-1191999.9,600.0
1684,2111,L0_1024_s512,1024,512,0.15,153.6,76.8,-381774.45,-1193535.9,20991,9728,1024,1024,-381851.4,-1193612.7,-381697.8,-1193459.1,p0002_0005,2,5,-385000.05,-1191999.9,600.0
1685,2112,L0_1024_s512,1024,512,0.15,153.6,76.8,-381774.45,-1193612.7,20991,10240,1024,1024,-381851.4,-1193689.5,-381697.8,-1193535.9,p0002_0005,2,5,-385000.05,-1191999.9,600.0
1686,2113,L0_1024_s512,1024,512,0.15,153.6,76.8,-381774.45,-1193689.5,20991,10752,1024,1024,-381851.4,-1193766.2999999998,-381697.8,-1193612.7,p0002_0005,2,5,-385000.05,-1191999.9,600.0
1687,2114,L0_1024_s512,1024,512,0.15,153.6,76.8,-381774.45,-1193766.3,20991,11264,1024,1024,-381851.4,-1193843.1,-381697.8,-1193689.5,p0002_0005,2,5,-385000.05,-1191999.9,600.0
1688,2115,L0_1024_s512,1024,512,0.15,153.6,76.8,-381774.45,-1193843.1,20991,11776,1024,1024,-381851.4,-1193919.9,-381697.8,-1193766.2999999998,p0003_0005,3,5,-385000.05,-1191999.9,600.0
1689,2116,L0_1024_s512,1024,512,0.15,153.6,76.8,-381774.45,-1193919.9,20991,12288,1024,1024,-381851.4,-1193996.7,-381697.8,-1193843.1,p0003_0005,3,5,-385000.05,-1191999.9,600.0
1690,2117,L0_1024_s512,1024,512,0.15,153.6,76.8,-381774.45,-1193996.7,20991,12800,1024,1024,-381851.4,-1194073.5,-381697.8,-1193919.9,p0003_0005,3,5,-385000.05,-1191999.9,600.0
1691,2143,L0_1024_s512,1024,512,0.15,153.6,76.8,-381697.65,-1192076.7,21503,0,1024,1024,-381774.6,-1192153.5,-381621.0,-1191999.9,p0000_0005,0,5,-385000.05,-1191999.9,600.0
1692,2144,L0_1024_s512,1024,512,0.15,153.6,76.8,-381697.65,-1192153.5,21503,512,1024,1024,-381774.6,-1192230.2999999998,-381621.0,-1192076.7,p0000_0005,0,5,-385000.05,-1191999.9,600.0
1693,2145,L0_1024_s512,1024,512,0.15,153.6,76.8,-381697.65,-1192230.3,21503,1024,1024,1024,-381774.6,-1192307.1,-381621.0,-1192153.5,p0000_0005,0,5,-385000.05,-1191999.9,600.0
1694,2146,L0_1024_s512,1024,512,0.15,153.6,76.8,-381697.65,-1192307.1,21503,1536,1024,1024,-381774.6,-1192383.9,-381621.0,-1192230.2999999998,p0000_0005,0,5,-385000.05,-1191999.9,600.0
1695,2147,L0_1024_s512,1024,512,0.15,153.6,76.8,-381697.65,-1192383.9,21503,2048,1024,1024,-381774.6,-1192460.7,-381621.0,-1192307.1,p0000_0005,0,5,-385000.05,-1191999.9,600.0
1696,2148,L0_1024_s512,1024,512,0.15,153.6,76.8,-381697.65,-1192460.7,21503,2560,1024,1024,-381774.6,-1192537.5,-381621.0,-1192383.9,p0000_0005,0,5,-385000.05,-1191999.9,600.0
1697,2149,L0_1024_s512,1024,512,0.15,153.6,76.8,-381697.65,-1192537.5,21503,3072,1024,1024,-381774.6,-1192614.2999999998,-381621.0,-1192460.7,p0000_0005,0,5,-385000.05,-1191999.9,600.0
1698,2150,L0_1024_s512,1024,512,0.15,153.6,76.8,-381697.65,-1192614.3,21503,3584,1024,1024,-381774.6,-1192691.1,-381621.0,-1192537.5,p0001_0005,1,5,-385000.05,-1191999.9,600.0
1699,2151,L0_1024_s512,1024,512,0.15,153.6,76.8,-381697.65,-1192691.1,21503,4096,1024,1024,-381774.6,-1192767.9,-381621.0,-1192614.2999999998,p0001_0005,1,5,-385000.05,-1191999.9,600.0
1700,2152,L0_1024_s512,1024,512,0.15,153.6,76.8,-381697.65,-1192767.9,21503,4608,1024,1024,-381774.6,-1192844.7,-381621.0,-1192691.1,p0001_0005,1,5,-385000.05,-1191999.9,600.0
1701,2153,L0_1024_s512,1024,512,0.15,153.6,76.8,-381697.65,-1192844.7,21503,5120,1024,1024,-381774.6,-1192921.5,-381621.0,-1192767.9,p0001_0005,1,5,-385000.05,-1191999.9,600.0
1702,2154,L0_1024_s512,1024,512,0.15,153.6,76.8,-381697.65,-1192921.5,21503,5632,1024,1024,-381774.6,-1192998.2999999998,-381621.0,-1192844.7,p0001_0005,1,5,-385000.05,-1191999.9,600.0
1703,2155,L0_1024_s512,1024,512,0.15,153.6,76.8,-381697.65,-1192998.3,21503,6144,1024,1024,-381774.6,-1193075.1,-381621.0,-1192921.5,p0001_0005,1,5,-385000.05,-1191999.9,600.0
1704,2156,L0_1024_s512,1024,512,0.15,153.6,76.8,-381697.65,-1193075.1,21503,6656,1024,1024,-381774.6,-1193151.9,-381621.0,-1192998.2999999998,p0001_0005,1,5,-385000.05,-1191999.9,600.0
1705,2157,L0_1024_s512,1024,512,0.15,153.6,76.8,-381697.65,-1193151.9,21503,7168,1024,1024,-381774.6,-1193228.7,-381621.0,-1193075.1,p0001_0005,1,5,-385000.05,-1191999.9,600.0
1706,2158,L0_1024_s512,1024,512,0.15,153.6,76.8,-381697.65,-1193228.7,21503,7680,1024,1024,-381774.6,-1193305.5,-381621.0,-1193151.9,p0002_0005,2,5,-385000.05,-1191999.9,600.0
1707,2159,L0_1024_s512,1024,512,0.15,153.6,76.8,-381697.65,-1193305.5,21503,8192,1024,1024,-381774.6,-1193382.2999999998,-381621.0,-1193228.7,p0002_0005,2,5,-385000.05,-1191999.9,600.0
1708,2160,L0_1024_s512,1024,512,0.15,153.6,76.8,-381697.65,-1193382.3,21503,8704,1024,1024,-381774.6,-1193459.1,-381621.0,-1193305.5,p0002_0005,2,5,-385000.05,-1191999.9,600.0
1709,2161,L0_1024_s512,1024,512,0.15,153.6,76.8,-381697.65,-1193459.1,21503,9216,1024,1024,-381774.6,-1193535.9,-381621.0,-1193382.2999999998,p0002_0005,2,5,-385000.05,-1191999.9,600.0
1710,2162,L0_1024_s512,1024,512,0.15,153.6,76.8,-381697.65,-1193535.9,21503,9728,1024,1024,-381774.6,-1193612.7,-381621.0,-1193459.1,p0002_0005,2,5,-385000.05,-1191999.9,600.0
1711,2163,L0_1024_s512,1024,512,0.15,153.6,76.8,-381697.65,-1193612.7,21503,10240,1024,1024,-381774.6,-1193689.5,-381621.0,-1193535.9,p0002_0005,2,5,-385000.05,-1191999.9,600.0
1712,2164,L0_1024_s512,1024,512,0.15,153.6,76.8,-381697.65,-1193689.5,21503,10752,1024,1024,-381774.6,-1193766.2999999998,-381621.0,-1193612.7,p0002_0005,2,5,-385000.05,-1191999.9,600.0
1713,2165,L0_1024_s512,1024,512,0.15,153.6,76.8,-381697.65,-1193766.3,21503,11264,1024,1024,-381774.6,-1193843.1,-381621.0,-1193689.5,p0002_0005,2,5,-385000.05,-1191999.9,600.0
1714,2166,L0_1024_s512,1024,512,0.15,153.6,76.8,-381697.65,-1193843.1,21503,11776,1024,1024,-381774.6,-1193919.9,-381621.0,-1193766.2999999998,p0003_0005,3,5,-385000.05,-1191999.9,600.0
1715,2167,L0_1024_s512,1024,512,0.15,153.6,76.8,-381697.65,-1193919.9,21503,12288,1024,1024,-381774.6,-1193996.7,-381621.0,-1193843.1,p0003_0005,3,5,-385000.05,-1191999.9,600.0
1716,2168,L0_1024_s512,1024,512,0.15,153.6,76.8,-381697.65,-1193996.7,21503,12800,1024,1024,-381774.6,-1194073.5,-381621.0,-1193919.9,p0003_0005,3,5,-385000.05,-1191999.9,600.0
1717,2194,L0_1024_s512,1024,512,0.15,153.6,76.8,-381620.85,-1192076.7,22016,0,1024,1024,-381697.65,-1192153.5,-381544.05,-1191999.9,p0000_0005,0,5,-385000.05,-1191999.9,600.0
1718,2195,L0_1024_s512,1024,512,0.15,153.6,76.8,-381620.85,-1192153.5,22016,512,1024,1024,-381697.65,-1192230.2999999998,-381544.05,-1192076.7,p0000_0005,0,5,-385000.05,-1191999.9,600.0
1719,2196,L0_1024_s512,1024,512,0.15,153.6,76.8,-381620.85,-1192230.3,22016,1024,1024,1024,-381697.65,-1192307.1,-381544.05,-1192153.5,p0000_0005,0,5,-385000.05,-1191999.9,600.0
1720,2197,L0_1024_s512,1024,512,0.15,153.6,76.8,-381620.85,-1192307.1,22016,1536,1024,1024,-381697.65,-1192383.9,-381544.05,-1192230.2999999998,p0000_0005,0,5,-385000.05,-1191999.9,600.0
1721,2198,L0_1024_s512,1024,512,0.15,153.6,76.8,-381620.85,-1192383.9,22016,2048,1024,1024,-381697.65,-1192460.7,-381544.05,-1192307.1,p0000_0005,0,5,-385000.05,-1191999.9,600.0
1722,2199,L0_1024_s512,1024,512,0.15,153.6,76.8,-381620.85,-1192460.7,22016,2560,1024,1024,-381697.65,-1192537.5,-381544.05,-1192383.9,p0000_0005,0,5,-385000.05,-1191999.9,600.0
1723,2200,L0_1024_s512,1024,512,0.15,153.6,76.8,-381620.85,-1192537.5,22016,3072,1024,1024,-381697.65,-1192614.2999999998,-381544.05,-1192460.7,p0000_0005,0,5,-385000.05,-1191999.9,600.0
1724,2201,L0_1024_s512,1024,512,0.15,153.6,76.8,-381620.85,-1192614.3,22016,3584,1024,1024,-381697.65,-1192691.1,-381544.05,-1192537.5,p0001_0005,1,5,-385000.05,-1191999.9,600.0
1725,2202,L0_1024_s512,1024,512,0.15,153.6,76.8,-381620.85,-1192691.1,22016,4096,1024,1024,-381697.65,-1192767.9,-381544.05,-1192614.2999999998,p0001_0005,1,5,-385000.05,-1191999.9,600.0
1726,2203,L0_1024_s512,1024,512,0.15,153.6,76.8,-381620.85,-1192767.9,22016,4608,1024,1024,-381697.65,-1192844.7,-381544.05,-1192691.1,p0001_0005,1,5,-385000.05,-1191999.9,600.0
1727,2204,L0_1024_s512,1024,512,0.15,153.6,76.8,-381620.85,-1192844.7,22016,5120,1024,1024,-381697.65,-1192921.5,-381544.05,-1192767.9,p0001_0005,1,5,-385000.05,-1191999.9,600.0
1728,2205,L0_1024_s512,1024,512,0.15,153.6,76.8,-381620.85,-1192921.5,22016,5632,1024,1024,-381697.65,-1192998.2999999998,-381544.05,-1192844.7,p0001_0005,1,5,-385000.05,-1191999.9,600.0
1729,2206,L0_1024_s512,1024,512,0.15,153.6,76.8,-381620.85,-1192998.3,22016,6144,1024,1024,-381697.65,-1193075.1,-381544.05,-1192921.5,p0001_0005,1,5,-385000.05,-1191999.9,600.0
1730,2207,L0_1024_s512,1024,512,0.15,153.6,76.8,-381620.85,-1193075.1,22016,6656,1024,1024,-381697.65,-1193151.9,-381544.05,-1192998.2999999998,p0001_0005,1,5,-385000.05,-1191999.9,600.0
1731,2208,L0_1024_s512,1024,512,0.15,153.6,76.8,-381620.85,-1193151.9,22016,7168,1024,1024,-381697.65,-1193228.7,-381544.05,-1193075.1,p0001_0005,1,5,-385000.05,-1191999.9,600.0
1732,2209,L0_1024_s512,1024,512,0.15,153.6,76.8,-381620.85,-1193228.7,22016,7680,1024,1024,-381697.65,-1193305.5,-381544.05,-1193151.9,p0002_0005,2,5,-385000.05,-1191999.9,600.0
1733,2210,L0_1024_s512,1024,512,0.15,153.6,76.8,-381620.85,-1193305.5,22016,8192,1024,1024,-381697.65,-1193382.2999999998,-381544.05,-1193228.7,p0002_0005,2,5,-385000.05,-1191999.9,600.0
1734,2211,L0_1024_s512,1024,512,0.15,153.6,76.8,-381620.85,-1193382.3,22016,8704,1024,1024,-381697.65,-1193459.1,-381544.05,-1193305.5,p0002_0005,2,5,-385000.05,-1191999.9,600.0
1735,2212,L0_1024_s512,1024,512,0.15,153.6,76.8,-381620.85,-1193459.1,22016,9216,1024,1024,-381697.65,-1193535.9,-381544.05,-1193382.2999999998,p0002_0005,2,5,-385000.05,-1191999.9,600.0
1736,2213,L0_1024_s512,1024,512,0.15,153.6,76.8,-381620.85,-1193535.9,22016,9728,1024,1024,-381697.65,-1193612.7,-381544.05,-1193459.1,p0002_0005,2,5,-385000.05,-1191999.9,600.0
1737,2214,L0_1024_s512,1024,512,0.15,153.6,76.8,-381620.85,-1193612.7,22016,10240,1024,1024,-381697.65,-1193689.5,-381544.05,-1193535.9,p0002_0005,2,5,-385000.05,-1191999.9,600.0
1738,2215,L0_1024_s512,1024,512,0.15,153.6,76.8,-381620.85,-1193689.5,22016,10752,1024,1024,-381697.65,-1193766.2999999998,-381544.05,-1193612.7,p0002_0005,2,5,-385000.05,-1191999.9,600.0
1739,2216,L0_1024_s512,1024,512,0.15,153.6,76.8,-381620.85,-1193766.3,22016,11264,1024,1024,-381697.65,-1193843.1,-381544.05,-1193689.5,p0002_0005,2,5,-385000.05,-1191999.9,600.0
1740,2217,L0_1024_s512,1024,512,0.15,153.6,76.8,-381620.85,-1193843.1,22016,11776,1024,1024,-381697.65,-1193919.9,-381544.05,-1193766.2999999998,p0003_0005,3,5,-385000.05,-1191999.9,600.0
1741,2218,L0_1024_s512,1024,512,0.15,153.6,76.8,-381620.85,-1193919.9,22016,12288,1024,1024,-381697.65,-1193996.7,-381544.05,-1193843.1,p0003_0005,3,5,-385000.05,-1191999.9,600.0
1742,2219,L0_1024_s512,1024,512,0.15,153.6,76.8,-381620.85,-1193996.7,22016,12800,1024,1024,-381697.65,-1194073.5,-381544.05,-1193919.9,p0003_0005,3,5,-385000.05,-1191999.9,600.0
1743,2245,L0_1024_s512,1024,512,0.15,153.6,76.8,-381544.05,-1192076.7,22528,0,1024,1024,-381620.85,-1192153.5,-381467.25,-1191999.9,p0000_0005,0,5,-385000.05,-1191999.9,600.0
1744,2246,L0_1024_s512,1024,512,0.15,153.6,76.8,-381544.05,-1192153.5,22528,512,1024,1024,-381620.85,-1192230.2999999998,-381467.25,-1192076.7,p0000_0005,0,5,-385000.05,-1191999.9,600.0
1745,2247,L0_1024_s512,1024,512,0.15,153.6,76.8,-381544.05,-1192230.3,22528,1024,1024,1024,-381620.85,-1192307.1,-381467.25,-1192153.5,p0000_0005,0,5,-385000.05,-1191999.9,600.0
1746,2248,L0_1024_s512,1024,512,0.15,153.6,76.8,-381544.05,-1192307.1,22528,1536,1024,1024,-381620.85,-1192383.9,-381467.25,-1192230.2999999998,p0000_0005,0,5,-385000.05,-1191999.9,600.0
1747,2249,L0_1024_s512,1024,512,0.15,153.6,76.8,-381544.05,-1192383.9,22528,2048,1024,1024,-381620.85,-1192460.7,-381467.25,-1192307.1,p0000_0005,0,5,-385000.05,-1191999.9,600.0
1748,2250,L0_1024_s512,1024,512,0.15,153.6,76.8,-381544.05,-1192460.7,22528,2560,1024,1024,-381620.85,-1192537.5,-381467.25,-1192383.9,p0000_0005,0,5,-385000.05,-1191999.9,600.0
1749,2251,L0_1024_s512,1024,512,0.15,153.6,76.8,-381544.05,-1192537.5,22528,3072,1024,1024,-381620.85,-1192614.2999999998,-381467.25,-1192460.7,p0000_0005,0,5,-385000.05,-1191999.9,600.0
1750,2252,L0_1024_s512,1024,512,0.15,153.6,76.8,-381544.05,-1192614.3,22528,3584,1024,1024,-381620.85,-1192691.1,-381467.25,-1192537.5,p0001_0005,1,5,-385000.05,-1191999.9,600.0
1751,2253,L0_1024_s512,1024,512,0.15,153.6,76.8,-381544.05,-1192691.1,22528,4096,1024,1024,-381620.85,-1192767.9,-381467.25,-1192614.2999999998,p0001_0005,1,5,-385000.05,-1191999.9,600.0
1752,2254,L0_1024_s512,1024,512,0.15,153.6,76.8,-381544.05,-1192767.9,22528,4608,1024,1024,-381620.85,-1192844.7,-381467.25,-1192691.1,p0001_0005,1,5,-385000.05,-1191999.9,600.0
1753,2255,L0_1024_s512,1024,512,0.15,153.6,76.8,-381544.05,-1192844.7,22528,5120,1024,1024,-381620.85,-1192921.5,-381467.25,-1192767.9,p0001_0005,1,5,-385000.05,-1191999.9,600.0
1754,2256,L0_1024_s512,1024,512,0.15,153.6,76.8,-381544.05,-1192921.5,22528,5632,1024,1024,-381620.85,-1192998.2999999998,-381467.25,-1192844.7,p0001_0005,1,5,-385000.05,-1191999.9,600.0
1755,2257,L0_1024_s512,1024,512,0.15,153.6,76.8,-381544.05,-1192998.3,22528,6144,1024,1024,-381620.85,-1193075.1,-381467.25,-1192921.5,p0001_0005,1,5,-385000.05,-1191999.9,600.0
1756,2258,L0_1024_s512,1024,512,0.15,153.6,76.8,-381544.05,-1193075.1,22528,6656,1024,1024,-381620.85,-1193151.9,-381467.25,-1192998.2999999998,p0001_0005,1,5,-385000.05,-1191999.9,600.0
1757,2259,L0_1024_s512,1024,512,0.15,153.6,76.8,-381544.05,-1193151.9,22528,7168,1024,1024,-381620.85,-1193228.7,-381467.25,-1193075.1,p0001_0005,1,5,-385000.05,-1191999.9,600.0
1758,2260,L0_1024_s512,1024,512,0.15,153.6,76.8,-381544.05,-1193228.7,22528,7680,1024,1024,-381620.85,-1193305.5,-381467.25,-1193151.9,p0002_0005,2,5,-385000.05,-1191999.9,600.0
1759,2261,L0_1024_s512,1024,512,0.15,153.6,76.8,-381544.05,-1193305.5,22528,8192,1024,1024,-381620.85,-1193382.2999999998,-381467.25,-1193228.7,p0002_0005,2,5,-385000.05,-1191999.9,600.0
1760,2262,L0_1024_s512,1024,512,0.15,153.6,76.8,-381544.05,-1193382.3,22528,8704,1024,1024,-381620.85,-1193459.1,-381467.25,-1193305.5,p0002_0005,2,5,-385000.05,-1191999.9,600.0
1761,2263,L0_1024_s512,1024,512,0.15,153.6,76.8,-381544.05,-1193459.1,22528,9216,1024,1024,-381620.85,-1193535.9,-381467.25,-1193382.2999999998,p0002_0005,2,5,-385000.05,-1191999.9,600.0
1762,2264,L0_1024_s512,1024,512,0.15,153.6,76.8,-381544.05,-1193535.9,22528,9728,1024,1024,-381620.85,-1193612.7,-381467.25,-1193459.1,p0002_0005,2,5,-385000.05,-1191999.9,600.0
1763,2265,L0_1024_s512,1024,512,0.15,153.6,76.8,-381544.05,-1193612.7,22528,10240,1024,1024,-381620.85,-1193689.5,-381467.25,-1193535.9,p0002_0005,2,5,-385000.05,-1191999.9,600.0
1764,2266,L0_1024_s512,1024,512,0.15,153.6,76.8,-381544.05,-1193689.5,22528,10752,1024,1024,-381620.85,-1193766.2999999998,-381467.25,-1193612.7,p0002_0005,2,5,-385000.05,-1191999.9,600.0
1765,2267,L0_1024_s512,1024,512,0.15,153.6,76.8,-381544.05,-1193766.3,22528,11264,1024,1024,-381620.85,-1193843.1,-381467.25,-1193689.5,p0002_0005,2,5,-385000.05,-1191999.9,600.0
1766,2268,L0_1024_s512,1024,512,0.15,153.6,76.8,-381544.05,-1193843.1,22528,11776,1024,1024,-381620.85,-1193919.9,-381467.25,-1193766.2999999998,p0003_0005,3,5,-385000.05,-1191999.9,600.0
1767,2269,L0_1024_s512,1024,512,0.15,153.6,76.8,-381544.05,-1193919.9,22528,12288,1024,1024,-381620.85,-1193996.7,-381467.25,-1193843.1,p0003_0005,3,5,-385000.05,-1191999.9,600.0
1768,2270,L0_1024_s512,1024,512,0.15,153.6,76.8,-381544.05,-1193996.7,22528,12800,1024,1024,-381620.85,-1194073.5,-381467.25,-1193919.9,p0003_0005,3,5,-385000.05,-1191999.9,600.0
1769,2296,L0_1024_s512,1024,512,0.15,153.6,76.8,-381467.25,-1192076.7,23039,0,1024,1024,-381544.2,-1192153.5,-381390.6,-1191999.9,p0000_0005,0,5,-385000.05,-1191999.9,600.0
1770,2297,L0_1024_s512,1024,512,0.15,153.6,76.8,-381467.25,-1192153.5,23039,512,1024,1024,-381544.2,-1192230.2999999998,-381390.6,-1192076.7,p0000_0005,0,5,-385000.05,-1191999.9,600.0
1771,2298,L0_1024_s512,1024,512,0.15,153.6,76.8,-381467.25,-1192230.3,23039,1024,1024,1024,-381544.2,-1192307.1,-381390.6,-1192153.5,p0000_0005,0,5,-385000.05,-1191999.9,600.0
1772,2299,L0_1024_s512,1024,512,0.15,153.6,76.8,-381467.25,-1192307.1,23039,1536,1024,1024,-381544.2,-1192383.9,-381390.6,-1192230.2999999998,p0000_0005,0,5,-385000.05,-1191999.9,600.0
1773,2300,L0_1024_s512,1024,512,0.15,153.6,76.8,-381467.25,-1192383.9,23039,2048,1024,1024,-381544.2,-1192460.7,-381390.6,-1192307.1,p0000_0005,0,5,-385000.05,-1191999.9,600.0
1774,2301,L0_1024_s512,1024,512,0.15,153.6,76.8,-381467.25,-1192460.7,23039,2560,1024,1024,-381544.2,-1192537.5,-381390.6,-1192383.9,p0000_0005,0,5,-385000.05,-1191999.9,600.0
1775,2302,L0_1024_s512,1024,512,0.15,153.6,76.8,-381467.25,-1192537.5,23039,3072,1024,1024,-381544.2,-1192614.2999999998,-381390.6,-1192460.7,p0000_0005,0,5,-385000.05,-1191999.9,600.0
1776,2303,L0_1024_s512,1024,512,0.15,153.6,76.8,-381467.25,-1192614.3,23039,3584,1024,1024,-381544.2,-1192691.1,-381390.6,-1192537.5,p0001_0005,1,5,-385000.05,-1191999.9,600.0
1777,2304,L0_1024_s512,1024,512,0.15,153.6,76.8,-381467.25,-1192691.1,23039,4096,1024,1024,-381544.2,-1192767.9,-381390.6,-1192614.2999999998,p0001_0005,1,5,-385000.05,-1191999.9,600.0
1778,2305,L0_1024_s512,1024,512,0.15,153.6,76.8,-381467.25,-1192767.9,23039,4608,1024,1024,-381544.2,-1192844.7,-381390.6,-1192691.1,p0001_0005,1,5,-385000.05,-1191999.9,600.0
1779,2306,L0_1024_s512,1024,512,0.15,153.6,76.8,-381467.25,-1192844.7,23039,5120,1024,1024,-381544.2,-1192921.5,-381390.6,-1192767.9,p0001_0005,1,5,-385000.05,-1191999.9,600.0
1780,2307,L0_1024_s512,1024,512,0.15,153.6,76.8,-381467.25,-1192921.5,23039,5632,1024,1024,-381544.2,-1192998.2999999998,-381390.6,-1192844.7,p0001_0005,1,5,-385000.05,-1191999.9,600.0
1781,2308,L0_1024_s512,1024,512,0.15,153.6,76.8,-381467.25,-1192998.3,23039,6144,1024,1024,-381544.2,-1193075.1,-381390.6,-1192921.5,p0001_0005,1,5,-385000.05,-1191999.9,600.0
1782,2309,L0_1024_s512,1024,512,0.15,153.6,76.8,-381467.25,-1193075.1,23039,6656,1024,1024,-381544.2,-1193151.9,-381390.6,-1192998.2999999998,p0001_0005,1,5,-385000.05,-1191999.9,600.0
1783,2310,L0_1024_s512,1024,512,0.15,153.6,76.8,-381467.25,-1193151.9,23039,7168,1024,1024,-381544.2,-1193228.7,-381390.6,-1193075.1,p0001_0005,1,5,-385000.05,-1191999.9,600.0
1784,2311,L0_1024_s512,1024,512,0.15,153.6,76.8,-381467.25,-1193228.7,23039,7680,1024,1024,-381544.2,-1193305.5,-381390.6,-1193151.9,p0002_0005,2,5,-385000.05,-1191999.9,600.0
1785,2312,L0_1024_s512,1024,512,0.15,153.6,76.8,-381467.25,-1193305.5,23039,8192,1024,1024,-381544.2,-1193382.2999999998,-381390.6,-1193228.7,p0002_0005,2,5,-385000.05,-1191999.9,600.0
1786,2313,L0_1024_s512,1024,512,0.15,153.6,76.8,-381467.25,-1193382.3,23039,8704,1024,1024,-381544.2,-1193459.1,-381390.6,-1193305.5,p0002_0005,2,5,-385000.05,-1191999.9,600.0
1787,2314,L0_1024_s512,1024,512,0.15,153.6,76.8,-381467.25,-1193459.1,23039,9216,1024,1024,-381544.2,-1193535.9,-381390.6,-1193382.2999999998,p0002_0005,2,5,-385000.05,-1191999.9,600.0
1788,2315,L0_1024_s512,1024,512,0.15,153.6,76.8,-381467.25,-1193535.9,23039,9728,1024,1024,-381544.2,-1193612.7,-381390.6,-1193459.1,p0002_0005,2,5,-385000.05,-1191999.9,600.0
1789,2316,L0_1024_s512,1024,512,0.15,153.6,76.8,-381467.25,-1193612.7,23039,10240,1024,1024,-381544.2,-1193689.5,-381390.6,-1193535.9,p0002_0005,2,5,-385000.05,-1191999.9,600.0
1790,2317,L0_1024_s512,1024,512,0.15,153.6,76.8,-381467.25,-1193689.5,23039,10752,1024,1024,-381544.2,-1193766.2999999998,-381390.6,-1193612.7,p0002_0005,2,5,-385000.05,-1191999.9,600.0
1791,2318,L0_1024_s512,1024,512,0.15,153.6,76.8,-381467.25,-1193766.3,23039,11264,1024,1024,-381544.2,-1193843.1,-381390.6,-1193689.5,p0002_0005,2,5,-385000.05,-1191999.9,600.0
1792,2319,L0_1024_s512,1024,512,0.15,153.6,76.8,-381467.25,-1193843.1,23039,11776,1024,1024,-381544.2,-1193919.9,-381390.6,-1193766.2999999998,p0003_0005,3,5,-385000.05,-1191999.9,600.0
1793,2320,L0_1024_s512,1024,512,0.15,153.6,76.8,-381467.25,-1193919.9,23039,12288,1024,1024,-381544.2,-1193996.7,-381390.6,-1193843.1,p0003_0005,3,5,-385000.05,-1191999.9,600.0
1794,2321,L0_1024_s512,1024,512,0.15,153.6,76.8,-381467.25,-1193996.7,23039,12800,1024,1024,-381544.2,-1194073.5,-381390.6,-1193919.9,p0003_0005,3,5,-385000.05,-1191999.9,600.0
1795,2347,L0_1024_s512,1024,512,0.15,153.6,76.8,-381390.45,-1192076.7,23551,0,1024,1024,-381467.4,-1192153.5,-381313.8,-1191999.9,p0000_0006,0,6,-385000.05,-1191999.9,600.0
1796,2348,L0_1024_s512,1024,512,0.15,153.6,76.8,-381390.45,-1192153.5,23551,512,1024,1024,-381467.4,-1192230.2999999998,-381313.8,-1192076.7,p0000_0006,0,6,-385000.05,-1191999.9,600.0
1797,2349,L0_1024_s512,1024,512,0.15,153.6,76.8,-381390.45,-1192230.3,23551,1024,1024,1024,-381467.4,-1192307.1,-381313.8,-1192153.5,p0000_0006,0,6,-385000.05,-1191999.9,600.0
1798,2350,L0_1024_s512,1024,512,0.15,153.6,76.8,-381390.45,-1192307.1,23551,1536,1024,1024,-381467.4,-1192383.9,-381313.8,-1192230.2999999998,p0000_0006,0,6,-385000.05,-1191999.9,600.0
1799,2351,L0_1024_s512,1024,512,0.15,153.6,76.8,-381390.45,-1192383.9,23551,2048,1024,1024,-381467.4,-1192460.7,-381313.8,-1192307.1,p0000_0006,0,6,-385000.05,-1191999.9,600.0
1800,2352,L0_1024_s512,1024,512,0.15,153.6,76.8,-381390.45,-1192460.7,23551,2560,1024,1024,-381467.4,-1192537.5,-381313.8,-1192383.9,p0000_0006,0,6,-385000.05,-1191999.9,600.0
1801,2353,L0_1024_s512,1024,512,0.15,153.6,76.8,-381390.45,-1192537.5,23551,3072,1024,1024,-381467.4,-1192614.2999999998,-381313.8,-1192460.7,p0000_0006,0,6,-385000.05,-1191999.9,600.0
1802,2354,L0_1024_s512,1024,512,0.15,153.6,76.8,-381390.45,-1192614.3,23551,3584,1024,1024,-381467.4,-1192691.1,-381313.8,-1192537.5,p0001_0006,1,6,-385000.05,-1191999.9,600.0
1803,2355,L0_1024_s512,1024,512,0.15,153.6,76.8,-381390.45,-1192691.1,23551,4096,1024,1024,-381467.4,-1192767.9,-381313.8,-1192614.2999999998,p0001_0006,1,6,-385000.05,-1191999.9,600.0
1804,2356,L0_1024_s512,1024,512,0.15,153.6,76.8,-381390.45,-1192767.9,23551,4608,1024,1024,-381467.4,-1192844.7,-381313.8,-1192691.1,p0001_0006,1,6,-385000.05,-1191999.9,600.0
1805,2357,L0_1024_s512,1024,512,0.15,153.6,76.8,-381390.45,-1192844.7,23551,5120,1024,1024,-381467.4,-1192921.5,-381313.8,-1192767.9,p0001_0006,1,6,-385000.05,-1191999.9,600.0
1806,2358,L0_1024_s512,1024,512,0.15,153.6,76.8,-381390.45,-1192921.5,23551,5632,1024,1024,-381467.4,-1192998.2999999998,-381313.8,-1192844.7,p0001_0006,1,6,-385000.05,-1191999.9,600.0
1807,2359,L0_1024_s512,1024,512,0.15,153.6,76.8,-381390.45,-1192998.3,23551,6144,1024,1024,-381467.4,-1193075.1,-381313.8,-1192921.5,p0001_0006,1,6,-385000.05,-1191999.9,600.0
1808,2360,L0_1024_s512,1024,512,0.15,153.6,76.8,-381390.45,-1193075.1,23551,6656,1024,1024,-381467.4,-1193151.9,-381313.8,-1192998.2999999998,p0001_0006,1,6,-385000.05,-1191999.9,600.0
1809,2361,L0_1024_s512,1024,512,0.15,153.6,76.8,-381390.45,-1193151.9,23551,7168,1024,1024,-381467.4,-1193228.7,-381313.8,-1193075.1,p0001_0006,1,6,-385000.05,-1191999.9,600.0
1810,2362,L0_1024_s512,1024,512,0.15,153.6,76.8,-381390.45,-1193228.7,23551,7680,1024,1024,-381467.4,-1193305.5,-381313.8,-1193151.9,p0002_0006,2,6,-385000.05,-1191999.9,600.0
1811,2363,L0_1024_s512,1024,512,0.15,153.6,76.8,-381390.45,-1193305.5,23551,8192,1024,1024,-381467.4,-1193382.2999999998,-381313.8,-1193228.7,p0002_0006,2,6,-385000.05,-1191999.9,600.0
1812,2364,L0_1024_s512,1024,512,0.15,153.6,76.8,-381390.45,-1193382.3,23551,8704,1024,1024,-381467.4,-1193459.1,-381313.8,-1193305.5,p0002_0006,2,6,-385000.05,-1191999.9,600.0
1813,2365,L0_1024_s512,1024,512,0.15,153.6,76.8,-381390.45,-1193459.1,23551,9216,1024,1024,-381467.4,-1193535.9,-381313.8,-1193382.2999999998,p0002_0006,2,6,-385000.05,-1191999.9,600.0
1814,2366,L0_1024_s512,1024,512,0.15,153.6,76.8,-381390.45,-1193535.9,23551,9728,1024,1024,-381467.4,-1193612.7,-381313.8,-1193459.1,p0002_0006,2,6,-385000.05,-1191999.9,600.0
1815,2367,L0_1024_s512,1024,512,0.15,153.6,76.8,-381390.45,-1193612.7,23551,10240,1024,1024,-381467.4,-1193689.5,-381313.8,-1193535.9,p0002_0006,2,6,-385000.05,-1191999.9,600.0
1816,2368,L0_1024_s512,1024,512,0.15,153.6,76.8,-381390.45,-1193689.5,23551,10752,1024,1024,-381467.4,-1193766.2999999998,-381313.8,-1193612.7,p0002_0006,2,6,-385000.05,-1191999.9,600.0
1817,2369,L0_1024_s512,1024,512,0.15,153.6,76.8,-381390.45,-1193766.3,23551,11264,1024,1024,-381467.4,-1193843.1,-381313.8,-1193689.5,p0002_0006,2,6,-385000.05,-1191999.9,600.0
1818,2370,L0_1024_s512,1024,512,0.15,153.6,76.8,-381390.45,-1193843.1,23551,11776,1024,1024,-381467.4,-1193919.9,-381313.8,-1193766.2999999998,p0003_0006,3,6,-385000.05,-1191999.9,600.0
1819,2371,L0_1024_s512,1024,512,0.15,153.6,76.8,-381390.45,-1193919.9,23551,12288,1024,1024,-381467.4,-1193996.7,-381313.8,-1193843.1,p0003_0006,3,6,-385000.05,-1191999.9,600.0
1820,2372,L0_1024_s512,1024,512,0.15,153.6,76.8,-381390.45,-1193996.7,23551,12800,1024,1024,-381467.4,-1194073.5,-381313.8,-1193919.9,p0003_0006,3,6,-385000.05,-1191999.9,600.0
1821,2398,L0_1024_s512,1024,512,0.15,153.6,76.8,-381313.65,-1192076.7,24063,0,1024,1024,-381390.6,-1192153.5,-381237.0,-1191999.9,p0000_0006,0,6,-385000.05,-1191999.9,600.0
1822,2399,L0_1024_s512,1024,512,0.15,153.6,76.8,-381313.65,-1192153.5,24063,512,1024,1024,-381390.6,-1192230.2999999998,-381237.0,-1192076.7,p0000_0006,0,6,-385000.05,-1191999.9,600.0
1823,2400,L0_1024_s512,1024,512,0.15,153.6,76.8,-381313.65,-1192230.3,24063,1024,1024,1024,-381390.6,-1192307.1,-381237.0,-1192153.5,p0000_0006,0,6,-385000.05,-1191999.9,600.0
1824,2401,L0_1024_s512,1024,512,0.15,153.6,76.8,-381313.65,-1192307.1,24063,1536,1024,1024,-381390.6,-1192383.9,-381237.0,-1192230.2999999998,p0000_0006,0,6,-385000.05,-1191999.9,600.0
1825,2402,L0_1024_s512,1024,512,0.15,153.6,76.8,-381313.65,-1192383.9,24063,2048,1024,1024,-381390.6,-1192460.7,-381237.0,-1192307.1,p0000_0006,0,6,-385000.05,-1191999.9,600.0
1826,2403,L0_1024_s512,1024,512,0.15,153.6,76.8,-381313.65,-1192460.7,24063,2560,1024,1024,-381390.6,-1192537.5,-381237.0,-1192383.9,p0000_0006,0,6,-385000.05,-1191999.9,600.0
1827,2404,L0_1024_s512,1024,512,0.15,153.6,76.8,-381313.65,-1192537.5,24063,3072,1024,1024,-381390.6,-1192614.2999999998,-381237.0,-1192460.7,p0000_0006,0,6,-385000.05,-1191999.9,600.0
1828,2405,L0_1024_s512,1024,512,0.15,153.6,76.8,-381313.65,-1192614.3,24063,3584,1024,1024,-381390.6,-1192691.1,-381237.0,-1192537.5,p0001_0006,1,6,-385000.05,-1191999.9,600.0
1829,2406,L0_1024_s512,1024,512,0.15,153.6,76.8,-381313.65,-1192691.1,24063,4096,1024,1024,-381390.6,-1192767.9,-381237.0,-1192614.2999999998,p0001_0006,1,6,-385000.05,-1191999.9,600.0
1830,2407,L0_1024_s512,1024,512,0.15,153.6,76.8,-381313.65,-1192767.9,24063,4608,1024,1024,-381390.6,-1192844.7,-381237.0,-1192691.1,p0001_0006,1,6,-385000.05,-1191999.9,600.0
1831,2408,L0_1024_s512,1024,512,0.15,153.6,76.8,-381313.65,-1192844.7,24063,5120,1024,1024,-381390.6,-1192921.5,-381237.0,-1192767.9,p0001_0006,1,6,-385000.05,-1191999.9,600.0
1832,2409,L0_1024_s512,1024,512,0.15,153.6,76.8,-381313.65,-1192921.5,24063,5632,1024,1024,-381390.6,-1192998.2999999998,-381237.0,-1192844.7,p0001_0006,1,6,-385000.05,-1191999.9,600.0
1833,2410,L0_1024_s512,1024,512,0.15,153.6,76.8,-381313.65,-1192998.3,24063,6144,1024,1024,-381390.6,-1193075.1,-381237.0,-1192921.5,p0001_0006,1,6,-385000.05,-1191999.9,600.0
1834,2411,L0_1024_s512,1024,512,0.15,153.6,76.8,-381313.65,-1193075.1,24063,6656,1024,1024,-381390.6,-1193151.9,-381237.0,-1192998.2999999998,p0001_0006,1,6,-385000.05,-1191999.9,600.0
1835,2412,L0_1024_s512,1024,512,0.15,153.6,76.8,-381313.65,-1193151.9,24063,7168,1024,1024,-381390.6,-1193228.7,-381237.0,-1193075.1,p0001_0006,1,6,-385000.05,-1191999.9,600.0
1836,2413,L0_1024_s512,1024,512,0.15,153.6,76.8,-381313.65,-1193228.7,24063,7680,1024,1024,-381390.6,-1193305.5,-381237.0,-1193151.9,p0002_0006,2,6,-385000.05,-1191999.9,600.0
1837,2414,L0_1024_s512,1024,512,0.15,153.6,76.8,-381313.65,-1193305.5,24063,8192,1024,1024,-381390.6,-1193382.2999999998,-381237.0,-1193228.7,p0002_0006,2,6,-385000.05,-1191999.9,600.0
1838,2415,L0_1024_s512,1024,512,0.15,153.6,76.8,-381313.65,-1193382.3,24063,8704,1024,1024,-381390.6,-1193459.1,-381237.0,-1193305.5,p0002_0006,2,6,-385000.05,-1191999.9,600.0
1839,2416,L0_1024_s512,1024,512,0.15,153.6,76.8,-381313.65,-1193459.1,24063,9216,1024,1024,-381390.6,-1193535.9,-381237.0,-1193382.2999999998,p0002_0006,2,6,-385000.05,-1191999.9,600.0
1840,2417,L0_1024_s512,1024,512,0.15,153.6,76.8,-381313.65,-1193535.9,24063,9728,1024,1024,-381390.6,-1193612.7,-381237.0,-1193459.1,p0002_0006,2,6,-385000.05,-1191999.9,600.0
1841,2418,L0_1024_s512,1024,512,0.15,153.6,76.8,-381313.65,-1193612.7,24063,10240,1024,1024,-381390.6,-1193689.5,-381237.0,-1193535.9,p0002_0006,2,6,-385000.05,-1191999.9,600.0
1842,2419,L0_1024_s512,1024,512,0.15,153.6,76.8,-381313.65,-1193689.5,24063,10752,1024,1024,-381390.6,-1193766.2999999998,-381237.0,-1193612.7,p0002_0006,2,6,-385000.05,-1191999.9,600.0
1843,2420,L0_1024_s512,1024,512,0.15,153.6,76.8,-381313.65,-1193766.3,24063,11264,1024,1024,-381390.6,-1193843.1,-381237.0,-1193689.5,p0002_0006,2,6,-385000.05,-1191999.9,600.0
1844,2421,L0_1024_s512,1024,512,0.15,153.6,76.8,-381313.65,-1193843.1,24063,11776,1024,1024,-381390.6,-1193919.9,-381237.0,-1193766.2999999998,p0003_0006,3,6,-385000.05,-1191999.9,600.0
1845,2422,L0_1024_s512,1024,512,0.15,153.6,76.8,-381313.65,-1193919.9,24063,12288,1024,1024,-381390.6,-1193996.7,-381237.0,-1193843.1,p0003_0006,3,6,-385000.05,-1191999.9,600.0
1846,2423,L0_1024_s512,1024,512,0.15,153.6,76.8,-381313.65,-1193996.7,24063,12800,1024,1024,-381390.6,-1194073.5,-381237.0,-1193919.9,p0003_0006,3,6,-385000.05,-1191999.9,600.0
1847,2474,L0_1024_s512,1024,512,0.15,153.6,76.8,-381236.85,-1193996.7,24576,12800,1024,1024,-381313.65,-1194073.5,-381160.05,-1193919.9,p0003_0006,3,6,-385000.05,-1191999.9,600.0
1848,2473,L0_1024_s512,1024,512,0.15,153.6,76.8,-381236.85,-1193919.9,24576,12288,1024,1024,-381313.65,-1193996.7,-381160.05,-1193843.1,p0003_0006,3,6,-385000.05,-1191999.9,600.0
1849,2472,L0_1024_s512,1024,512,0.15,153.6,76.8,-381236.85,-1193843.1,24576,11776,1024,1024,-381313.65,-1193919.9,-381160.05,-1193766.2999999998,p0003_0006,3,6,-385000.05,-1191999.9,600.0
1850,2471,L0_1024_s512,1024,512,0.15,153.6,76.8,-381236.85,-1193766.3,24576,11264,1024,1024,-381313.65,-1193843.1,-381160.05,-1193689.5,p0002_0006,2,6,-385000.05,-1191999.9,600.0
1851,2470,L0_1024_s512,1024,512,0.15,153.6,76.8,-381236.85,-1193689.5,24576,10752,1024,1024,-381313.65,-1193766.2999999998,-381160.05,-1193612.7,p0002_0006,2,6,-385000.05,-1191999.9,600.0
1852,2469,L0_1024_s512,1024,512,0.15,153.6,76.8,-381236.85,-1193612.7,24576,10240,1024,1024,-381313.65,-1193689.5,-381160.05,-1193535.9,p0002_0006,2,6,-385000.05,-1191999.9,600.0
1853,2468,L0_1024_s512,1024,512,0.15,153.6,76.8,-381236.85,-1193535.9,24576,9728,1024,1024,-381313.65,-1193612.7,-381160.05,-1193459.1,p0002_0006,2,6,-385000.05,-1191999.9,600.0
1854,2467,L0_1024_s512,1024,512,0.15,153.6,76.8,-381236.85,-1193459.1,24576,9216,1024,1024,-381313.65,-1193535.9,-381160.05,-1193382.2999999998,p0002_0006,2,6,-385000.05,-1191999.9,600.0
1855,2466,L0_1024_s512,1024,512,0.15,153.6,76.8,-381236.85,-1193382.3,24576,8704,1024,1024,-381313.65,-1193459.1,-381160.05,-1193305.5,p0002_0006,2,6,-385000.05,-1191999.9,600.0
1856,2465,L0_1024_s512,1024,512,0.15,153.6,76.8,-381236.85,-1193305.5,24576,8192,1024,1024,-381313.65,-1193382.2999999998,-381160.05,-1193228.7,p0002_0006,2,6,-385000.05,-1191999.9,600.0
1857,2570,L0_1024_s512,1024,512,0.15,153.6,76.8,-381083.25,-1193535.9,25599,9728,1024,1024,-381160.2,-1193612.7,-381006.6,-1193459.1,p0002_0006,2,6,-385000.05,-1191999.9,600.0
1858,2569,L0_1024_s512,1024,512,0.15,153.6,76.8,-381083.25,-1193459.1,25599,9216,1024,1024,-381160.2,-1193535.9,-381006.6,-1193382.2999999998,p0002_0006,2,6,-385000.05,-1191999.9,600.0
1859,2568,L0_1024_s512,1024,512,0.15,153.6,76.8,-381083.25,-1193382.3,25599,8704,1024,1024,-381160.2,-1193459.1,-381006.6,-1193305.5,p0002_0006,2,6,-385000.05,-1191999.9,600.0
1860,2567,L0_1024_s512,1024,512,0.15,153.6,76.8,-381083.25,-1193305.5,25599,8192,1024,1024,-381160.2,-1193382.2999999998,-381006.6,-1193228.7,p0002_0006,2,6,-385000.05,-1191999.9,600.0
1861,2464,L0_1024_s512,1024,512,0.15,153.6,76.8,-381236.85,-1193228.7,24576,7680,1024,1024,-381313.65,-1193305.5,-381160.05,-1193151.9,p0002_0006,2,6,-385000.05,-1191999.9,600.0
1862,2515,L0_1024_s512,1024,512,0.15,153.6,76.8,-381160.05,-1193228.7,25088,7680,1024,1024,-381236.85,-1193305.5,-381083.25,-1193151.9,p0002_0006,2,6,-385000.05,-1191999.9,600.0
1863,2566,L0_1024_s512,1024,512,0.15,153.6,76.8,-381083.25,-1193228.7,25599,7680,1024,1024,-381160.2,-1193305.5,-381006.6,-1193151.9,p0002_0006,2,6,-385000.05,-1191999.9,600.0
1864,2463,L0_1024_s512,1024,512,0.15,153.6,76.8,-381236.85,-1193151.9,24576,7168,1024,1024,-381313.65,-1193228.7,-381160.05,-1193075.1,p0001_0006,1,6,-385000.05,-1191999.9,600.0
1865,2514,L0_1024_s512,1024,512,0.15,153.6,76.8,-381160.05,-1193151.9,25088,7168,1024,1024,-381236.85,-1193228.7,-381083.25,-1193075.1,p0001_0006,1,6,-385000.05,-1191999.9,600.0
1866,2565,L0_1024_s512,1024,512,0.15,153.6,76.8,-381083.25,-1193151.9,25599,7168,1024,1024,-381160.2,-1193228.7,-381006.6,-1193075.1,p0001_0006,1,6,-385000.05,-1191999.9,600.0
1867,2462,L0_1024_s512,1024,512,0.15,153.6,76.8,-381236.85,-1193075.1,24576,6656,1024,1024,-381313.65,-1193151.9,-381160.05,-1192998.2999999998,p0001_0006,1,6,-385000.05,-1191999.9,600.0
1868,2513,L0_1024_s512,1024,512,0.15,153.6,76.8,-381160.05,-1193075.1,25088,6656,1024,1024,-381236.85,-1193151.9,-381083.25,-1192998.2999999998,p0001_0006,1,6,-385000.05,-1191999.9,600.0
1869,2564,L0_1024_s512,1024,512,0.15,153.6,76.8,-381083.25,-1193075.1,25599,6656,1024,1024,-381160.2,-1193151.9,-381006.6,-1192998.2999999998,p0001_0006,1,6,-385000.05,-1191999.9,600.0
1870,2512,L0_1024_s512,1024,512,0.15,153.6,76.8,-381160.05,-1192998.3,25088,6144,1024,1024,-381236.85,-1193075.1,-381083.25,-1192921.5,p0001_0006,1,6,-385000.05,-1191999.9,600.0
1871,2461,L0_1024_s512,1024,512,0.15,153.6,76.8,-381236.85,-1192998.3,24576,6144,1024,1024,-381313.65,-1193075.1,-381160.05,-1192921.5,p0001_0006,1,6,-385000.05,-1191999.9,600.0
1872,2563,L0_1024_s512,1024,512,0.15,153.6,76.8,-381083.25,-1192998.3,25599,6144,1024,1024,-381160.2,-1193075.1,-381006.6,-1192921.5,p0001_0006,1,6,-385000.05,-1191999.9,600.0
1873,2460,L0_1024_s512,1024,512,0.15,153.6,76.8,-381236.85,-1192921.5,24576,5632,1024,1024,-381313.65,-1192998.2999999998,-381160.05,-1192844.7,p0001_0006,1,6,-385000.05,-1191999.9,600.0
1874,2511,L0_1024_s512,1024,512,0.15,153.6,76.8,-381160.05,-1192921.5,25088,5632,1024,1024,-381236.85,-1192998.2999999998,-381083.25,-1192844.7,p0001_0006,1,6,-385000.05,-1191999.9,600.0
1875,2562,L0_1024_s512,1024,512,0.15,153.6,76.8,-381083.25,-1192921.5,25599,5632,1024,1024,-381160.2,-1192998.2999999998,-381006.6,-1192844.7,p0001_0006,1,6,-385000.05,-1191999.9,600.0
1876,2571,L0_1024_s512,1024,512,0.15,153.6,76.8,-381083.25,-1193612.7,25599,10240,1024,1024,-381160.2,-1193689.5,-381006.6,-1193535.9,p0002_0006,2,6,-385000.05,-1191999.9,600.0
1877,2572,L0_1024_s512,1024,512,0.15,153.6,76.8,-381083.25,-1193689.5,25599,10752,1024,1024,-381160.2,-1193766.2999999998,-381006.6,-1193612.7,p0002_0006,2,6,-385000.05,-1191999.9,600.0
1878,2573,L0_1024_s512,1024,512,0.15,153.6,76.8,-381083.25,-1193766.3,25599,11264,1024,1024,-381160.2,-1193843.1,-381006.6,-1193689.5,p0002_0006,2,6,-385000.05,-1191999.9,600.0
1879,2574,L0_1024_s512,1024,512,0.15,153.6,76.8,-381083.25,-1193843.1,25599,11776,1024,1024,-381160.2,-1193919.9,-381006.6,-1193766.2999999998,p0003_0006,3,6,-385000.05,-1191999.9,600.0
1880,2575,L0_1024_s512,1024,512,0.15,153.6,76.8,-381083.25,-1193919.9,25599,12288,1024,1024,-381160.2,-1193996.7,-381006.6,-1193843.1,p0003_0006,3,6,-385000.05,-1191999.9,600.0
1881,2576,L0_1024_s512,1024,512,0.15,153.6,76.8,-381083.25,-1193996.7,25599,12800,1024,1024,-381160.2,-1194073.5,-381006.6,-1193919.9,p0003_0006,3,6,-385000.05,-1191999.9,600.0
1882,2459,L0_1024_s512,1024,512,0.15,153.6,76.8,-381236.85,-1192844.7,24576,5120,1024,1024,-381313.65,-1192921.5,-381160.05,-1192767.9,p0001_0006,1,6,-385000.05,-1191999.9,600.0
1883,2458,L0_1024_s512,1024,512,0.15,153.6,76.8,-381236.85,-1192767.9,24576,4608,1024,1024,-381313.65,-1192844.7,-381160.05,-1192691.1,p0001_0006,1,6,-385000.05,-1191999.9,600.0
1884,2457,L0_1024_s512,1024,512,0.15,153.6,76.8,-381236.85,-1192691.1,24576,4096,1024,1024,-381313.65,-1192767.9,-381160.05,-1192614.2999999998,p0001_0006,1,6,-385000.05,-1191999.9,600.0
1885,2456,L0_1024_s512,1024,512,0.15,153.6,76.8,-381236.85,-1192614.3,24576,3584,1024,1024,-381313.65,-1192691.1,-381160.05,-1192537.5,p0001_0006,1,6,-385000.05,-1191999.9,600.0
1886,2508,L0_1024_s512,1024,512,0.15,153.6,76.8,-381160.05,-1192691.1,25088,4096,1024,1024,-381236.85,-1192767.9,-381083.25,-1192614.2999999998,p0001_0006,1,6,-385000.05,-1191999.9,600.0
1887,2510,L0_1024_s512,1024,512,0.15,153.6,76.8,-381160.05,-1192844.7,25088,5120,1024,1024,-381236.85,-1192921.5,-381083.25,-1192767.9,p0001_0006,1,6,-385000.05,-1191999.9,600.0
1888,2509,L0_1024_s512,1024,512,0.15,153.6,76.8,-381160.05,-1192767.9,25088,4608,1024,1024,-381236.85,-1192844.7,-381083.25,-1192691.1,p0001_0006,1,6,-385000.05,-1191999.9,600.0
1889,2507,L0_1024_s512,1024,512,0.15,153.6,76.8,-381160.05,-1192614.3,25088,3584,1024,1024,-381236.85,-1192691.1,-381083.25,-1192537.5,p0001_0006,1,6,-385000.05,-1191999.9,600.0
1890,2561,L0_1024_s512,1024,512,0.15,153.6,76.8,-381083.25,-1192844.7,25599,5120,1024,1024,-381160.2,-1192921.5,-381006.6,-1192767.9,p0001_0006,1,6,-385000.05,-1191999.9,600.0
1891,2560,L0_1024_s512,1024,512,0.15,153.6,76.8,-381083.25,-1192767.9,25599,4608,1024,1024,-381160.2,-1192844.7,-381006.6,-1192691.1,p0001_0006,1,6,-385000.05,-1191999.9,600.0
1892,2559,L0_1024_s512,1024,512,0.15,153.6,76.8,-381083.25,-1192691.1,25599,4096,1024,1024,-381160.2,-1192767.9,-381006.6,-1192614.2999999998,p0001_0006,1,6,-385000.05,-1191999.9,600.0
1893,2558,L0_1024_s512,1024,512,0.15,153.6,76.8,-381083.25,-1192614.3,25599,3584,1024,1024,-381160.2,-1192691.1,-381006.6,-1192537.5,p0001_0006,1,6,-385000.05,-1191999.9,600.0
1894,2612,L0_1024_s512,1024,512,0.15,153.6,76.8,-381006.45,-1192844.7,26111,5120,1024,1024,-381083.4,-1192921.5,-380929.8,-1192767.9,p0001_0006,1,6,-385000.05,-1191999.9,600.0
1895,2611,L0_1024_s512,1024,512,0.15,153.6,76.8,-381006.45,-1192767.9,26111,4608,1024,1024,-381083.4,-1192844.7,-380929.8,-1192691.1,p0001_0006,1,6,-385000.05,-1191999.9,600.0
1896,2610,L0_1024_s512,1024,512,0.15,153.6,76.8,-381006.45,-1192691.1,26111,4096,1024,1024,-381083.4,-1192767.9,-380929.8,-1192614.2999999998,p0001_0006,1,6,-385000.05,-1191999.9,600.0
1897,2613,L0_1024_s512,1024,512,0.15,153.6,76.8,-381006.45,-1192921.5,26111,5632,1024,1024,-381083.4,-1192998.2999999998,-380929.8,-1192844.7,p0001_0006,1,6,-385000.05,-1191999.9,600.0
1898,2609,L0_1024_s512,1024,512,0.15,153.6,76.8,-381006.45,-1192614.3,26111,3584,1024,1024,-381083.4,-1192691.1,-380929.8,-1192537.5,p0001_0006,1,6,-385000.05,-1191999.9,600.0
1899,2455,L0_1024_s512,1024,512,0.15,153.6,76.8,-381236.85,-1192537.5,24576,3072,1024,1024,-381313.65,-1192614.2999999998,-381160.05,-1192460.7,p0000_0006,0,6,-385000.05,-1191999.9,600.0
1900,2454,L0_1024_s512,1024,512,0.15,153.6,76.8,-381236.85,-1192460.7,24576,2560,1024,1024,-381313.65,-1192537.5,-381160.05,-1192383.9,p0000_0006,0,6,-385000.05,-1191999.9,600.0
1901,2453,L0_1024_s512,1024,512,0.15,153.6,76.8,-381236.85,-1192383.9,24576,2048,1024,1024,-381313.65,-1192460.7,-381160.05,-1192307.1,p0000_0006,0,6,-385000.05,-1191999.9,600.0
1902,2506,L0_1024_s512,1024,512,0.15,153.6,76.8,-381160.05,-1192537.5,25088,3072,1024,1024,-381236.85,-1192614.2999999998,-381083.25,-1192460.7,p0000_0006,0,6,-385000.05,-1191999.9,600.0
1903,2505,L0_1024_s512,1024,512,0.15,153.6,76.8,-381160.05,-1192460.7,25088,2560,1024,1024,-381236.85,-1192537.5,-381083.25,-1192383.9,p0000_0006,0,6,-385000.05,-1191999.9,600.0
1904,2504,L0_1024_s512,1024,512,0.15,153.6,76.8,-381160.05,-1192383.9,25088,2048,1024,1024,-381236.85,-1192460.7,-381083.25,-1192307.1,p0000_0006,0,6,-385000.05,-1191999.9,600.0
1905,2557,L0_1024_s512,1024,512,0.15,153.6,76.8,-381083.25,-1192537.5,25599,3072,1024,1024,-381160.2,-1192614.2999999998,-381006.6,-1192460.7,p0000_0006,0,6,-385000.05,-1191999.9,600.0
1906,2556,L0_1024_s512,1024,512,0.15,153.6,76.8,-381083.25,-1192460.7,25599,2560,1024,1024,-381160.2,-1192537.5,-381006.6,-1192383.9,p0000_0006,0,6,-385000.05,-1191999.9,600.0
1907,2555,L0_1024_s512,1024,512,0.15,153.6,76.8,-381083.25,-1192383.9,25599,2048,1024,1024,-381160.2,-1192460.7,-381006.6,-1192307.1,p0000_0006,0,6,-385000.05,-1191999.9,600.0
1908,2606,L0_1024_s512,1024,512,0.15,153.6,76.8,-381006.45,-1192383.9,26111,2048,1024,1024,-381083.4,-1192460.7,-380929.8,-1192307.1,p0000_0006,0,6,-385000.05,-1191999.9,600.0
1909,2608,L0_1024_s512,1024,512,0.15,153.6,76.8,-381006.45,-1192537.5,26111,3072,1024,1024,-381083.4,-1192614.2999999998,-380929.8,-1192460.7,p0000_0006,0,6,-385000.05,-1191999.9,600.0
1910,2607,L0_1024_s512,1024,512,0.15,153.6,76.8,-381006.45,-1192460.7,26111,2560,1024,1024,-381083.4,-1192537.5,-380929.8,-1192383.9,p0000_0006,0,6,-385000.05,-1191999.9,600.0
1911,2659,L0_1024_s512,1024,512,0.15,153.6,76.8,-380929.65,-1192537.5,26623,3072,1024,1024,-381006.6,-1192614.2999999998,-380853.0,-1192460.7,p0000_0006,0,6,-385000.05,-1191999.9,600.0
1912,2658,L0_1024_s512,1024,512,0.15,153.6,76.8,-380929.65,-1192460.7,26623,2560,1024,1024,-381006.6,-1192537.5,-380853.0,-1192383.9,p0000_0006,0,6,-385000.05,-1191999.9,600.0
1913,2657,L0_1024_s512,1024,512,0.15,153.6,76.8,-380929.65,-1192383.9,26623,2048,1024,1024,-381006.6,-1192460.7,-380853.0,-1192307.1,p0000_0006,0,6,-385000.05,-1191999.9,600.0
1914,2452,L0_1024_s512,1024,512,0.15,153.6,76.8,-381236.85,-1192307.1,24576,1536,1024,1024,-381313.65,-1192383.9,-381160.05,-1192230.2999999998,p0000_0006,0,6,-385000.05,-1191999.9,600.0
1915,2451,L0_1024_s512,1024,512,0.15,153.6,76.8,-381236.85,-1192230.3,24576,1024,1024,1024,-381313.65,-1192307.1,-381160.05,-1192153.5,p0000_0006,0,6,-385000.05,-1191999.9,600.0
1916,2450,L0_1024_s512,1024,512,0.15,153.6,76.8,-381236.85,-1192153.5,24576,512,1024,1024,-381313.65,-1192230.2999999998,-381160.05,-1192076.7,p0000_0006,0,6,-385000.05,-1191999.9,600.0
1917,2449,L0_1024_s512,1024,512,0.15,153.6,76.8,-381236.85,-1192076.7,24576,0,1024,1024,-381313.65,-1192153.5,-381160.05,-1191999.9,p0000_0006,0,6,-385000.05,-1191999.9,600.0
1918,2503,L0_1024_s512,1024,512,0.15,153.6,76.8,-381160.05,-1192307.1,25088,1536,1024,1024,-381236.85,-1192383.9,-381083.25,-1192230.2999999998,p0000_0006,0,6,-385000.05,-1191999.9,600.0
1919,2502,L0_1024_s512,1024,512,0.15,153.6,76.8,-381160.05,-1192230.3,25088,1024,1024,1024,-381236.85,-1192307.1,-381083.25,-1192153.5,p0000_0006,0,6,-385000.05,-1191999.9,600.0
1920,2501,L0_1024_s512,1024,512,0.15,153.6,76.8,-381160.05,-1192153.5,25088,512,1024,1024,-381236.85,-1192230.2999999998,-381083.25,-1192076.7,p0000_0006,0,6,-385000.05,-1191999.9,600.0
1921,2500,L0_1024_s512,1024,512,0.15,153.6,76.8,-381160.05,-1192076.7,25088,0,1024,1024,-381236.85,-1192153.5,-381083.25,-1191999.9,p0000_0006,0,6,-385000.05,-1191999.9,600.0
1922,2554,L0_1024_s512,1024,512,0.15,153.6,76.8,-381083.25,-1192307.1,25599,1536,1024,1024,-381160.2,-1192383.9,-381006.6,-1192230.2999999998,p0000_0006,0,6,-385000.05,-1191999.9,600.0
1923,2553,L0_1024_s512,1024,512,0.15,153.6,76.8,-381083.25,-1192230.3,25599,1024,1024,1024,-381160.2,-1192307.1,-381006.6,-1192153.5,p0000_0006,0,6,-385000.05,-1191999.9,600.0
1924,2552,L0_1024_s512,1024,512,0.15,153.6,76.8,-381083.25,-1192153.5,25599,512,1024,1024,-381160.2,-1192230.2999999998,-381006.6,-1192076.7,p0000_0006,0,6,-385000.05,-1191999.9,600.0
1925,2551,L0_1024_s512,1024,512,0.15,153.6,76.8,-381083.25,-1192076.7,25599,0,1024,1024,-381160.2,-1192153.5,-381006.6,-1191999.9,p0000_0006,0,6,-385000.05,-1191999.9,600.0
1926,2605,L0_1024_s512,1024,512,0.15,153.6,76.8,-381006.45,-1192307.1,26111,1536,1024,1024,-381083.4,-1192383.9,-380929.8,-1192230.2999999998,p0000_0006,0,6,-385000.05,-1191999.9,600.0
1927,2604,L0_1024_s512,1024,512,0.15,153.6,76.8,-381006.45,-1192230.3,26111,1024,1024,1024,-381083.4,-1192307.1,-380929.8,-1192153.5,p0000_0006,0,6,-385000.05,-1191999.9,600.0
1928,2603,L0_1024_s512,1024,512,0.15,153.6,76.8,-381006.45,-1192153.5,26111,512,1024,1024,-381083.4,-1192230.2999999998,-380929.8,-1192076.7,p0000_0006,0,6,-385000.05,-1191999.9,600.0
1929,2602,L0_1024_s512,1024,512,0.15,153.6,76.8,-381006.45,-1192076.7,26111,0,1024,1024,-381083.4,-1192153.5,-380929.8,-1191999.9,p0000_0006,0,6,-385000.05,-1191999.9,600.0
1930,2656,L0_1024_s512,1024,512,0.15,153.6,76.8,-380929.65,-1192307.1,26623,1536,1024,1024,-381006.6,-1192383.9,-380853.0,-1192230.2999999998,p0000_0006,0,6,-385000.05,-1191999.9,600.0
1931,2655,L0_1024_s512,1024,512,0.15,153.6,76.8,-380929.65,-1192230.3,26623,1024,1024,1024,-381006.6,-1192307.1,-380853.0,-1192153.5,p0000_0006,0,6,-385000.05,-1191999.9,600.0
1932,2654,L0_1024_s512,1024,512,0.15,153.6,76.8,-380929.65,-1192153.5,26623,512,1024,1024,-381006.6,-1192230.2999999998,-380853.0,-1192076.7,p0000_0006,0,6,-385000.05,-1191999.9,600.0
1933,2653,L0_1024_s512,1024,512,0.15,153.6,76.8,-380929.65,-1192076.7,26623,0,1024,1024,-381006.6,-1192153.5,-380853.0,-1191999.9,p0000_0006,0,6,-385000.05,-1191999.9,600.0
1934,2525,L0_1024_s512,1024,512,0.15,153.6,76.8,-381160.05,-1193996.7,25088,12800,1024,1024,-381236.85,-1194073.5,-381083.25,-1193919.9,p0003_0006,3,6,-385000.05,-1191999.9,600.0
1935,2524,L0_1024_s512,1024,512,0.15,153.6,76.8,-381160.05,-1193919.9,25088,12288,1024,1024,-381236.85,-1193996.7,-381083.25,-1193843.1,p0003_0006,3,6,-385000.05,-1191999.9,600.0
1936,2523,L0_1024_s512,1024,512,0.15,153.6,76.8,-381160.05,-1193843.1,25088,11776,1024,1024,-381236.85,-1193919.9,-381083.25,-1193766.2999999998,p0003_0006,3,6,-385000.05,-1191999.9,600.0
1937,2522,L0_1024_s512,1024,512,0.15,153.6,76.8,-381160.05,-1193766.3,25088,11264,1024,1024,-381236.85,-1193843.1,-381083.25,-1193689.5,p0002_0006,2,6,-385000.05,-1191999.9,600.0
1938,2521,L0_1024_s512,1024,512,0.15,153.6,76.8,-381160.05,-1193689.5,25088,10752,1024,1024,-381236.85,-1193766.2999999998,-381083.25,-1193612.7,p0002_0006,2,6,-385000.05,-1191999.9,600.0
1939,2520,L0_1024_s512,1024,512,0.15,153.6,76.8,-381160.05,-1193612.7,25088,10240,1024,1024,-381236.85,-1193689.5,-381083.25,-1193535.9,p0002_0006,2,6,-385000.05,-1191999.9,600.0
1940,2519,L0_1024_s512,1024,512,0.15,153.6,76.8,-381160.05,-1193535.9,25088,9728,1024,1024,-381236.85,-1193612.7,-381083.25,-1193459.1,p0002_0006,2,6,-385000.05,-1191999.9,600.0
1941,2518,L0_1024_s512,1024,512,0.15,153.6,76.8,-381160.05,-1193459.1,25088,9216,1024,1024,-381236.85,-1193535.9,-381083.25,-1193382.2999999998,p0002_0006,2,6,-385000.05,-1191999.9,600.0
1942,2517,L0_1024_s512,1024,512,0.15,153.6,76.8,-381160.05,-1193382.3,25088,8704,1024,1024,-381236.85,-1193459.1,-381083.25,-1193305.5,p0002_0006,2,6,-385000.05,-1191999.9,600.0
1943,2516,L0_1024_s512,1024,512,0.15,153.6,76.8,-381160.05,-1193305.5,25088,8192,1024,1024,-381236.85,-1193382.2999999998,-381083.25,-1193228.7,p0002_0006,2,6,-385000.05,-1191999.9,600.0
1944,2627,L0_1024_s512,1024,512,0.15,153.6,76.8,-381006.45,-1193996.7,26111,12800,1024,1024,-381083.4,-1194073.5,-380929.8,-1193919.9,p0003_0006,3,6,-385000.05,-1191999.9,600.0
1945,2626,L0_1024_s512,1024,512,0.15,153.6,76.8,-381006.45,-1193919.9,26111,12288,1024,1024,-381083.4,-1193996.7,-380929.8,-1193843.1,p0003_0006,3,6,-385000.05,-1191999.9,600.0
1946,2625,L0_1024_s512,1024,512,0.15,153.6,76.8,-381006.45,-1193843.1,26111,11776,1024,1024,-381083.4,-1193919.9,-380929.8,-1193766.2999999998,p0003_0006,3,6,-385000.05,-1191999.9,600.0
1947,2624,L0_1024_s512,1024,512,0.15,153.6,76.8,-381006.45,-1193766.3,26111,11264,1024,1024,-381083.4,-1193843.1,-380929.8,-1193689.5,p0002_0006,2,6,-385000.05,-1191999.9,600.0
1948,2623,L0_1024_s512,1024,512,0.15,153.6,76.8,-381006.45,-1193689.5,26111,10752,1024,1024,-381083.4,-1193766.2999999998,-380929.8,-1193612.7,p0002_0006,2,6,-385000.05,-1191999.9,600.0
1949,2622,L0_1024_s512,1024,512,0.15,153.6,76.8,-381006.45,-1193612.7,26111,10240,1024,1024,-381083.4,-1193689.5,-380929.8,-1193535.9,p0002_0006,2,6,-385000.05,-1191999.9,600.0
1950,2621,L0_1024_s512,1024,512,0.15,153.6,76.8,-381006.45,-1193535.9,26111,9728,1024,1024,-381083.4,-1193612.7,-380929.8,-1193459.1,p0002_0006,2,6,-385000.05,-1191999.9,600.0
1951,2620,L0_1024_s512,1024,512,0.15,153.6,76.8,-381006.45,-1193459.1,26111,9216,1024,1024,-381083.4,-1193535.9,-380929.8,-1193382.2999999998,p0002_0006,2,6,-385000.05,-1191999.9,600.0
1952,2619,L0_1024_s512,1024,512,0.15,153.6,76.8,-381006.45,-1193382.3,26111,8704,1024,1024,-381083.4,-1193459.1,-380929.8,-1193305.5,p0002_0006,2,6,-385000.05,-1191999.9,600.0
1953,2618,L0_1024_s512,1024,512,0.15,153.6,76.8,-381006.45,-1193305.5,26111,8192,1024,1024,-381083.4,-1193382.2999999998,-380929.8,-1193228.7,p0002_0006,2,6,-385000.05,-1191999.9,600.0
1954,2617,L0_1024_s512,1024,512,0.15,153.6,76.8,-381006.45,-1193228.7,26111,7680,1024,1024,-381083.4,-1193305.5,-380929.8,-1193151.9,p0002_0006,2,6,-385000.05,-1191999.9,600.0
1955,2616,L0_1024_s512,1024,512,0.15,153.6,76.8,-381006.45,-1193151.9,26111,7168,1024,1024,-381083.4,-1193228.7,-380929.8,-1193075.1,p0001_0006,1,6,-385000.05,-1191999.9,600.0
1956,2615,L0_1024_s512,1024,512,0.15,153.6,76.8,-381006.45,-1193075.1,26111,6656,1024,1024,-381083.4,-1193151.9,-380929.8,-1192998.2999999998,p0001_0006,1,6,-385000.05,-1191999.9,600.0
1957,2614,L0_1024_s512,1024,512,0.15,153.6,76.8,-381006.45,-1192998.3,26111,6144,1024,1024,-381083.4,-1193075.1,-380929.8,-1192921.5,p0001_0006,1,6,-385000.05,-1191999.9,600.0
1958,2660,L0_1024_s512,1024,512,0.15,153.6,76.8,-380929.65,-1192614.3,26623,3584,1024,1024,-381006.6,-1192691.1,-380853.0,-1192537.5,p0001_0006,1,6,-385000.05,-1191999.9,600.0
1959,2661,L0_1024_s512,1024,512,0.15,153.6,76.8,-380929.65,-1192691.1,26623,4096,1024,1024,-381006.6,-1192767.9,-380853.0,-1192614.2999999998,p0001_0006,1,6,-385000.05,-1191999.9,600.0
1960,2662,L0_1024_s512,1024,512,0.15,153.6,76.8,-380929.65,-1192767.9,26623,4608,1024,1024,-381006.6,-1192844.7,-380853.0,-1192691.1,p0001_0006,1,6,-385000.05,-1191999.9,600.0
1961,2663,L0_1024_s512,1024,512,0.15,153.6,76.8,-380929.65,-1192844.7,26623,5120,1024,1024,-381006.6,-1192921.5,-380853.0,-1192767.9,p0001_0006,1,6,-385000.05,-1191999.9,600.0
1962,2664,L0_1024_s512,1024,512,0.15,153.6,76.8,-380929.65,-1192921.5,26623,5632,1024,1024,-381006.6,-1192998.2999999998,-380853.0,-1192844.7,p0001_0006,1,6,-385000.05,-1191999.9,600.0
1963,2665,L0_1024_s512,1024,512,0.15,153.6,76.8,-380929.65,-1192998.3,26623,6144,1024,1024,-381006.6,-1193075.1,-380853.0,-1192921.5,p0001_0006,1,6,-385000.05,-1191999.9,600.0
1964,2666,L0_1024_s512,1024,512,0.15,153.6,76.8,-380929.65,-1193075.1,26623,6656,1024,1024,-381006.6,-1193151.9,-380853.0,-1192998.2999999998,p0001_0006,1,6,-385000.05,-1191999.9,600.0
1965,2667,L0_1024_s512,1024,512,0.15,153.6,76.8,-380929.65,-1193151.9,26623,7168,1024,1024,-381006.6,-1193228.7,-380853.0,-1193075.1,p0001_0006,1,6,-385000.05,-1191999.9,600.0
1966,2668,L0_1024_s512,1024,512,0.15,153.6,76.8,-380929.65,-1193228.7,26623,7680,1024,1024,-381006.6,-1193305.5,-380853.0,-1193151.9,p0002_0006,2,6,-385000.05,-1191999.9,600.0
1967,2669,L0_1024_s512,1024,512,0.15,153.6,76.8,-380929.65,-1193305.5,26623,8192,1024,1024,-381006.6,-1193382.2999999998,-380853.0,-1193228.7,p0002_0006,2,6,-385000.05,-1191999.9,600.0
1968,2670,L0_1024_s512,1024,512,0.15,153.6,76.8,-380929.65,-1193382.3,26623,8704,1024,1024,-381006.6,-1193459.1,-380853.0,-1193305.5,p0002_0006,2,6,-385000.05,-1191999.9,600.0
1969,2671,L0_1024_s512,1024,512,0.15,153.6,76.8,-380929.65,-1193459.1,26623,9216,1024,1024,-381006.6,-1193535.9,-380853.0,-1193382.2999999998,p0002_0006,2,6,-385000.05,-1191999.9,600.0
1970,2672,L0_1024_s512,1024,512,0.15,153.6,76.8,-380929.65,-1193535.9,26623,9728,1024,1024,-381006.6,-1193612.7,-380853.0,-1193459.1,p0002_0006,2,6,-385000.05,-1191999.9,600.0
1971,2673,L0_1024_s512,1024,512,0.15,153.6,76.8,-380929.65,-1193612.7,26623,10240,1024,1024,-381006.6,-1193689.5,-380853.0,-1193535.9,p0002_0006,2,6,-385000.05,-1191999.9,600.0
1972,2674,L0_1024_s512,1024,512,0.15,153.6,76.8,-380929.65,-1193689.5,26623,10752,1024,1024,-381006.6,-1193766.2999999998,-380853.0,-1193612.7,p0002_0006,2,6,-385000.05,-1191999.9,600.0
1973,2675,L0_1024_s512,1024,512,0.15,153.6,76.8,-380929.65,-1193766.3,26623,11264,1024,1024,-381006.6,-1193843.1,-380853.0,-1193689.5,p0002_0006,2,6,-385000.05,-1191999.9,600.0
1974,2676,L0_1024_s512,1024,512,0.15,153.6,76.8,-380929.65,-1193843.1,26623,11776,1024,1024,-381006.6,-1193919.9,-380853.0,-1193766.2999999998,p0003_0006,3,6,-385000.05,-1191999.9,600.0
1975,2677,L0_1024_s512,1024,512,0.15,153.6,76.8,-380929.65,-1193919.9,26623,12288,1024,1024,-381006.6,-1193996.7,-380853.0,-1193843.1,p0003_0006,3,6,-385000.05,-1191999.9,600.0
1976,2678,L0_1024_s512,1024,512,0.15,153.6,76.8,-380929.65,-1193996.7,26623,12800,1024,1024,-381006.6,-1194073.5,-380853.0,-1193919.9,p0003_0006,3,6,-385000.05,-1191999.9,600.0
1977,1353,L0_1024_s512,1024,512,0.15,153.6,76.8,-382926.45,-1194073.5,13311,13312,1024,1024,-383003.4,-1194150.2999999998,-382849.8,-1193996.7,p0003_0003,3,3,-385000.05,-1191999.9,600.0
1978,1354,L0_1024_s512,1024,512,0.15,153.6,76.8,-382926.45,-1194150.3,13311,13824,1024,1024,-383003.4,-1194227.1,-382849.8,-1194073.5,p0003_0003,3,3,-385000.05,-1191999.9,600.0
1979,1355,L0_1024_s512,1024,512,0.15,153.6,76.8,-382926.45,-1194227.1,13311,14336,1024,1024,-383003.4,-1194303.9,-382849.8,-1194150.2999999998,p0003_0003,3,3,-385000.05,-1191999.9,600.0
1980,1356,L0_1024_s512,1024,512,0.15,153.6,76.8,-382926.45,-1194303.9,13311,14848,1024,1024,-383003.4,-1194380.7,-382849.8,-1194227.1,p0003_0003,3,3,-385000.05,-1191999.9,600.0
1981,1357,L0_1024_s512,1024,512,0.15,153.6,76.8,-382926.45,-1194380.7,13311,15360,1024,1024,-383003.4,-1194457.5,-382849.8,-1194303.9,p0003_0003,3,3,-385000.05,-1191999.9,600.0
1982,1358,L0_1024_s512,1024,512,0.15,153.6,76.8,-382926.45,-1194457.5,13311,15872,1024,1024,-383003.4,-1194534.2999999998,-382849.8,-1194380.7,p0004_0003,4,3,-385000.05,-1191999.9,600.0
1983,1359,L0_1024_s512,1024,512,0.15,153.6,76.8,-382926.45,-1194534.3,13311,16384,1024,1024,-383003.4,-1194611.1,-382849.8,-1194457.5,p0004_0003,4,3,-385000.05,-1191999.9,600.0
1984,1360,L0_1024_s512,1024,512,0.15,153.6,76.8,-382926.45,-1194611.1,13311,16896,1024,1024,-383003.4,-1194687.9,-382849.8,-1194534.2999999998,p0004_0003,4,3,-385000.05,-1191999.9,600.0
1985,1361,L0_1024_s512,1024,512,0.15,153.6,76.8,-382926.45,-1194687.9,13311,17408,1024,1024,-383003.4,-1194764.7,-382849.8,-1194611.1,p0004_0003,4,3,-385000.05,-1191999.9,600.0
1986,1362,L0_1024_s512,1024,512,0.15,153.6,76.8,-382926.45,-1194764.7,13311,17920,1024,1024,-383003.4,-1194841.5,-382849.8,-1194687.9,p0004_0003,4,3,-385000.05,-1191999.9,600.0
1987,1363,L0_1024_s512,1024,512,0.15,153.6,76.8,-382926.45,-1194841.5,13311,18432,1024,1024,-383003.4,-1194918.2999999998,-382849.8,-1194764.7,p0004_0003,4,3,-385000.05,-1191999.9,600.0
1988,1364,L0_1024_s512,1024,512,0.15,153.6,76.8,-382926.45,-1194918.3,13311,18944,1024,1024,-383003.4,-1194995.1,-382849.8,-1194841.5,p0004_0003,4,3,-385000.05,-1191999.9,600.0
1989,1365,L0_1024_s512,1024,512,0.15,153.6,76.8,-382926.45,-1194995.1,13311,19456,1024,1024,-383003.4,-1195071.9,-382849.8,-1194918.2999999998,p0004_0003,4,3,-385000.05,-1191999.9,600.0
1990,1366,L0_1024_s512,1024,512,0.15,153.6,76.8,-382926.45,-1195071.9,13311,19968,1024,1024,-383003.4,-1195148.7,-382849.8,-1194995.1,p0005_0003,5,3,-385000.05,-1191999.9,600.0
1991,1367,L0_1024_s512,1024,512,0.15,153.6,76.8,-382926.45,-1195148.7,13311,20480,1024,1024,-383003.4,-1195225.5,-382849.8,-1195071.9,p0005_0003,5,3,-385000.05,-1191999.9,600.0
1992,1368,L0_1024_s512,1024,512,0.15,153.6,76.8,-382926.45,-1195225.5,13311,20992,1024,1024,-383003.4,-1195302.2999999998,-382849.8,-1195148.7,p0005_0003,5,3,-385000.05,-1191999.9,600.0
1993,1369,L0_1024_s512,1024,512,0.15,153.6,76.8,-382926.45,-1195302.3,13311,21504,1024,1024,-383003.4,-1195379.1,-382849.8,-1195225.5,p0005_0003,5,3,-385000.05,-1191999.9,600.0
1994,1370,L0_1024_s512,1024,512,0.15,153.6,76.8,-382926.45,-1195379.1,13311,22016,1024,1024,-383003.4,-1195455.9,-382849.8,-1195302.2999999998,p0005_0003,5,3,-385000.05,-1191999.9,600.0
1995,1371,L0_1024_s512,1024,512,0.15,153.6,76.8,-382926.45,-1195455.9,13311,22528,1024,1024,-383003.4,-1195532.7,-382849.8,-1195379.1,p0005_0003,5,3,-385000.05,-1191999.9,600.0
1996,1372,L0_1024_s512,1024,512,0.15,153.6,76.8,-382926.45,-1195532.7,13311,23040,1024,1024,-383003.4,-1195609.5,-382849.8,-1195455.9,p0005_0003,5,3,-385000.05,-1191999.9,600.0
1997,1373,L0_1024_s512,1024,512,0.15,153.6,76.8,-382926.45,-1195609.5,13311,23552,1024,1024,-383003.4,-1195686.2999999998,-382849.8,-1195532.7,p0006_0003,6,3,-385000.05,-1191999.9,600.0
1998,1374,L0_1024_s512,1024,512,0.15,153.6,76.8,-382926.45,-1195686.3,13311,24064,1024,1024,-383003.4,-1195763.1,-382849.8,-1195609.5,p0006_0003,6,3,-385000.05,-1191999.9,600.0
1999,1375,L0_1024_s512,1024,512,0.15,153.6,76.8,-382926.45,-1195763.1,13311,24576,1024,1024,-383003.4,-1195839.9,-382849.8,-1195686.2999999998,p0006_0003,6,3,-385000.05,-1191999.9,600.0
2000,1376,L0_1024_s512,1024,512,0.15,153.6,76.8,-382926.45,-1195839.9,13311,25088,1024,1024,-383003.4,-1195916.7,-382849.8,-1195763.1,p0006_0003,6,3,-385000.05,-1191999.9,600.0
2001,1377,L0_1024_s512,1024,512,0.15,153.6,76.8,-382926.45,-1195916.7,13311,25600,1024,1024,-383003.4,-1195993.5,-382849.8,-1195839.9,p0006_0003,6,3,-385000.05,-1191999.9,600.0
2002,1424,L0_1024_s512,1024,512,0.15,153.6,76.8,-382849.65,-1195609.5,13823,23552,1024,1024,-382926.6,-1195686.2999999998,-382773.0,-1195532.7,p0006_0003,6,3,-385000.05,-1191999.9,600.0
2003,1423,L0_1024_s512,1024,512,0.15,153.6,76.8,-382849.65,-1195532.7,13823,23040,1024,1024,-382926.6,-1195609.5,-382773.0,-1195455.9,p0005_0003,5,3,-385000.05,-1191999.9,600.0
2004,1422,L0_1024_s512,1024,512,0.15,153.6,76.8,-382849.65,-1195455.9,13823,22528,1024,1024,-382926.6,-1195532.7,-382773.0,-1195379.1,p0005_0003,5,3,-385000.05,-1191999.9,600.0
2005,1421,L0_1024_s512,1024,512,0.15,153.6,76.8,-382849.65,-1195379.1,13823,22016,1024,1024,-382926.6,-1195455.9,-382773.0,-1195302.2999999998,p0005_0003,5,3,-385000.05,-1191999.9,600.0
2006,1420,L0_1024_s512,1024,512,0.15,153.6,76.8,-382849.65,-1195302.3,13823,21504,1024,1024,-382926.6,-1195379.1,-382773.0,-1195225.5,p0005_0003,5,3,-385000.05,-1191999.9,600.0
2007,1419,L0_1024_s512,1024,512,0.15,153.6,76.8,-382849.65,-1195225.5,13823,20992,1024,1024,-382926.6,-1195302.2999999998,-382773.0,-1195148.7,p0005_0003,5,3,-385000.05,-1191999.9,600.0
2008,1418,L0_1024_s512,1024,512,0.15,153.6,76.8,-382849.65,-1195148.7,13823,20480,1024,1024,-382926.6,-1195225.5,-382773.0,-1195071.9,p0005_0003,5,3,-385000.05,-1191999.9,600.0
2009,1417,L0_1024_s512,1024,512,0.15,153.6,76.8,-382849.65,-1195071.9,13823,19968,1024,1024,-382926.6,-1195148.7,-382773.0,-1194995.1,p0005_0003,5,3,-385000.05,-1191999.9,600.0
2010,1416,L0_1024_s512,1024,512,0.15,153.6,76.8,-382849.65,-1194995.1,13823,19456,1024,1024,-382926.6,-1195071.9,-382773.0,-1194918.2999999998,p0004_0003,4,3,-385000.05,-1191999.9,600.0
2011,1415,L0_1024_s512,1024,512,0.15,153.6,76.8,-382849.65,-1194918.3,13823,18944,1024,1024,-382926.6,-1194995.1,-382773.0,-1194841.5,p0004_0003,4,3,-385000.05,-1191999.9,600.0
2012,1414,L0_1024_s512,1024,512,0.15,153.6,76.8,-382849.65,-1194841.5,13823,18432,1024,1024,-382926.6,-1194918.2999999998,-382773.0,-1194764.7,p0004_0003,4,3,-385000.05,-1191999.9,600.0
2013,1413,L0_1024_s512,1024,512,0.15,153.6,76.8,-382849.65,-1194764.7,13823,17920,1024,1024,-382926.6,-1194841.5,-382773.0,-1194687.9,p0004_0003,4,3,-385000.05,-1191999.9,600.0
2014,1412,L0_1024_s512,1024,512,0.15,153.6,76.8,-382849.65,-1194687.9,13823,17408,1024,1024,-382926.6,-1194764.7,-382773.0,-1194611.1,p0004_0003,4,3,-385000.05,-1191999.9,600.0
2015,1411,L0_1024_s512,1024,512,0.15,153.6,76.8,-382849.65,-1194611.1,13823,16896,1024,1024,-382926.6,-1194687.9,-382773.0,-1194534.2999999998,p0004_0003,4,3,-385000.05,-1191999.9,600.0
2016,1410,L0_1024_s512,1024,512,0.15,153.6,76.8,-382849.65,-1194534.3,13823,16384,1024,1024,-382926.6,-1194611.1,-382773.0,-1194457.5,p0004_0003,4,3,-385000.05,-1191999.9,600.0
2017,1409,L0_1024_s512,1024,512,0.15,153.6,76.8,-382849.65,-1194457.5,13823,15872,1024,1024,-382926.6,-1194534.2999999998,-382773.0,-1194380.7,p0004_0003,4,3,-385000.05,-1191999.9,600.0
2018,1408,L0_1024_s512,1024,512,0.15,153.6,76.8,-382849.65,-1194380.7,13823,15360,1024,1024,-382926.6,-1194457.5,-382773.0,-1194303.9,p0003_0003,3,3,-385000.05,-1191999.9,600.0
2019,1407,L0_1024_s512,1024,512,0.15,153.6,76.8,-382849.65,-1194303.9,13823,14848,1024,1024,-382926.6,-1194380.7,-382773.0,-1194227.1,p0003_0003,3,3,-385000.05,-1191999.9,600.0
2020,1406,L0_1024_s512,1024,512,0.15,153.6,76.8,-382849.65,-1194227.1,13823,14336,1024,1024,-382926.6,-1194303.9,-382773.0,-1194150.2999999998,p0003_0003,3,3,-385000.05,-1191999.9,600.0
2021,1405,L0_1024_s512,1024,512,0.15,153.6,76.8,-382849.65,-1194150.3,13823,13824,1024,1024,-382926.6,-1194227.1,-382773.0,-1194073.5,p0003_0003,3,3,-385000.05,-1191999.9,600.0
2022,1404,L0_1024_s512,1024,512,0.15,153.6,76.8,-382849.65,-1194073.5,13823,13312,1024,1024,-382926.6,-1194150.2999999998,-382773.0,-1193996.7,p0003_0003,3,3,-385000.05,-1191999.9,600.0
2023,1425,L0_1024_s512,1024,512,0.15,153.6,76.8,-382849.65,-1195686.3,13823,24064,1024,1024,-382926.6,-1195763.1,-382773.0,-1195609.5,p0006_0003,6,3,-385000.05,-1191999.9,600.0
2024,1426,L0_1024_s512,1024,512,0.15,153.6,76.8,-382849.65,-1195763.1,13823,24576,1024,1024,-382926.6,-1195839.9,-382773.0,-1195686.2999999998,p0006_0003,6,3,-385000.05,-1191999.9,600.0
2025,1427,L0_1024_s512,1024,512,0.15,153.6,76.8,-382849.65,-1195839.9,13823,25088,1024,1024,-382926.6,-1195916.7,-382773.0,-1195763.1,p0006_0003,6,3,-385000.05,-1191999.9,600.0
2026,1428,L0_1024_s512,1024,512,0.15,153.6,76.8,-382849.65,-1195916.7,13823,25600,1024,1024,-382926.6,-1195993.5,-382773.0,-1195839.9,p0006_0003,6,3,-385000.05,-1191999.9,600.0
2027,1455,L0_1024_s512,1024,512,0.15,153.6,76.8,-382772.85,-1194073.5,14336,13312,1024,1024,-382849.65,-1194150.2999999998,-382696.05,-1193996.7,p0003_0003,3,3,-385000.05,-1191999.9,600.0
2028,1456,L0_1024_s512,1024,512,0.15,153.6,76.8,-382772.85,-1194150.3,14336,13824,1024,1024,-382849.65,-1194227.1,-382696.05,-1194073.5,p0003_0003,3,3,-385000.05,-1191999.9,600.0
2029,1457,L0_1024_s512,1024,512,0.15,153.6,76.8,-382772.85,-1194227.1,14336,14336,1024,1024,-382849.65,-1194303.9,-382696.05,-1194150.2999999998,p0003_0003,3,3,-385000.05,-1191999.9,600.0
2030,1458,L0_1024_s512,1024,512,0.15,153.6,76.8,-382772.85,-1194303.9,14336,14848,1024,1024,-382849.65,-1194380.7,-382696.05,-1194227.1,p0003_0003,3,3,-385000.05,-1191999.9,600.0
2031,1459,L0_1024_s512,1024,512,0.15,153.6,76.8,-382772.85,-1194380.7,14336,15360,1024,1024,-382849.65,-1194457.5,-382696.05,-1194303.9,p0003_0003,3,3,-385000.05,-1191999.9,600.0
2032,1460,L0_1024_s512,1024,512,0.15,153.6,76.8,-382772.85,-1194457.5,14336,15872,1024,1024,-382849.65,-1194534.2999999998,-382696.05,-1194380.7,p0004_0003,4,3,-385000.05,-1191999.9,600.0
2033,1461,L0_1024_s512,1024,512,0.15,153.6,76.8,-382772.85,-1194534.3,14336,16384,1024,1024,-382849.65,-1194611.1,-382696.05,-1194457.5,p0004_0003,4,3,-385000.05,-1191999.9,600.0
2034,1462,L0_1024_s512,1024,512,0.15,153.6,76.8,-382772.85,-1194611.1,14336,16896,1024,1024,-382849.65,-1194687.9,-382696.05,-1194534.2999999998,p0004_0003,4,3,-385000.05,-1191999.9,600.0
2035,1463,L0_1024_s512,1024,512,0.15,153.6,76.8,-382772.85,-1194687.9,14336,17408,1024,1024,-382849.65,-1194764.7,-382696.05,-1194611.1,p0004_0003,4,3,-385000.05,-1191999.9,600.0
2036,1464,L0_1024_s512,1024,512,0.15,153.6,76.8,-382772.85,-1194764.7,14336,17920,1024,1024,-382849.65,-1194841.5,-382696.05,-1194687.9,p0004_0003,4,3,-385000.05,-1191999.9,600.0
2037,1465,L0_1024_s512,1024,512,0.15,153.6,76.8,-382772.85,-1194841.5,14336,18432,1024,1024,-382849.65,-1194918.2999999998,-382696.05,-1194764.7,p0004_0003,4,3,-385000.05,-1191999.9,600.0
2038,1466,L0_1024_s512,1024,512,0.15,153.6,76.8,-382772.85,-1194918.3,14336,18944,1024,1024,-382849.65,-1194995.1,-382696.05,-1194841.5,p0004_0003,4,3,-385000.05,-1191999.9,600.0
2039,1467,L0_1024_s512,1024,512,0.15,153.6,76.8,-382772.85,-1194995.1,14336,19456,1024,1024,-382849.65,-1195071.9,-382696.05,-1194918.2999999998,p0004_0003,4,3,-385000.05,-1191999.9,600.0
2040,1468,L0_1024_s512,1024,512,0.15,153.6,76.8,-382772.85,-1195071.9,14336,19968,1024,1024,-382849.65,-1195148.7,-382696.05,-1194995.1,p0005_0003,5,3,-385000.05,-1191999.9,600.0
2041,1469,L0_1024_s512,1024,512,0.15,153.6,76.8,-382772.85,-1195148.7,14336,20480,1024,1024,-382849.65,-1195225.5,-382696.05,-1195071.9,p0005_0003,5,3,-385000.05,-1191999.9,600.0
2042,1470,L0_1024_s512,1024,512,0.15,153.6,76.8,-382772.85,-1195225.5,14336,20992,1024,1024,-382849.65,-1195302.2999999998,-382696.05,-1195148.7,p0005_0003,5,3,-385000.05,-1191999.9,600.0
2043,1471,L0_1024_s512,1024,512,0.15,153.6,76.8,-382772.85,-1195302.3,14336,21504,1024,1024,-382849.65,-1195379.1,-382696.05,-1195225.5,p0005_0003,5,3,-385000.05,-1191999.9,600.0
2044,1472,L0_1024_s512,1024,512,0.15,153.6,76.8,-382772.85,-1195379.1,14336,22016,1024,1024,-382849.65,-1195455.9,-382696.05,-1195302.2999999998,p0005_0003,5,3,-385000.05,-1191999.9,600.0
2045,1473,L0_1024_s512,1024,512,0.15,153.6,76.8,-382772.85,-1195455.9,14336,22528,1024,1024,-382849.65,-1195532.7,-382696.05,-1195379.1,p0005_0003,5,3,-385000.05,-1191999.9,600.0
2046,1474,L0_1024_s512,1024,512,0.15,153.6,76.8,-382772.85,-1195532.7,14336,23040,1024,1024,-382849.65,-1195609.5,-382696.05,-1195455.9,p0005_0003,5,3,-385000.05,-1191999.9,600.0
2047,1475,L0_1024_s512,1024,512,0.15,153.6,76.8,-382772.85,-1195609.5,14336,23552,1024,1024,-382849.65,-1195686.2999999998,-382696.05,-1195532.7,p0006_0003,6,3,-385000.05,-1191999.9,600.0
2048,1476,L0_1024_s512,1024,512,0.15,153.6,76.8,-382772.85,-1195686.3,14336,24064,1024,1024,-382849.65,-1195763.1,-382696.05,-1195609.5,p0006_0003,6,3,-385000.05,-1191999.9,600.0
2049,1477,L0_1024_s512,1024,512,0.15,153.6,76.8,-382772.85,-1195763.1,14336,24576,1024,1024,-382849.65,-1195839.9,-382696.05,-1195686.2999999998,p0006_0003,6,3,-385000.05,-1191999.9,600.0
2050,1478,L0_1024_s512,1024,512,0.15,153.6,76.8,-382772.85,-1195839.9,14336,25088,1024,1024,-382849.65,-1195916.7,-382696.05,-1195763.1,p0006_0003,6,3,-385000.05,-1191999.9,600.0
2051,1479,L0_1024_s512,1024,512,0.15,153.6,76.8,-382772.85,-1195916.7,14336,25600,1024,1024,-382849.65,-1195993.5,-382696.05,-1195839.9,p0006_0003,6,3,-385000.05,-1191999.9,600.0
2052,1520,L0_1024_s512,1024,512,0.15,153.6,76.8,-382696.05,-1195148.7,14848,20480,1024,1024,-382772.85,-1195225.5,-382619.25,-1195071.9,p0005_0003,5,3,-385000.05,-1191999.9,600.0
2053,1519,L0_1024_s512,1024,512,0.15,153.6,76.8,-382696.05,-1195071.9,14848,19968,1024,1024,-382772.85,-1195148.7,-382619.25,-1194995.1,p0005_0003,5,3,-385000.05,-1191999.9,600.0
2054,1518,L0_1024_s512,1024,512,0.15,153.6,76.8,-382696.05,-1194995.1,14848,19456,1024,1024,-382772.85,-1195071.9,-382619.25,-1194918.2999999998,p0004_0003,4,3,-385000.05,-1191999.9,600.0
2055,1517,L0_1024_s512,1024,512,0.15,153.6,76.8,-382696.05,-1194918.3,14848,18944,1024,1024,-382772.85,-1194995.1,-382619.25,-1194841.5,p0004_0003,4,3,-385000.05,-1191999.9,600.0
2056,1516,L0_1024_s512,1024,512,0.15,153.6,76.8,-382696.05,-1194841.5,14848,18432,1024,1024,-382772.85,-1194918.2999999998,-382619.25,-1194764.7,p0004_0003,4,3,-385000.05,-1191999.9,600.0
2057,1515,L0_1024_s512,1024,512,0.15,153.6,76.8,-382696.05,-1194764.7,14848,17920,1024,1024,-382772.85,-1194841.5,-382619.25,-1194687.9,p0004_0003,4,3,-385000.05,-1191999.9,600.0
2058,1514,L0_1024_s512,1024,512,0.15,153.6,76.8,-382696.05,-1194687.9,14848,17408,1024,1024,-382772.85,-1194764.7,-382619.25,-1194611.1,p0004_0003,4,3,-385000.05,-1191999.9,600.0
2059,1513,L0_1024_s512,1024,512,0.15,153.6,76.8,-382696.05,-1194611.1,14848,16896,1024,1024,-382772.85,-1194687.9,-382619.25,-1194534.2999999998,p0004_0003,4,3,-385000.05,-1191999.9,600.0
2060,1512,L0_1024_s512,1024,512,0.15,153.6,76.8,-382696.05,-1194534.3,14848,16384,1024,1024,-382772.85,-1194611.1,-382619.25,-1194457.5,p0004_0003,4,3,-385000.05,-1191999.9,600.0
2061,1511,L0_1024_s512,1024,512,0.15,153.6,76.8,-382696.05,-1194457.5,14848,15872,1024,1024,-382772.85,-1194534.2999999998,-382619.25,-1194380.7,p0004_0003,4,3,-385000.05,-1191999.9,600.0
2062,1510,L0_1024_s512,1024,512,0.15,153.6,76.8,-382696.05,-1194380.7,14848,15360,1024,1024,-382772.85,-1194457.5,-382619.25,-1194303.9,p0003_0003,3,3,-385000.05,-1191999.9,600.0
2063,1509,L0_1024_s512,1024,512,0.15,153.6,76.8,-382696.05,-1194303.9,14848,14848,1024,1024,-382772.85,-1194380.7,-382619.25,-1194227.1,p0003_0003,3,3,-385000.05,-1191999.9,600.0
2064,1508,L0_1024_s512,1024,512,0.15,153.6,76.8,-382696.05,-1194227.1,14848,14336,1024,1024,-382772.85,-1194303.9,-382619.25,-1194150.2999999998,p0003_0003,3,3,-385000.05,-1191999.9,600.0
2065,1507,L0_1024_s512,1024,512,0.15,153.6,76.8,-382696.05,-1194150.3,14848,13824,1024,1024,-382772.85,-1194227.1,-382619.25,-1194073.5,p0003_0003,3,3,-385000.05,-1191999.9,600.0
2066,1506,L0_1024_s512,1024,512,0.15,153.6,76.8,-382696.05,-1194073.5,14848,13312,1024,1024,-382772.85,-1194150.2999999998,-382619.25,-1193996.7,p0003_0003,3,3,-385000.05,-1191999.9,600.0
2067,1521,L0_1024_s512,1024,512,0.15,153.6,76.8,-382696.05,-1195225.5,14848,20992,1024,1024,-382772.85,-1195302.2999999998,-382619.25,-1195148.7,p0005_0003,5,3,-385000.05,-1191999.9,600.0
2068,1522,L0_1024_s512,1024,512,0.15,153.6,76.8,-382696.05,-1195302.3,14848,21504,1024,1024,-382772.85,-1195379.1,-382619.25,-1195225.5,p0005_0003,5,3,-385000.05,-1191999.9,600.0
2069,1523,L0_1024_s512,1024,512,0.15,153.6,76.8,-382696.05,-1195379.1,14848,22016,1024,1024,-382772.85,-1195455.9,-382619.25,-1195302.2999999998,p0005_0003,5,3,-385000.05,-1191999.9,600.0
2070,1524,L0_1024_s512,1024,512,0.15,153.6,76.8,-382696.05,-1195455.9,14848,22528,1024,1024,-382772.85,-1195532.7,-382619.25,-1195379.1,p0005_0003,5,3,-385000.05,-1191999.9,600.0
2071,1525,L0_1024_s512,1024,512,0.15,153.6,76.8,-382696.05,-1195532.7,14848,23040,1024,1024,-382772.85,-1195609.5,-382619.25,-1195455.9,p0005_0003,5,3,-385000.05,-1191999.9,600.0
2072,1526,L0_1024_s512,1024,512,0.15,153.6,76.8,-382696.05,-1195609.5,14848,23552,1024,1024,-382772.85,-1195686.2999999998,-382619.25,-1195532.7,p0006_0003,6,3,-385000.05,-1191999.9,600.0
2073,1527,L0_1024_s512,1024,512,0.15,153.6,76.8,-382696.05,-1195686.3,14848,24064,1024,1024,-382772.85,-1195763.1,-382619.25,-1195609.5,p0006_0003,6,3,-385000.05,-1191999.9,600.0
2074,1528,L0_1024_s512,1024,512,0.15,153.6,76.8,-382696.05,-1195763.1,14848,24576,1024,1024,-382772.85,-1195839.9,-382619.25,-1195686.2999999998,p0006_0003,6,3,-385000.05,-1191999.9,600.0
2075,1529,L0_1024_s512,1024,512,0.15,153.6,76.8,-382696.05,-1195839.9,14848,25088,1024,1024,-382772.85,-1195916.7,-382619.25,-1195763.1,p0006_0003,6,3,-385000.05,-1191999.9,600.0
2076,1530,L0_1024_s512,1024,512,0.15,153.6,76.8,-382696.05,-1195916.7,14848,25600,1024,1024,-382772.85,-1195993.5,-382619.25,-1195839.9,p0006_0003,6,3,-385000.05,-1191999.9,600.0
2077,1557,L0_1024_s512,1024,512,0.15,153.6,76.8,-382619.25,-1194073.5,15359,13312,1024,1024,-382696.2,-1194150.2999999998,-382542.6,-1193996.7,p0003_0003,3,3,-385000.05,-1191999.9,600.0
2078,1558,L0_1024_s512,1024,512,0.15,153.6,76.8,-382619.25,-1194150.3,15359,13824,1024,1024,-382696.2,-1194227.1,-382542.6,-1194073.5,p0003_0003,3,3,-385000.05,-1191999.9,600.0
2079,1559,L0_1024_s512,1024,512,0.15,153.6,76.8,-382619.25,-1194227.1,15359,14336,1024,1024,-382696.2,-1194303.9,-382542.6,-1194150.2999999998,p0003_0003,3,3,-385000.05,-1191999.9,600.0
2080,1560,L0_1024_s512,1024,512,0.15,153.6,76.8,-382619.25,-1194303.9,15359,14848,1024,1024,-382696.2,-1194380.7,-382542.6,-1194227.1,p0003_0003,3,3,-385000.05,-1191999.9,600.0
2081,1561,L0_1024_s512,1024,512,0.15,153.6,76.8,-382619.25,-1194380.7,15359,15360,1024,1024,-382696.2,-1194457.5,-382542.6,-1194303.9,p0003_0003,3,3,-385000.05,-1191999.9,600.0
2082,1562,L0_1024_s512,1024,512,0.15,153.6,76.8,-382619.25,-1194457.5,15359,15872,1024,1024,-382696.2,-1194534.2999999998,-382542.6,-1194380.7,p0004_0003,4,3,-385000.05,-1191999.9,600.0
2083,1563,L0_1024_s512,1024,512,0.15,153.6,76.8,-382619.25,-1194534.3,15359,16384,1024,1024,-382696.2,-1194611.1,-382542.6,-1194457.5,p0004_0003,4,3,-385000.05,-1191999.9,600.0
2084,1564,L0_1024_s512,1024,512,0.15,153.6,76.8,-382619.25,-1194611.1,15359,16896,1024,1024,-382696.2,-1194687.9,-382542.6,-1194534.2999999998,p0004_0003,4,3,-385000.05,-1191999.9,600.0
2085,1565,L0_1024_s512,1024,512,0.15,153.6,76.8,-382619.25,-1194687.9,15359,17408,1024,1024,-382696.2,-1194764.7,-382542.6,-1194611.1,p0004_0003,4,3,-385000.05,-1191999.9,600.0
2086,1566,L0_1024_s512,1024,512,0.15,153.6,76.8,-382619.25,-1194764.7,15359,17920,1024,1024,-382696.2,-1194841.5,-382542.6,-1194687.9,p0004_0003,4,3,-385000.05,-1191999.9,600.0
2087,1567,L0_1024_s512,1024,512,0.15,153.6,76.8,-382619.25,-1194841.5,15359,18432,1024,1024,-382696.2,-1194918.2999999998,-382542.6,-1194764.7,p0004_0003,4,3,-385000.05,-1191999.9,600.0
2088,1568,L0_1024_s512,1024,512,0.15,153.6,76.8,-382619.25,-1194918.3,15359,18944,1024,1024,-382696.2,-1194995.1,-382542.6,-1194841.5,p0004_0003,4,3,-385000.05,-1191999.9,600.0
2089,1569,L0_1024_s512,1024,512,0.15,153.6,76.8,-382619.25,-1194995.1,15359,19456,1024,1024,-382696.2,-1195071.9,-382542.6,-1194918.2999999998,p0004_0003,4,3,-385000.05,-1191999.9,600.0
2090,1570,L0_1024_s512,1024,512,0.15,153.6,76.8,-382619.25,-1195071.9,15359,19968,1024,1024,-382696.2,-1195148.7,-382542.6,-1194995.1,p0005_0003,5,3,-385000.05,-1191999.9,600.0
2091,1571,L0_1024_s512,1024,512,0.15,153.6,76.8,-382619.25,-1195148.7,15359,20480,1024,1024,-382696.2,-1195225.5,-382542.6,-1195071.9,p0005_0003,5,3,-385000.05,-1191999.9,600.0
2092,1572,L0_1024_s512,1024,512,0.15,153.6,76.8,-382619.25,-1195225.5,15359,20992,1024,1024,-382696.2,-1195302.2999999998,-382542.6,-1195148.7,p0005_0003,5,3,-385000.05,-1191999.9,600.0
2093,1573,L0_1024_s512,1024,512,0.15,153.6,76.8,-382619.25,-1195302.3,15359,21504,1024,1024,-382696.2,-1195379.1,-382542.6,-1195225.5,p0005_0003,5,3,-385000.05,-1191999.9,600.0
2094,1574,L0_1024_s512,1024,512,0.15,153.6,76.8,-382619.25,-1195379.1,15359,22016,1024,1024,-382696.2,-1195455.9,-382542.6,-1195302.2999999998,p0005_0003,5,3,-385000.05,-1191999.9,600.0
2095,1575,L0_1024_s512,1024,512,0.15,153.6,76.8,-382619.25,-1195455.9,15359,22528,1024,1024,-382696.2,-1195532.7,-382542.6,-1195379.1,p0005_0003,5,3,-385000.05,-1191999.9,600.0
2096,1576,L0_1024_s512,1024,512,0.15,153.6,76.8,-382619.25,-1195532.7,15359,23040,1024,1024,-382696.2,-1195609.5,-382542.6,-1195455.9,p0005_0003,5,3,-385000.05,-1191999.9,600.0
2097,1577,L0_1024_s512,1024,512,0.15,153.6,76.8,-382619.25,-1195609.5,15359,23552,1024,1024,-382696.2,-1195686.2999999998,-382542.6,-1195532.7,p0006_0003,6,3,-385000.05,-1191999.9,600.0
2098,1578,L0_1024_s512,1024,512,0.15,153.6,76.8,-382619.25,-1195686.3,15359,24064,1024,1024,-382696.2,-1195763.1,-382542.6,-1195609.5,p0006_0003,6,3,-385000.05,-1191999.9,600.0
2099,1579,L0_1024_s512,1024,512,0.15,153.6,76.8,-382619.25,-1195763.1,15359,24576,1024,1024,-382696.2,-1195839.9,-382542.6,-1195686.2999999998,p0006_0003,6,3,-385000.05,-1191999.9,600.0
2100,1580,L0_1024_s512,1024,512,0.15,153.6,76.8,-382619.25,-1195839.9,15359,25088,1024,1024,-382696.2,-1195916.7,-382542.6,-1195763.1,p0006_0003,6,3,-385000.05,-1191999.9,600.0
2101,1581,L0_1024_s512,1024,512,0.15,153.6,76.8,-382619.25,-1195916.7,15359,25600,1024,1024,-382696.2,-1195993.5,-382542.6,-1195839.9,p0006_0003,6,3,-385000.05,-1191999.9,600.0
2102,1608,L0_1024_s512,1024,512,0.15,153.6,76.8,-382542.45,-1194073.5,15871,13312,1024,1024,-382619.4,-1194150.2999999998,-382465.8,-1193996.7,p0003_0004,3,4,-385000.05,-1191999.9,600.0
2103,1609,L0_1024_s512,1024,512,0.15,153.6,76.8,-382542.45,-1194150.3,15871,13824,1024,1024,-382619.4,-1194227.1,-382465.8,-1194073.5,p0003_0004,3,4,-385000.05,-1191999.9,600.0
2104,1610,L0_1024_s512,1024,512,0.15,153.6,76.8,-382542.45,-1194227.1,15871,14336,1024,1024,-382619.4,-1194303.9,-382465.8,-1194150.2999999998,p0003_0004,3,4,-385000.05,-1191999.9,600.0
2105,1611,L0_1024_s512,1024,512,0.15,153.6,76.8,-382542.45,-1194303.9,15871,14848,1024,1024,-382619.4,-1194380.7,-382465.8,-1194227.1,p0003_0004,3,4,-385000.05,-1191999.9,600.0
2106,1612,L0_1024_s512,1024,512,0.15,153.6,76.8,-382542.45,-1194380.7,15871,15360,1024,1024,-382619.4,-1194457.5,-382465.8,-1194303.9,p0003_0004,3,4,-385000.05,-1191999.9,600.0
2107,1613,L0_1024_s512,1024,512,0.15,153.6,76.8,-382542.45,-1194457.5,15871,15872,1024,1024,-382619.4,-1194534.2999999998,-382465.8,-1194380.7,p0004_0004,4,4,-385000.05,-1191999.9,600.0
2108,1614,L0_1024_s512,1024,512,0.15,153.6,76.8,-382542.45,-1194534.3,15871,16384,1024,1024,-382619.4,-1194611.1,-382465.8,-1194457.5,p0004_0004,4,4,-385000.05,-1191999.9,600.0
2109,1615,L0_1024_s512,1024,512,0.15,153.6,76.8,-382542.45,-1194611.1,15871,16896,1024,1024,-382619.4,-1194687.9,-382465.8,-1194534.2999999998,p0004_0004,4,4,-385000.05,-1191999.9,600.0
2110,1616,L0_1024_s512,1024,512,0.15,153.6,76.8,-382542.45,-1194687.9,15871,17408,1024,1024,-382619.4,-1194764.7,-382465.8,-1194611.1,p0004_0004,4,4,-385000.05,-1191999.9,600.0
2111,1617,L0_1024_s512,1024,512,0.15,153.6,76.8,-382542.45,-1194764.7,15871,17920,1024,1024,-382619.4,-1194841.5,-382465.8,-1194687.9,p0004_0004,4,4,-385000.05,-1191999.9,600.0
2112,1618,L0_1024_s512,1024,512,0.15,153.6,76.8,-382542.45,-1194841.5,15871,18432,1024,1024,-382619.4,-1194918.2999999998,-382465.8,-1194764.7,p0004_0004,4,4,-385000.05,-1191999.9,600.0
2113,1619,L0_1024_s512,1024,512,0.15,153.6,76.8,-382542.45,-1194918.3,15871,18944,1024,1024,-382619.4,-1194995.1,-382465.8,-1194841.5,p0004_0004,4,4,-385000.05,-1191999.9,600.0
2114,1620,L0_1024_s512,1024,512,0.15,153.6,76.8,-382542.45,-1194995.1,15871,19456,1024,1024,-382619.4,-1195071.9,-382465.8,-1194918.2999999998,p0004_0004,4,4,-385000.05,-1191999.9,600.0
2115,1621,L0_1024_s512,1024,512,0.15,153.6,76.8,-382542.45,-1195071.9,15871,19968,1024,1024,-382619.4,-1195148.7,-382465.8,-1194995.1,p0005_0004,5,4,-385000.05,-1191999.9,600.0
2116,1622,L0_1024_s512,1024,512,0.15,153.6,76.8,-382542.45,-1195148.7,15871,20480,1024,1024,-382619.4,-1195225.5,-382465.8,-1195071.9,p0005_0004,5,4,-385000.05,-1191999.9,600.0
2117,1623,L0_1024_s512,1024,512,0.15,153.6,76.8,-382542.45,-1195225.5,15871,20992,1024,1024,-382619.4,-1195302.2999999998,-382465.8,-1195148.7,p0005_0004,5,4,-385000.05,-1191999.9,600.0
2118,1624,L0_1024_s512,1024,512,0.15,153.6,76.8,-382542.45,-1195302.3,15871,21504,1024,1024,-382619.4,-1195379.1,-382465.8,-1195225.5,p0005_0004,5,4,-385000.05,-1191999.9,600.0
2119,1625,L0_1024_s512,1024,512,0.15,153.6,76.8,-382542.45,-1195379.1,15871,22016,1024,1024,-382619.4,-1195455.9,-382465.8,-1195302.2999999998,p0005_0004,5,4,-385000.05,-1191999.9,600.0
2120,1626,L0_1024_s512,1024,512,0.15,153.6,76.8,-382542.45,-1195455.9,15871,22528,1024,1024,-382619.4,-1195532.7,-382465.8,-1195379.1,p0005_0004,5,4,-385000.05,-1191999.9,600.0
2121,1627,L0_1024_s512,1024,512,0.15,153.6,76.8,-382542.45,-1195532.7,15871,23040,1024,1024,-382619.4,-1195609.5,-382465.8,-1195455.9,p0005_0004,5,4,-385000.05,-1191999.9,600.0
2122,1628,L0_1024_s512,1024,512,0.15,153.6,76.8,-382542.45,-1195609.5,15871,23552,1024,1024,-382619.4,-1195686.2999999998,-382465.8,-1195532.7,p0006_0004,6,4,-385000.05,-1191999.9,600.0
2123,1629,L0_1024_s512,1024,512,0.15,153.6,76.8,-382542.45,-1195686.3,15871,24064,1024,1024,-382619.4,-1195763.1,-382465.8,-1195609.5,p0006_0004,6,4,-385000.05,-1191999.9,600.0
2124,1630,L0_1024_s512,1024,512,0.15,153.6,76.8,-382542.45,-1195763.1,15871,24576,1024,1024,-382619.4,-1195839.9,-382465.8,-1195686.2999999998,p0006_0004,6,4,-385000.05,-1191999.9,600.0
2125,1631,L0_1024_s512,1024,512,0.15,153.6,76.8,-382542.45,-1195839.9,15871,25088,1024,1024,-382619.4,-1195916.7,-382465.8,-1195763.1,p0006_0004,6,4,-385000.05,-1191999.9,600.0
2126,1632,L0_1024_s512,1024,512,0.15,153.6,76.8,-382542.45,-1195916.7,15871,25600,1024,1024,-382619.4,-1195993.5,-382465.8,-1195839.9,p0006_0004,6,4,-385000.05,-1191999.9,600.0
2127,1659,L0_1024_s512,1024,512,0.15,153.6,76.8,-382465.65,-1194073.5,16383,13312,1024,1024,-382542.6,-1194150.2999999998,-382389.0,-1193996.7,p0003_0004,3,4,-385000.05,-1191999.9,600.0
2128,1660,L0_1024_s512,1024,512,0.15,153.6,76.8,-382465.65,-1194150.3,16383,13824,1024,1024,-382542.6,-1194227.1,-382389.0,-1194073.5,p0003_0004,3,4,-385000.05,-1191999.9,600.0
2129,1661,L0_1024_s512,1024,512,0.15,153.6,76.8,-382465.65,-1194227.1,16383,14336,1024,1024,-382542.6,-1194303.9,-382389.0,-1194150.2999999998,p0003_0004,3,4,-385000.05,-1191999.9,600.0
2130,1662,L0_1024_s512,1024,512,0.15,153.6,76.8,-382465.65,-1194303.9,16383,14848,1024,1024,-382542.6,-1194380.7,-382389.0,-1194227.1,p0003_0004,3,4,-385000.05,-1191999.9,600.0
2131,1663,L0_1024_s512,1024,512,0.15,153.6,76.8,-382465.65,-1194380.7,16383,15360,1024,1024,-382542.6,-1194457.5,-382389.0,-1194303.9,p0003_0004,3,4,-385000.05,-1191999.9,600.0
2132,1664,L0_1024_s512,1024,512,0.15,153.6,76.8,-382465.65,-1194457.5,16383,15872,1024,1024,-382542.6,-1194534.2999999998,-382389.0,-1194380.7,p0004_0004,4,4,-385000.05,-1191999.9,600.0
2133,1665,L0_1024_s512,1024,512,0.15,153.6,76.8,-382465.65,-1194534.3,16383,16384,1024,1024,-382542.6,-1194611.1,-382389.0,-1194457.5,p0004_0004,4,4,-385000.05,-1191999.9,600.0
2134,1666,L0_1024_s512,1024,512,0.15,153.6,76.8,-382465.65,-1194611.1,16383,16896,1024,1024,-382542.6,-1194687.9,-382389.0,-1194534.2999999998,p0004_0004,4,4,-385000.05,-1191999.9,600.0
2135,1667,L0_1024_s512,1024,512,0.15,153.6,76.8,-382465.65,-1194687.9,16383,17408,1024,1024,-382542.6,-1194764.7,-382389.0,-1194611.1,p0004_0004,4,4,-385000.05,-1191999.9,600.0
2136,1668,L0_1024_s512,1024,512,0.15,153.6,76.8,-382465.65,-1194764.7,16383,17920,1024,1024,-382542.6,-1194841.5,-382389.0,-1194687.9,p0004_0004,4,4,-385000.05,-1191999.9,600.0
2137,1669,L0_1024_s512,1024,512,0.15,153.6,76.8,-382465.65,-1194841.5,16383,18432,1024,1024,-382542.6,-1194918.2999999998,-382389.0,-1194764.7,p0004_0004,4,4,-385000.05,-1191999.9,600.0
2138,1670,L0_1024_s512,1024,512,0.15,153.6,76.8,-382465.65,-1194918.3,16383,18944,1024,1024,-382542.6,-1194995.1,-382389.0,-1194841.5,p0004_0004,4,4,-385000.05,-1191999.9,600.0
2139,1671,L0_1024_s512,1024,512,0.15,153.6,76.8,-382465.65,-1194995.1,16383,19456,1024,1024,-382542.6,-1195071.9,-382389.0,-1194918.2999999998,p0004_0004,4,4,-385000.05,-1191999.9,600.0
2140,1672,L0_1024_s512,1024,512,0.15,153.6,76.8,-382465.65,-1195071.9,16383,19968,1024,1024,-382542.6,-1195148.7,-382389.0,-1194995.1,p0005_0004,5,4,-385000.05,-1191999.9,600.0
2141,1673,L0_1024_s512,1024,512,0.15,153.6,76.8,-382465.65,-1195148.7,16383,20480,1024,1024,-382542.6,-1195225.5,-382389.0,-1195071.9,p0005_0004,5,4,-385000.05,-1191999.9,600.0
2142,1674,L0_1024_s512,1024,512,0.15,153.6,76.8,-382465.65,-1195225.5,16383,20992,1024,1024,-382542.6,-1195302.2999999998,-382389.0,-1195148.7,p0005_0004,5,4,-385000.05,-1191999.9,600.0
2143,1675,L0_1024_s512,1024,512,0.15,153.6,76.8,-382465.65,-1195302.3,16383,21504,1024,1024,-382542.6,-1195379.1,-382389.0,-1195225.5,p0005_0004,5,4,-385000.05,-1191999.9,600.0
2144,1676,L0_1024_s512,1024,512,0.15,153.6,76.8,-382465.65,-1195379.1,16383,22016,1024,1024,-382542.6,-1195455.9,-382389.0,-1195302.2999999998,p0005_0004,5,4,-385000.05,-1191999.9,600.0
2145,1677,L0_1024_s512,1024,512,0.15,153.6,76.8,-382465.65,-1195455.9,16383,22528,1024,1024,-382542.6,-1195532.7,-382389.0,-1195379.1,p0005_0004,5,4,-385000.05,-1191999.9,600.0
2146,1678,L0_1024_s512,1024,512,0.15,153.6,76.8,-382465.65,-1195532.7,16383,23040,1024,1024,-382542.6,-1195609.5,-382389.0,-1195455.9,p0005_0004,5,4,-385000.05,-1191999.9,600.0
2147,1679,L0_1024_s512,1024,512,0.15,153.6,76.8,-382465.65,-1195609.5,16383,23552,1024,1024,-382542.6,-1195686.2999999998,-382389.0,-1195532.7,p0006_0004,6,4,-385000.05,-1191999.9,600.0
2148,1680,L0_1024_s512,1024,512,0.15,153.6,76.8,-382465.65,-1195686.3,16383,24064,1024,1024,-382542.6,-1195763.1,-382389.0,-1195609.5,p0006_0004,6,4,-385000.05,-1191999.9,600.0
2149,1681,L0_1024_s512,1024,512,0.15,153.6,76.8,-382465.65,-1195763.1,16383,24576,1024,1024,-382542.6,-1195839.9,-382389.0,-1195686.2999999998,p0006_0004,6,4,-385000.05,-1191999.9,600.0
2150,1682,L0_1024_s512,1024,512,0.15,153.6,76.8,-382465.65,-1195839.9,16383,25088,1024,1024,-382542.6,-1195916.7,-382389.0,-1195763.1,p0006_0004,6,4,-385000.05,-1191999.9,600.0
2151,1683,L0_1024_s512,1024,512,0.15,153.6,76.8,-382465.65,-1195916.7,16383,25600,1024,1024,-382542.6,-1195993.5,-382389.0,-1195839.9,p0006_0004,6,4,-385000.05,-1191999.9,600.0
2152,1710,L0_1024_s512,1024,512,0.15,153.6,76.8,-382388.85,-1194073.5,16896,13312,1024,1024,-382465.65,-1194150.2999999998,-382312.05,-1193996.7,p0003_0004,3,4,-385000.05,-1191999.9,600.0
2153,1711,L0_1024_s512,1024,512,0.15,153.6,76.8,-382388.85,-1194150.3,16896,13824,1024,1024,-382465.65,-1194227.1,-382312.05,-1194073.5,p0003_0004,3,4,-385000.05,-1191999.9,600.0
2154,1712,L0_1024_s512,1024,512,0.15,153.6,76.8,-382388.85,-1194227.1,16896,14336,1024,1024,-382465.65,-1194303.9,-382312.05,-1194150.2999999998,p0003_0004,3,4,-385000.05,-1191999.9,600.0
2155,1713,L0_1024_s512,1024,512,0.15,153.6,76.8,-382388.85,-1194303.9,16896,14848,1024,1024,-382465.65,-1194380.7,-382312.05,-1194227.1,p0003_0004,3,4,-385000.05,-1191999.9,600.0
2156,1714,L0_1024_s512,1024,512,0.15,153.6,76.8,-382388.85,-1194380.7,16896,15360,1024,1024,-382465.65,-1194457.5,-382312.05,-1194303.9,p0003_0004,3,4,-385000.05,-1191999.9,600.0
2157,1715,L0_1024_s512,1024,512,0.15,153.6,76.8,-382388.85,-1194457.5,16896,15872,1024,1024,-382465.65,-1194534.2999999998,-382312.05,-1194380.7,p0004_0004,4,4,-385000.05,-1191999.9,600.0
2158,1716,L0_1024_s512,1024,512,0.15,153.6,76.8,-382388.85,-1194534.3,16896,16384,1024,1024,-382465.65,-1194611.1,-382312.05,-1194457.5,p0004_0004,4,4,-385000.05,-1191999.9,600.0
2159,1717,L0_1024_s512,1024,512,0.15,153.6,76.8,-382388.85,-1194611.1,16896,16896,1024,1024,-382465.65,-1194687.9,-382312.05,-1194534.2999999998,p0004_0004,4,4,-385000.05,-1191999.9,600.0
2160,1718,L0_1024_s512,1024,512,0.15,153.6,76.8,-382388.85,-1194687.9,16896,17408,1024,1024,-382465.65,-1194764.7,-382312.05,-1194611.1,p0004_0004,4,4,-385000.05,-1191999.9,600.0
2161,1719,L0_1024_s512,1024,512,0.15,153.6,76.8,-382388.85,-1194764.7,16896,17920,1024,1024,-382465.65,-1194841.5,-382312.05,-1194687.9,p0004_0004,4,4,-385000.05,-1191999.9,600.0
2162,1720,L0_1024_s512,1024,512,0.15,153.6,76.8,-382388.85,-1194841.5,16896,18432,1024,1024,-382465.65,-1194918.2999999998,-382312.05,-1194764.7,p0004_0004,4,4,-385000.05,-1191999.9,600.0
2163,1721,L0_1024_s512,1024,512,0.15,153.6,76.8,-382388.85,-1194918.3,16896,18944,1024,1024,-382465.65,-1194995.1,-382312.05,-1194841.5,p0004_0004,4,4,-385000.05,-1191999.9,600.0
2164,1722,L0_1024_s512,1024,512,0.15,153.6,76.8,-382388.85,-1194995.1,16896,19456,1024,1024,-382465.65,-1195071.9,-382312.05,-1194918.2999999998,p0004_0004,4,4,-385000.05,-1191999.9,600.0
2165,1723,L0_1024_s512,1024,512,0.15,153.6,76.8,-382388.85,-1195071.9,16896,19968,1024,1024,-382465.65,-1195148.7,-382312.05,-1194995.1,p0005_0004,5,4,-385000.05,-1191999.9,600.0
2166,1724,L0_1024_s512,1024,512,0.15,153.6,76.8,-382388.85,-1195148.7,16896,20480,1024,1024,-382465.65,-1195225.5,-382312.05,-1195071.9,p0005_0004,5,4,-385000.05,-1191999.9,600.0
2167,1725,L0_1024_s512,1024,512,0.15,153.6,76.8,-382388.85,-1195225.5,16896,20992,1024,1024,-382465.65,-1195302.2999999998,-382312.05,-1195148.7,p0005_0004,5,4,-385000.05,-1191999.9,600.0
2168,1726,L0_1024_s512,1024,512,0.15,153.6,76.8,-382388.85,-1195302.3,16896,21504,1024,1024,-382465.65,-1195379.1,-382312.05,-1195225.5,p0005_0004,5,4,-385000.05,-1191999.9,600.0
2169,1727,L0_1024_s512,1024,512,0.15,153.6,76.8,-382388.85,-1195379.1,16896,22016,1024,1024,-382465.65,-1195455.9,-382312.05,-1195302.2999999998,p0005_0004,5,4,-385000.05,-1191999.9,600.0
2170,1728,L0_1024_s512,1024,512,0.15,153.6,76.8,-382388.85,-1195455.9,16896,22528,1024,1024,-382465.65,-1195532.7,-382312.05,-1195379.1,p0005_0004,5,4,-385000.05,-1191999.9,600.0
2171,1729,L0_1024_s512,1024,512,0.15,153.6,76.8,-382388.85,-1195532.7,16896,23040,1024,1024,-382465.65,-1195609.5,-382312.05,-1195455.9,p0005_0004,5,4,-385000.05,-1191999.9,600.0
2172,1730,L0_1024_s512,1024,512,0.15,153.6,76.8,-382388.85,-1195609.5,16896,23552,1024,1024,-382465.65,-1195686.2999999998,-382312.05,-1195532.7,p0006_0004,6,4,-385000.05,-1191999.9,600.0
2173,1731,L0_1024_s512,1024,512,0.15,153.6,76.8,-382388.85,-1195686.3,16896,24064,1024,1024,-382465.65,-1195763.1,-382312.05,-1195609.5,p0006_0004,6,4,-385000.05,-1191999.9,600.0
2174,1732,L0_1024_s512,1024,512,0.15,153.6,76.8,-382388.85,-1195763.1,16896,24576,1024,1024,-382465.65,-1195839.9,-382312.05,-1195686.2999999998,p0006_0004,6,4,-385000.05,-1191999.9,600.0
2175,1733,L0_1024_s512,1024,512,0.15,153.6,76.8,-382388.85,-1195839.9,16896,25088,1024,1024,-382465.65,-1195916.7,-382312.05,-1195763.1,p0006_0004,6,4,-385000.05,-1191999.9,600.0
2176,1734,L0_1024_s512,1024,512,0.15,153.6,76.8,-382388.85,-1195916.7,16896,25600,1024,1024,-382465.65,-1195993.5,-382312.05,-1195839.9,p0006_0004,6,4,-385000.05,-1191999.9,600.0
2177,1761,L0_1024_s512,1024,512,0.15,153.6,76.8,-382312.05,-1194073.5,17408,13312,1024,1024,-382388.85,-1194150.2999999998,-382235.25,-1193996.7,p0003_0004,3,4,-385000.05,-1191999.9,600.0
2178,1762,L0_1024_s512,1024,512,0.15,153.6,76.8,-382312.05,-1194150.3,17408,13824,1024,1024,-382388.85,-1194227.1,-382235.25,-1194073.5,p0003_0004,3,4,-385000.05,-1191999.9,600.0
2179,1763,L0_1024_s512,1024,512,0.15,153.6,76.8,-382312.05,-1194227.1,17408,14336,1024,1024,-382388.85,-1194303.9,-382235.25,-1194150.2999999998,p0003_0004,3,4,-385000.05,-1191999.9,600.0
2180,1764,L0_1024_s512,1024,512,0.15,153.6,76.8,-382312.05,-1194303.9,17408,14848,1024,1024,-382388.85,-1194380.7,-382235.25,-1194227.1,p0003_0004,3,4,-385000.05,-1191999.9,600.0
2181,1765,L0_1024_s512,1024,512,0.15,153.6,76.8,-382312.05,-1194380.7,17408,15360,1024,1024,-382388.85,-1194457.5,-382235.25,-1194303.9,p0003_0004,3,4,-385000.05,-1191999.9,600.0
2182,1766,L0_1024_s512,1024,512,0.15,153.6,76.8,-382312.05,-1194457.5,17408,15872,1024,1024,-382388.85,-1194534.2999999998,-382235.25,-1194380.7,p0004_0004,4,4,-385000.05,-1191999.9,600.0
2183,1767,L0_1024_s512,1024,512,0.15,153.6,76.8,-382312.05,-1194534.3,17408,16384,1024,1024,-382388.85,-1194611.1,-382235.25,-1194457.5,p0004_0004,4,4,-385000.05,-1191999.9,600.0
2184,1768,L0_1024_s512,1024,512,0.15,153.6,76.8,-382312.05,-1194611.1,17408,16896,1024,1024,-382388.85,-1194687.9,-382235.25,-1194534.2999999998,p0004_0004,4,4,-385000.05,-1191999.9,600.0
2185,1769,L0_1024_s512,1024,512,0.15,153.6,76.8,-382312.05,-1194687.9,17408,17408,1024,1024,-382388.85,-1194764.7,-382235.25,-1194611.1,p0004_0004,4,4,-385000.05,-1191999.9,600.0
2186,1770,L0_1024_s512,1024,512,0.15,153.6,76.8,-382312.05,-1194764.7,17408,17920,1024,1024,-382388.85,-1194841.5,-382235.25,-1194687.9,p0004_0004,4,4,-385000.05,-1191999.9,600.0
2187,1771,L0_1024_s512,1024,512,0.15,153.6,76.8,-382312.05,-1194841.5,17408,18432,1024,1024,-382388.85,-1194918.2999999998,-382235.25,-1194764.7,p0004_0004,4,4,-385000.05,-1191999.9,600.0
2188,1772,L0_1024_s512,1024,512,0.15,153.6,76.8,-382312.05,-1194918.3,17408,18944,1024,1024,-382388.85,-1194995.1,-382235.25,-1194841.5,p0004_0004,4,4,-385000.05,-1191999.9,600.0
2189,1773,L0_1024_s512,1024,512,0.15,153.6,76.8,-382312.05,-1194995.1,17408,19456,1024,1024,-382388.85,-1195071.9,-382235.25,-1194918.2999999998,p0004_0004,4,4,-385000.05,-1191999.9,600.0
2190,1774,L0_1024_s512,1024,512,0.15,153.6,76.8,-382312.05,-1195071.9,17408,19968,1024,1024,-382388.85,-1195148.7,-382235.25,-1194995.1,p0005_0004,5,4,-385000.05,-1191999.9,600.0
2191,1775,L0_1024_s512,1024,512,0.15,153.6,76.8,-382312.05,-1195148.7,17408,20480,1024,1024,-382388.85,-1195225.5,-382235.25,-1195071.9,p0005_0004,5,4,-385000.05,-1191999.9,600.0
2192,1776,L0_1024_s512,1024,512,0.15,153.6,76.8,-382312.05,-1195225.5,17408,20992,1024,1024,-382388.85,-1195302.2999999998,-382235.25,-1195148.7,p0005_0004,5,4,-385000.05,-1191999.9,600.0
2193,1777,L0_1024_s512,1024,512,0.15,153.6,76.8,-382312.05,-1195302.3,17408,21504,1024,1024,-382388.85,-1195379.1,-382235.25,-1195225.5,p0005_0004,5,4,-385000.05,-1191999.9,600.0
2194,1778,L0_1024_s512,1024,512,0.15,153.6,76.8,-382312.05,-1195379.1,17408,22016,1024,1024,-382388.85,-1195455.9,-382235.25,-1195302.2999999998,p0005_0004,5,4,-385000.05,-1191999.9,600.0
2195,1779,L0_1024_s512,1024,512,0.15,153.6,76.8,-382312.05,-1195455.9,17408,22528,1024,1024,-382388.85,-1195532.7,-382235.25,-1195379.1,p0005_0004,5,4,-385000.05,-1191999.9,600.0
2196,1780,L0_1024_s512,1024,512,0.15,153.6,76.8,-382312.05,-1195532.7,17408,23040,1024,1024,-382388.85,-1195609.5,-382235.25,-1195455.9,p0005_0004,5,4,-385000.05,-1191999.9,600.0
2197,1781,L0_1024_s512,1024,512,0.15,153.6,76.8,-382312.05,-1195609.5,17408,23552,1024,1024,-382388.85,-1195686.2999999998,-382235.25,-1195532.7,p0006_0004,6,4,-385000.05,-1191999.9,600.0
2198,1782,L0_1024_s512,1024,512,0.15,153.6,76.8,-382312.05,-1195686.3,17408,24064,1024,1024,-382388.85,-1195763.1,-382235.25,-1195609.5,p0006_0004,6,4,-385000.05,-1191999.9,600.0
2199,1783,L0_1024_s512,1024,512,0.15,153.6,76.8,-382312.05,-1195763.1,17408,24576,1024,1024,-382388.85,-1195839.9,-382235.25,-1195686.2999999998,p0006_0004,6,4,-385000.05,-1191999.9,600.0
2200,1784,L0_1024_s512,1024,512,0.15,153.6,76.8,-382312.05,-1195839.9,17408,25088,1024,1024,-382388.85,-1195916.7,-382235.25,-1195763.1,p0006_0004,6,4,-385000.05,-1191999.9,600.0
2201,1785,L0_1024_s512,1024,512,0.15,153.6,76.8,-382312.05,-1195916.7,17408,25600,1024,1024,-382388.85,-1195993.5,-382235.25,-1195839.9,p0006_0004,6,4,-385000.05,-1191999.9,600.0
2202,1812,L0_1024_s512,1024,512,0.15,153.6,76.8,-382235.25,-1194073.5,17919,13312,1024,1024,-382312.2,-1194150.2999999998,-382158.6,-1193996.7,p0003_0004,3,4,-385000.05,-1191999.9,600.0
2203,1813,L0_1024_s512,1024,512,0.15,153.6,76.8,-382235.25,-1194150.3,17919,13824,1024,1024,-382312.2,-1194227.1,-382158.6,-1194073.5,p0003_0004,3,4,-385000.05,-1191999.9,600.0
2204,1814,L0_1024_s512,1024,512,0.15,153.6,76.8,-382235.25,-1194227.1,17919,14336,1024,1024,-382312.2,-1194303.9,-382158.6,-1194150.2999999998,p0003_0004,3,4,-385000.05,-1191999.9,600.0
2205,1815,L0_1024_s512,1024,512,0.15,153.6,76.8,-382235.25,-1194303.9,17919,14848,1024,1024,-382312.2,-1194380.7,-382158.6,-1194227.1,p0003_0004,3,4,-385000.05,-1191999.9,600.0
2206,1816,L0_1024_s512,1024,512,0.15,153.6,76.8,-382235.25,-1194380.7,17919,15360,1024,1024,-382312.2,-1194457.5,-382158.6,-1194303.9,p0003_0004,3,4,-385000.05,-1191999.9,600.0
2207,1817,L0_1024_s512,1024,512,0.15,153.6,76.8,-382235.25,-1194457.5,17919,15872,1024,1024,-382312.2,-1194534.2999999998,-382158.6,-1194380.7,p0004_0004,4,4,-385000.05,-1191999.9,600.0
2208,1818,L0_1024_s512,1024,512,0.15,153.6,76.8,-382235.25,-1194534.3,17919,16384,1024,1024,-382312.2,-1194611.1,-382158.6,-1194457.5,p0004_0004,4,4,-385000.05,-1191999.9,600.0
2209,1819,L0_1024_s512,1024,512,0.15,153.6,76.8,-382235.25,-1194611.1,17919,16896,1024,1024,-382312.2,-1194687.9,-382158.6,-1194534.2999999998,p0004_0004,4,4,-385000.05,-1191999.9,600.0
2210,1820,L0_1024_s512,1024,512,0.15,153.6,76.8,-382235.25,-1194687.9,17919,17408,1024,1024,-382312.2,-1194764.7,-382158.6,-1194611.1,p0004_0004,4,4,-385000.05,-1191999.9,600.0
2211,1821,L0_1024_s512,1024,512,0.15,153.6,76.8,-382235.25,-1194764.7,17919,17920,1024,1024,-382312.2,-1194841.5,-382158.6,-1194687.9,p0004_0004,4,4,-385000.05,-1191999.9,600.0
2212,1822,L0_1024_s512,1024,512,0.15,153.6,76.8,-382235.25,-1194841.5,17919,18432,1024,1024,-382312.2,-1194918.2999999998,-382158.6,-1194764.7,p0004_0004,4,4,-385000.05,-1191999.9,600.0
2213,1823,L0_1024_s512,1024,512,0.15,153.6,76.8,-382235.25,-1194918.3,17919,18944,1024,1024,-382312.2,-1194995.1,-382158.6,-1194841.5,p0004_0004,4,4,-385000.05,-1191999.9,600.0
2214,1824,L0_1024_s512,1024,512,0.15,153.6,76.8,-382235.25,-1194995.1,17919,19456,1024,1024,-382312.2,-1195071.9,-382158.6,-1194918.2999999998,p0004_0004,4,4,-385000.05,-1191999.9,600.0
2215,1825,L0_1024_s512,1024,512,0.15,153.6,76.8,-382235.25,-1195071.9,17919,19968,1024,1024,-382312.2,-1195148.7,-382158.6,-1194995.1,p0005_0004,5,4,-385000.05,-1191999.9,600.0
2216,1826,L0_1024_s512,1024,512,0.15,153.6,76.8,-382235.25,-1195148.7,17919,20480,1024,1024,-382312.2,-1195225.5,-382158.6,-1195071.9,p0005_0004,5,4,-385000.05,-1191999.9,600.0
2217,1827,L0_1024_s512,1024,512,0.15,153.6,76.8,-382235.25,-1195225.5,17919,20992,1024,1024,-382312.2,-1195302.2999999998,-382158.6,-1195148.7,p0005_0004,5,4,-385000.05,-1191999.9,600.0
2218,1828,L0_1024_s512,1024,512,0.15,153.6,76.8,-382235.25,-1195302.3,17919,21504,1024,1024,-382312.2,-1195379.1,-382158.6,-1195225.5,p0005_0004,5,4,-385000.05,-1191999.9,600.0
2219,1829,L0_1024_s512,1024,512,0.15,153.6,76.8,-382235.25,-1195379.1,17919,22016,1024,1024,-382312.2,-1195455.9,-382158.6,-1195302.2999999998,p0005_0004,5,4,-385000.05,-1191999.9,600.0
2220,1830,L0_1024_s512,1024,512,0.15,153.6,76.8,-382235.25,-1195455.9,17919,22528,1024,1024,-382312.2,-1195532.7,-382158.6,-1195379.1,p0005_0004,5,4,-385000.05,-1191999.9,600.0
2221,1831,L0_1024_s512,1024,512,0.15,153.6,76.8,-382235.25,-1195532.7,17919,23040,1024,1024,-382312.2,-1195609.5,-382158.6,-1195455.9,p0005_0004,5,4,-385000.05,-1191999.9,600.0
2222,1832,L0_1024_s512,1024,512,0.15,153.6,76.8,-382235.25,-1195609.5,17919,23552,1024,1024,-382312.2,-1195686.2999999998,-382158.6,-1195532.7,p0006_0004,6,4,-385000.05,-1191999.9,600.0
2223,1833,L0_1024_s512,1024,512,0.15,153.6,76.8,-382235.25,-1195686.3,17919,24064,1024,1024,-382312.2,-1195763.1,-382158.6,-1195609.5,p0006_0004,6,4,-385000.05,-1191999.9,600.0
2224,1834,L0_1024_s512,1024,512,0.15,153.6,76.8,-382235.25,-1195763.1,17919,24576,1024,1024,-382312.2,-1195839.9,-382158.6,-1195686.2999999998,p0006_0004,6,4,-385000.05,-1191999.9,600.0
2225,1835,L0_1024_s512,1024,512,0.15,153.6,76.8,-382235.25,-1195839.9,17919,25088,1024,1024,-382312.2,-1195916.7,-382158.6,-1195763.1,p0006_0004,6,4,-385000.05,-1191999.9,600.0
2226,1836,L0_1024_s512,1024,512,0.15,153.6,76.8,-382235.25,-1195916.7,17919,25600,1024,1024,-382312.2,-1195993.5,-382158.6,-1195839.9,p0006_0004,6,4,-385000.05,-1191999.9,600.0
2227,1871,L0_1024_s512,1024,512,0.15,153.6,76.8,-382158.45,-1194687.9,18431,17408,1024,1024,-382235.4,-1194764.7,-382081.8,-1194611.1,p0004_0004,4,4,-385000.05,-1191999.9,600.0
2228,1870,L0_1024_s512,1024,512,0.15,153.6,76.8,-382158.45,-1194611.1,18431,16896,1024,1024,-382235.4,-1194687.9,-382081.8,-1194534.2999999998,p0004_0004,4,4,-385000.05,-1191999.9,600.0
2229,1869,L0_1024_s512,1024,512,0.15,153.6,76.8,-382158.45,-1194534.3,18431,16384,1024,1024,-382235.4,-1194611.1,-382081.8,-1194457.5,p0004_0004,4,4,-385000.05,-1191999.9,600.0
2230,1868,L0_1024_s512,1024,512,0.15,153.6,76.8,-382158.45,-1194457.5,18431,15872,1024,1024,-382235.4,-1194534.2999999998,-382081.8,-1194380.7,p0004_0004,4,4,-385000.05,-1191999.9,600.0
2231,1867,L0_1024_s512,1024,512,0.15,153.6,76.8,-382158.45,-1194380.7,18431,15360,1024,1024,-382235.4,-1194457.5,-382081.8,-1194303.9,p0003_0004,3,4,-385000.05,-1191999.9,600.0
2232,1866,L0_1024_s512,1024,512,0.15,153.6,76.8,-382158.45,-1194303.9,18431,14848,1024,1024,-382235.4,-1194380.7,-382081.8,-1194227.1,p0003_0004,3,4,-385000.05,-1191999.9,600.0
2233,1865,L0_1024_s512,1024,512,0.15,153.6,76.8,-382158.45,-1194227.1,18431,14336,1024,1024,-382235.4,-1194303.9,-382081.8,-1194150.2999999998,p0003_0004,3,4,-385000.05,-1191999.9,600.0
2234,1864,L0_1024_s512,1024,512,0.15,153.6,76.8,-382158.45,-1194150.3,18431,13824,1024,1024,-382235.4,-1194227.1,-382081.8,-1194073.5,p0003_0004,3,4,-385000.05,-1191999.9,600.0
2235,1863,L0_1024_s512,1024,512,0.15,153.6,76.8,-382158.45,-1194073.5,18431,13312,1024,1024,-382235.4,-1194150.2999999998,-382081.8,-1193996.7,p0003_0004,3,4,-385000.05,-1191999.9,600.0
2236,1872,L0_1024_s512,1024,512,0.15,153.6,76.8,-382158.45,-1194764.7,18431,17920,1024,1024,-382235.4,-1194841.5,-382081.8,-1194687.9,p0004_0004,4,4,-385000.05,-1191999.9,600.0
2237,1873,L0_1024_s512,1024,512,0.15,153.6,76.8,-382158.45,-1194841.5,18431,18432,1024,1024,-382235.4,-1194918.2999999998,-382081.8,-1194764.7,p0004_0004,4,4,-385000.05,-1191999.9,600.0
2238,1874,L0_1024_s512,1024,512,0.15,153.6,76.8,-382158.45,-1194918.3,18431,18944,1024,1024,-382235.4,-1194995.1,-382081.8,-1194841.5,p0004_0004,4,4,-385000.05,-1191999.9,600.0
2239,1875,L0_1024_s512,1024,512,0.15,153.6,76.8,-382158.45,-1194995.1,18431,19456,1024,1024,-382235.4,-1195071.9,-382081.8,-1194918.2999999998,p0004_0004,4,4,-385000.05,-1191999.9,600.0
2240,1876,L0_1024_s512,1024,512,0.15,153.6,76.8,-382158.45,-1195071.9,18431,19968,1024,1024,-382235.4,-1195148.7,-382081.8,-1194995.1,p0005_0004,5,4,-385000.05,-1191999.9,600.0
2241,1877,L0_1024_s512,1024,512,0.15,153.6,76.8,-382158.45,-1195148.7,18431,20480,1024,1024,-382235.4,-1195225.5,-382081.8,-1195071.9,p0005_0004,5,4,-385000.05,-1191999.9,600.0
2242,1878,L0_1024_s512,1024,512,0.15,153.6,76.8,-382158.45,-1195225.5,18431,20992,1024,1024,-382235.4,-1195302.2999999998,-382081.8,-1195148.7,p0005_0004,5,4,-385000.05,-1191999.9,600.0
2243,1879,L0_1024_s512,1024,512,0.15,153.6,76.8,-382158.45,-1195302.3,18431,21504,1024,1024,-382235.4,-1195379.1,-382081.8,-1195225.5,p0005_0004,5,4,-385000.05,-1191999.9,600.0
2244,1880,L0_1024_s512,1024,512,0.15,153.6,76.8,-382158.45,-1195379.1,18431,22016,1024,1024,-382235.4,-1195455.9,-382081.8,-1195302.2999999998,p0005_0004,5,4,-385000.05,-1191999.9,600.0
2245,1881,L0_1024_s512,1024,512,0.15,153.6,76.8,-382158.45,-1195455.9,18431,22528,1024,1024,-382235.4,-1195532.7,-382081.8,-1195379.1,p0005_0004,5,4,-385000.05,-1191999.9,600.0
2246,1882,L0_1024_s512,1024,512,0.15,153.6,76.8,-382158.45,-1195532.7,18431,23040,1024,1024,-382235.4,-1195609.5,-382081.8,-1195455.9,p0005_0004,5,4,-385000.05,-1191999.9,600.0
2247,1883,L0_1024_s512,1024,512,0.15,153.6,76.8,-382158.45,-1195609.5,18431,23552,1024,1024,-382235.4,-1195686.2999999998,-382081.8,-1195532.7,p0006_0004,6,4,-385000.05,-1191999.9,600.0
2248,1884,L0_1024_s512,1024,512,0.15,153.6,76.8,-382158.45,-1195686.3,18431,24064,1024,1024,-382235.4,-1195763.1,-382081.8,-1195609.5,p0006_0004,6,4,-385000.05,-1191999.9,600.0
2249,1885,L0_1024_s512,1024,512,0.15,153.6,76.8,-382158.45,-1195763.1,18431,24576,1024,1024,-382235.4,-1195839.9,-382081.8,-1195686.2999999998,p0006_0004,6,4,-385000.05,-1191999.9,600.0
2250,1886,L0_1024_s512,1024,512,0.15,153.6,76.8,-382158.45,-1195839.9,18431,25088,1024,1024,-382235.4,-1195916.7,-382081.8,-1195763.1,p0006_0004,6,4,-385000.05,-1191999.9,600.0
2251,1887,L0_1024_s512,1024,512,0.15,153.6,76.8,-382158.45,-1195916.7,18431,25600,1024,1024,-382235.4,-1195993.5,-382081.8,-1195839.9,p0006_0004,6,4,-385000.05,-1191999.9,600.0
2252,1914,L0_1024_s512,1024,512,0.15,153.6,76.8,-382081.65,-1194073.5,18943,13312,1024,1024,-382158.6,-1194150.2999999998,-382005.0,-1193996.7,p0003_0004,3,4,-385000.05,-1191999.9,600.0
2253,1915,L0_1024_s512,1024,512,0.15,153.6,76.8,-382081.65,-1194150.3,18943,13824,1024,1024,-382158.6,-1194227.1,-382005.0,-1194073.5,p0003_0004,3,4,-385000.05,-1191999.9,600.0
2254,1916,L0_1024_s512,1024,512,0.15,153.6,76.8,-382081.65,-1194227.1,18943,14336,1024,1024,-382158.6,-1194303.9,-382005.0,-1194150.2999999998,p0003_0004,3,4,-385000.05,-1191999.9,600.0
2255,1917,L0_1024_s512,1024,512,0.15,153.6,76.8,-382081.65,-1194303.9,18943,14848,1024,1024,-382158.6,-1194380.7,-382005.0,-1194227.1,p0003_0004,3,4,-385000.05,-1191999.9,600.0
2256,1918,L0_1024_s512,1024,512,0.15,153.6,76.8,-382081.65,-1194380.7,18943,15360,1024,1024,-382158.6,-1194457.5,-382005.0,-1194303.9,p0003_0004,3,4,-385000.05,-1191999.9,600.0
2257,1919,L0_1024_s512,1024,512,0.15,153.6,76.8,-382081.65,-1194457.5,18943,15872,1024,1024,-382158.6,-1194534.2999999998,-382005.0,-1194380.7,p0004_0004,4,4,-385000.05,-1191999.9,600.0
2258,1920,L0_1024_s512,1024,512,0.15,153.6,76.8,-382081.65,-1194534.3,18943,16384,1024,1024,-382158.6,-1194611.1,-382005.0,-1194457.5,p0004_0004,4,4,-385000.05,-1191999.9,600.0
2259,1921,L0_1024_s512,1024,512,0.15,153.6,76.8,-382081.65,-1194611.1,18943,16896,1024,1024,-382158.6,-1194687.9,-382005.0,-1194534.2999999998,p0004_0004,4,4,-385000.05,-1191999.9,600.0
2260,1922,L0_1024_s512,1024,512,0.15,153.6,76.8,-382081.65,-1194687.9,18943,17408,1024,1024,-382158.6,-1194764.7,-382005.0,-1194611.1,p0004_0004,4,4,-385000.05,-1191999.9,600.0
2261,1923,L0_1024_s512,1024,512,0.15,153.6,76.8,-382081.65,-1194764.7,18943,17920,1024,1024,-382158.6,-1194841.5,-382005.0,-1194687.9,p0004_0004,4,4,-385000.05,-1191999.9,600.0
2262,1924,L0_1024_s512,1024,512,0.15,153.6,76.8,-382081.65,-1194841.5,18943,18432,1024,1024,-382158.6,-1194918.2999999998,-382005.0,-1194764.7,p0004_0004,4,4,-385000.05,-1191999.9,600.0
2263,1925,L0_1024_s512,1024,512,0.15,153.6,76.8,-382081.65,-1194918.3,18943,18944,1024,1024,-382158.6,-1194995.1,-382005.0,-1194841.5,p0004_0004,4,4,-385000.05,-1191999.9,600.0
2264,1926,L0_1024_s512,1024,512,0.15,153.6,76.8,-382081.65,-1194995.1,18943,19456,1024,1024,-382158.6,-1195071.9,-382005.0,-1194918.2999999998,p0004_0004,4,4,-385000.05,-1191999.9,600.0
2265,1927,L0_1024_s512,1024,512,0.15,153.6,76.8,-382081.65,-1195071.9,18943,19968,1024,1024,-382158.6,-1195148.7,-382005.0,-1194995.1,p0005_0004,5,4,-385000.05,-1191999.9,600.0
2266,1928,L0_1024_s512,1024,512,0.15,153.6,76.8,-382081.65,-1195148.7,18943,20480,1024,1024,-382158.6,-1195225.5,-382005.0,-1195071.9,p0005_0004,5,4,-385000.05,-1191999.9,600.0
2267,1929,L0_1024_s512,1024,512,0.15,153.6,76.8,-382081.65,-1195225.5,18943,20992,1024,1024,-382158.6,-1195302.2999999998,-382005.0,-1195148.7,p0005_0004,5,4,-385000.05,-1191999.9,600.0
2268,1930,L0_1024_s512,1024,512,0.15,153.6,76.8,-382081.65,-1195302.3,18943,21504,1024,1024,-382158.6,-1195379.1,-382005.0,-1195225.5,p0005_0004,5,4,-385000.05,-1191999.9,600.0
2269,1931,L0_1024_s512,1024,512,0.15,153.6,76.8,-382081.65,-1195379.1,18943,22016,1024,1024,-382158.6,-1195455.9,-382005.0,-1195302.2999999998,p0005_0004,5,4,-385000.05,-1191999.9,600.0
2270,1932,L0_1024_s512,1024,512,0.15,153.6,76.8,-382081.65,-1195455.9,18943,22528,1024,1024,-382158.6,-1195532.7,-382005.0,-1195379.1,p0005_0004,5,4,-385000.05,-1191999.9,600.0
2271,1933,L0_1024_s512,1024,512,0.15,153.6,76.8,-382081.65,-1195532.7,18943,23040,1024,1024,-382158.6,-1195609.5,-382005.0,-1195455.9,p0005_0004,5,4,-385000.05,-1191999.9,600.0
2272,1934,L0_1024_s512,1024,512,0.15,153.6,76.8,-382081.65,-1195609.5,18943,23552,1024,1024,-382158.6,-1195686.2999999998,-382005.0,-1195532.7,p0006_0004,6,4,-385000.05,-1191999.9,600.0
2273,1935,L0_1024_s512,1024,512,0.15,153.6,76.8,-382081.65,-1195686.3,18943,24064,1024,1024,-382158.6,-1195763.1,-382005.0,-1195609.5,p0006_0004,6,4,-385000.05,-1191999.9,600.0
2274,1936,L0_1024_s512,1024,512,0.15,153.6,76.8,-382081.65,-1195763.1,18943,24576,1024,1024,-382158.6,-1195839.9,-382005.0,-1195686.2999999998,p0006_0004,6,4,-385000.05,-1191999.9,600.0
2275,1937,L0_1024_s512,1024,512,0.15,153.6,76.8,-382081.65,-1195839.9,18943,25088,1024,1024,-382158.6,-1195916.7,-382005.0,-1195763.1,p0006_0004,6,4,-385000.05,-1191999.9,600.0
2276,1938,L0_1024_s512,1024,512,0.15,153.6,76.8,-382081.65,-1195916.7,18943,25600,1024,1024,-382158.6,-1195993.5,-382005.0,-1195839.9,p0006_0004,6,4,-385000.05,-1191999.9,600.0
2277,1965,L0_1024_s512,1024,512,0.15,153.6,76.8,-382004.85,-1194073.5,19456,13312,1024,1024,-382081.65,-1194150.2999999998,-381928.05,-1193996.7,p0003_0004,3,4,-385000.05,-1191999.9,600.0
2278,1966,L0_1024_s512,1024,512,0.15,153.6,76.8,-382004.85,-1194150.3,19456,13824,1024,1024,-382081.65,-1194227.1,-381928.05,-1194073.5,p0003_0004,3,4,-385000.05,-1191999.9,600.0
2279,1967,L0_1024_s512,1024,512,0.15,153.6,76.8,-382004.85,-1194227.1,19456,14336,1024,1024,-382081.65,-1194303.9,-381928.05,-1194150.2999999998,p0003_0004,3,4,-385000.05,-1191999.9,600.0
2280,1968,L0_1024_s512,1024,512,0.15,153.6,76.8,-382004.85,-1194303.9,19456,14848,1024,1024,-382081.65,-1194380.7,-381928.05,-1194227.1,p0003_0004,3,4,-385000.05,-1191999.9,600.0
2281,1969,L0_1024_s512,1024,512,0.15,153.6,76.8,-382004.85,-1194380.7,19456,15360,1024,1024,-382081.65,-1194457.5,-381928.05,-1194303.9,p0003_0004,3,4,-385000.05,-1191999.9,600.0
2282,1970,L0_1024_s512,1024,512,0.15,153.6,76.8,-382004.85,-1194457.5,19456,15872,1024,1024,-382081.65,-1194534.2999999998,-381928.05,-1194380.7,p0004_0004,4,4,-385000.05,-1191999.9,600.0
2283,1971,L0_1024_s512,1024,512,0.15,153.6,76.8,-382004.85,-1194534.3,19456,16384,1024,1024,-382081.65,-1194611.1,-381928.05,-1194457.5,p0004_0004,4,4,-385000.05,-1191999.9,600.0
2284,1972,L0_1024_s512,1024,512,0.15,153.6,76.8,-382004.85,-1194611.1,19456,16896,1024,1024,-382081.65,-1194687.9,-381928.05,-1194534.2999999998,p0004_0004,4,4,-385000.05,-1191999.9,600.0
2285,1973,L0_1024_s512,1024,512,0.15,153.6,76.8,-382004.85,-1194687.9,19456,17408,1024,1024,-382081.65,-1194764.7,-381928.05,-1194611.1,p0004_0004,4,4,-385000.05,-1191999.9,600.0
2286,1974,L0_1024_s512,1024,512,0.15,153.6,76.8,-382004.85,-1194764.7,19456,17920,1024,1024,-382081.65,-1194841.5,-381928.05,-1194687.9,p0004_0004,4,4,-385000.05,-1191999.9,600.0
2287,1975,L0_1024_s512,1024,512,0.15,153.6,76.8,-382004.85,-1194841.5,19456,18432,1024,1024,-382081.65,-1194918.2999999998,-381928.05,-1194764.7,p0004_0004,4,4,-385000.05,-1191999.9,600.0
2288,1976,L0_1024_s512,1024,512,0.15,153.6,76.8,-382004.85,-1194918.3,19456,18944,1024,1024,-382081.65,-1194995.1,-381928.05,-1194841.5,p0004_0004,4,4,-385000.05,-1191999.9,600.0
2289,1977,L0_1024_s512,1024,512,0.15,153.6,76.8,-382004.85,-1194995.1,19456,19456,1024,1024,-382081.65,-1195071.9,-381928.05,-1194918.2999999998,p0004_0004,4,4,-385000.05,-1191999.9,600.0
2290,1978,L0_1024_s512,1024,512,0.15,153.6,76.8,-382004.85,-1195071.9,19456,19968,1024,1024,-382081.65,-1195148.7,-381928.05,-1194995.1,p0005_0004,5,4,-385000.05,-1191999.9,600.0
2291,1979,L0_1024_s512,1024,512,0.15,153.6,76.8,-382004.85,-1195148.7,19456,20480,1024,1024,-382081.65,-1195225.5,-381928.05,-1195071.9,p0005_0004,5,4,-385000.05,-1191999.9,600.0
2292,1980,L0_1024_s512,1024,512,0.15,153.6,76.8,-382004.85,-1195225.5,19456,20992,1024,1024,-382081.65,-1195302.2999999998,-381928.05,-1195148.7,p0005_0004,5,4,-385000.05,-1191999.9,600.0
2293,1981,L0_1024_s512,1024,512,0.15,153.6,76.8,-382004.85,-1195302.3,19456,21504,1024,1024,-382081.65,-1195379.1,-381928.05,-1195225.5,p0005_0004,5,4,-385000.05,-1191999.9,600.0
2294,1982,L0_1024_s512,1024,512,0.15,153.6,76.8,-382004.85,-1195379.1,19456,22016,1024,1024,-382081.65,-1195455.9,-381928.05,-1195302.2999999998,p0005_0004,5,4,-385000.05,-1191999.9,600.0
2295,1983,L0_1024_s512,1024,512,0.15,153.6,76.8,-382004.85,-1195455.9,19456,22528,1024,1024,-382081.65,-1195532.7,-381928.05,-1195379.1,p0005_0004,5,4,-385000.05,-1191999.9,600.0
2296,1984,L0_1024_s512,1024,512,0.15,153.6,76.8,-382004.85,-1195532.7,19456,23040,1024,1024,-382081.65,-1195609.5,-381928.05,-1195455.9,p0005_0004,5,4,-385000.05,-1191999.9,600.0
2297,1985,L0_1024_s512,1024,512,0.15,153.6,76.8,-382004.85,-1195609.5,19456,23552,1024,1024,-382081.65,-1195686.2999999998,-381928.05,-1195532.7,p0006_0004,6,4,-385000.05,-1191999.9,600.0
2298,1986,L0_1024_s512,1024,512,0.15,153.6,76.8,-382004.85,-1195686.3,19456,24064,1024,1024,-382081.65,-1195763.1,-381928.05,-1195609.5,p0006_0004,6,4,-385000.05,-1191999.9,600.0
2299,1987,L0_1024_s512,1024,512,0.15,153.6,76.8,-382004.85,-1195763.1,19456,24576,1024,1024,-382081.65,-1195839.9,-381928.05,-1195686.2999999998,p0006_0004,6,4,-385000.05,-1191999.9,600.0
2300,1988,L0_1024_s512,1024,512,0.15,153.6,76.8,-382004.85,-1195839.9,19456,25088,1024,1024,-382081.65,-1195916.7,-381928.05,-1195763.1,p0006_0004,6,4,-385000.05,-1191999.9,600.0
2301,1989,L0_1024_s512,1024,512,0.15,153.6,76.8,-382004.85,-1195916.7,19456,25600,1024,1024,-382081.65,-1195993.5,-381928.05,-1195839.9,p0006_0004,6,4,-385000.05,-1191999.9,600.0
2302,2016,L0_1024_s512,1024,512,0.15,153.6,76.8,-381928.05,-1194073.5,19968,13312,1024,1024,-382004.85,-1194150.2999999998,-381851.25,-1193996.7,p0003_0005,3,5,-385000.05,-1191999.9,600.0
2303,2017,L0_1024_s512,1024,512,0.15,153.6,76.8,-381928.05,-1194150.3,19968,13824,1024,1024,-382004.85,-1194227.1,-381851.25,-1194073.5,p0003_0005,3,5,-385000.05,-1191999.9,600.0
2304,2018,L0_1024_s512,1024,512,0.15,153.6,76.8,-381928.05,-1194227.1,19968,14336,1024,1024,-382004.85,-1194303.9,-381851.25,-1194150.2999999998,p0003_0005,3,5,-385000.05,-1191999.9,600.0
2305,2019,L0_1024_s512,1024,512,0.15,153.6,76.8,-381928.05,-1194303.9,19968,14848,1024,1024,-382004.85,-1194380.7,-381851.25,-1194227.1,p0003_0005,3,5,-385000.05,-1191999.9,600.0
2306,2020,L0_1024_s512,1024,512,0.15,153.6,76.8,-381928.05,-1194380.7,19968,15360,1024,1024,-382004.85,-1194457.5,-381851.25,-1194303.9,p0003_0005,3,5,-385000.05,-1191999.9,600.0
2307,2021,L0_1024_s512,1024,512,0.15,153.6,76.8,-381928.05,-1194457.5,19968,15872,1024,1024,-382004.85,-1194534.2999999998,-381851.25,-1194380.7,p0004_0005,4,5,-385000.05,-1191999.9,600.0
2308,2022,L0_1024_s512,1024,512,0.15,153.6,76.8,-381928.05,-1194534.3,19968,16384,1024,1024,-382004.85,-1194611.1,-381851.25,-1194457.5,p0004_0005,4,5,-385000.05,-1191999.9,600.0
2309,2023,L0_1024_s512,1024,512,0.15,153.6,76.8,-381928.05,-1194611.1,19968,16896,1024,1024,-382004.85,-1194687.9,-381851.25,-1194534.2999999998,p0004_0005,4,5,-385000.05,-1191999.9,600.0
2310,2024,L0_1024_s512,1024,512,0.15,153.6,76.8,-381928.05,-1194687.9,19968,17408,1024,1024,-382004.85,-1194764.7,-381851.25,-1194611.1,p0004_0005,4,5,-385000.05,-1191999.9,600.0
2311,2025,L0_1024_s512,1024,512,0.15,153.6,76.8,-381928.05,-1194764.7,19968,17920,1024,1024,-382004.85,-1194841.5,-381851.25,-1194687.9,p0004_0005,4,5,-385000.05,-1191999.9,600.0
2312,2026,L0_1024_s512,1024,512,0.15,153.6,76.8,-381928.05,-1194841.5,19968,18432,1024,1024,-382004.85,-1194918.2999999998,-381851.25,-1194764.7,p0004_0005,4,5,-385000.05,-1191999.9,600.0
2313,2027,L0_1024_s512,1024,512,0.15,153.6,76.8,-381928.05,-1194918.3,19968,18944,1024,1024,-382004.85,-1194995.1,-381851.25,-1194841.5,p0004_0005,4,5,-385000.05,-1191999.9,600.0
2314,2028,L0_1024_s512,1024,512,0.15,153.6,76.8,-381928.05,-1194995.1,19968,19456,1024,1024,-382004.85,-1195071.9,-381851.25,-1194918.2999999998,p0004_0005,4,5,-385000.05,-1191999.9,600.0
2315,2029,L0_1024_s512,1024,512,0.15,153.6,76.8,-381928.05,-1195071.9,19968,19968,1024,1024,-382004.85,-1195148.7,-381851.25,-1194995.1,p0005_0005,5,5,-385000.05,-1191999.9,600.0
2316,2030,L0_1024_s512,1024,512,0.15,153.6,76.8,-381928.05,-1195148.7,19968,20480,1024,1024,-382004.85,-1195225.5,-381851.25,-1195071.9,p0005_0005,5,5,-385000.05,-1191999.9,600.0
2317,2031,L0_1024_s512,1024,512,0.15,153.6,76.8,-381928.05,-1195225.5,19968,20992,1024,1024,-382004.85,-1195302.2999999998,-381851.25,-1195148.7,p0005_0005,5,5,-385000.05,-1191999.9,600.0
2318,2032,L0_1024_s512,1024,512,0.15,153.6,76.8,-381928.05,-1195302.3,19968,21504,1024,1024,-382004.85,-1195379.1,-381851.25,-1195225.5,p0005_0005,5,5,-385000.05,-1191999.9,600.0
2319,2033,L0_1024_s512,1024,512,0.15,153.6,76.8,-381928.05,-1195379.1,19968,22016,1024,1024,-382004.85,-1195455.9,-381851.25,-1195302.2999999998,p0005_0005,5,5,-385000.05,-1191999.9,600.0
2320,2034,L0_1024_s512,1024,512,0.15,153.6,76.8,-381928.05,-1195455.9,19968,22528,1024,1024,-382004.85,-1195532.7,-381851.25,-1195379.1,p0005_0005,5,5,-385000.05,-1191999.9,600.0
2321,2035,L0_1024_s512,1024,512,0.15,153.6,76.8,-381928.05,-1195532.7,19968,23040,1024,1024,-382004.85,-1195609.5,-381851.25,-1195455.9,p0005_0005,5,5,-385000.05,-1191999.9,600.0
2322,2036,L0_1024_s512,1024,512,0.15,153.6,76.8,-381928.05,-1195609.5,19968,23552,1024,1024,-382004.85,-1195686.2999999998,-381851.25,-1195532.7,p0006_0005,6,5,-385000.05,-1191999.9,600.0
2323,2037,L0_1024_s512,1024,512,0.15,153.6,76.8,-381928.05,-1195686.3,19968,24064,1024,1024,-382004.85,-1195763.1,-381851.25,-1195609.5,p0006_0005,6,5,-385000.05,-1191999.9,600.0
2324,2038,L0_1024_s512,1024,512,0.15,153.6,76.8,-381928.05,-1195763.1,19968,24576,1024,1024,-382004.85,-1195839.9,-381851.25,-1195686.2999999998,p0006_0005,6,5,-385000.05,-1191999.9,600.0
2325,2039,L0_1024_s512,1024,512,0.15,153.6,76.8,-381928.05,-1195839.9,19968,25088,1024,1024,-382004.85,-1195916.7,-381851.25,-1195763.1,p0006_0005,6,5,-385000.05,-1191999.9,600.0
2326,2040,L0_1024_s512,1024,512,0.15,153.6,76.8,-381928.05,-1195916.7,19968,25600,1024,1024,-382004.85,-1195993.5,-381851.25,-1195839.9,p0006_0005,6,5,-385000.05,-1191999.9,600.0
2327,2067,L0_1024_s512,1024,512,0.15,153.6,76.8,-381851.25,-1194073.5,20479,13312,1024,1024,-381928.2,-1194150.2999999998,-381774.6,-1193996.7,p0003_0005,3,5,-385000.05,-1191999.9,600.0
2328,2068,L0_1024_s512,1024,512,0.15,153.6,76.8,-381851.25,-1194150.3,20479,13824,1024,1024,-381928.2,-1194227.1,-381774.6,-1194073.5,p0003_0005,3,5,-385000.05,-1191999.9,600.0
2329,2069,L0_1024_s512,1024,512,0.15,153.6,76.8,-381851.25,-1194227.1,20479,14336,1024,1024,-381928.2,-1194303.9,-381774.6,-1194150.2999999998,p0003_0005,3,5,-385000.05,-1191999.9,600.0
2330,2070,L0_1024_s512,1024,512,0.15,153.6,76.8,-381851.25,-1194303.9,20479,14848,1024,1024,-381928.2,-1194380.7,-381774.6,-1194227.1,p0003_0005,3,5,-385000.05,-1191999.9,600.0
2331,2071,L0_1024_s512,1024,512,0.15,153.6,76.8,-381851.25,-1194380.7,20479,15360,1024,1024,-381928.2,-1194457.5,-381774.6,-1194303.9,p0003_0005,3,5,-385000.05,-1191999.9,600.0
2332,2072,L0_1024_s512,1024,512,0.15,153.6,76.8,-381851.25,-1194457.5,20479,15872,1024,1024,-381928.2,-1194534.2999999998,-381774.6,-1194380.7,p0004_0005,4,5,-385000.05,-1191999.9,600.0
2333,2073,L0_1024_s512,1024,512,0.15,153.6,76.8,-381851.25,-1194534.3,20479,16384,1024,1024,-381928.2,-1194611.1,-381774.6,-1194457.5,p0004_0005,4,5,-385000.05,-1191999.9,600.0
2334,2074,L0_1024_s512,1024,512,0.15,153.6,76.8,-381851.25,-1194611.1,20479,16896,1024,1024,-381928.2,-1194687.9,-381774.6,-1194534.2999999998,p0004_0005,4,5,-385000.05,-1191999.9,600.0
2335,2075,L0_1024_s512,1024,512,0.15,153.6,76.8,-381851.25,-1194687.9,20479,17408,1024,1024,-381928.2,-1194764.7,-381774.6,-1194611.1,p0004_0005,4,5,-385000.05,-1191999.9,600.0
2336,2076,L0_1024_s512,1024,512,0.15,153.6,76.8,-381851.25,-1194764.7,20479,17920,1024,1024,-381928.2,-1194841.5,-381774.6,-1194687.9,p0004_0005,4,5,-385000.05,-1191999.9,600.0
2337,2077,L0_1024_s512,1024,512,0.15,153.6,76.8,-381851.25,-1194841.5,20479,18432,1024,1024,-381928.2,-1194918.2999999998,-381774.6,-1194764.7,p0004_0005,4,5,-385000.05,-1191999.9,600.0
2338,2078,L0_1024_s512,1024,512,0.15,153.6,76.8,-381851.25,-1194918.3,20479,18944,1024,1024,-381928.2,-1194995.1,-381774.6,-1194841.5,p0004_0005,4,5,-385000.05,-1191999.9,600.0
2339,2079,L0_1024_s512,1024,512,0.15,153.6,76.8,-381851.25,-1194995.1,20479,19456,1024,1024,-381928.2,-1195071.9,-381774.6,-1194918.2999999998,p0004_0005,4,5,-385000.05,-1191999.9,600.0
2340,2080,L0_1024_s512,1024,512,0.15,153.6,76.8,-381851.25,-1195071.9,20479,19968,1024,1024,-381928.2,-1195148.7,-381774.6,-1194995.1,p0005_0005,5,5,-385000.05,-1191999.9,600.0
2341,2081,L0_1024_s512,1024,512,0.15,153.6,76.8,-381851.25,-1195148.7,20479,20480,1024,1024,-381928.2,-1195225.5,-381774.6,-1195071.9,p0005_0005,5,5,-385000.05,-1191999.9,600.0
2342,2082,L0_1024_s512,1024,512,0.15,153.6,76.8,-381851.25,-1195225.5,20479,20992,1024,1024,-381928.2,-1195302.2999999998,-381774.6,-1195148.7,p0005_0005,5,5,-385000.05,-1191999.9,600.0
2343,2083,L0_1024_s512,1024,512,0.15,153.6,76.8,-381851.25,-1195302.3,20479,21504,1024,1024,-381928.2,-1195379.1,-381774.6,-1195225.5,p0005_0005,5,5,-385000.05,-1191999.9,600.0
2344,2084,L0_1024_s512,1024,512,0.15,153.6,76.8,-381851.25,-1195379.1,20479,22016,1024,1024,-381928.2,-1195455.9,-381774.6,-1195302.2999999998,p0005_0005,5,5,-385000.05,-1191999.9,600.0
2345,2085,L0_1024_s512,1024,512,0.15,153.6,76.8,-381851.25,-1195455.9,20479,22528,1024,1024,-381928.2,-1195532.7,-381774.6,-1195379.1,p0005_0005,5,5,-385000.05,-1191999.9,600.0
2346,2086,L0_1024_s512,1024,512,0.15,153.6,76.8,-381851.25,-1195532.7,20479,23040,1024,1024,-381928.2,-1195609.5,-381774.6,-1195455.9,p0005_0005,5,5,-385000.05,-1191999.9,600.0
2347,2087,L0_1024_s512,1024,512,0.15,153.6,76.8,-381851.25,-1195609.5,20479,23552,1024,1024,-381928.2,-1195686.2999999998,-381774.6,-1195532.7,p0006_0005,6,5,-385000.05,-1191999.9,600.0
2348,2088,L0_1024_s512,1024,512,0.15,153.6,76.8,-381851.25,-1195686.3,20479,24064,1024,1024,-381928.2,-1195763.1,-381774.6,-1195609.5,p0006_0005,6,5,-385000.05,-1191999.9,600.0
2349,2089,L0_1024_s512,1024,512,0.15,153.6,76.8,-381851.25,-1195763.1,20479,24576,1024,1024,-381928.2,-1195839.9,-381774.6,-1195686.2999999998,p0006_0005,6,5,-385000.05,-1191999.9,600.0
2350,2090,L0_1024_s512,1024,512,0.15,153.6,76.8,-381851.25,-1195839.9,20479,25088,1024,1024,-381928.2,-1195916.7,-381774.6,-1195763.1,p0006_0005,6,5,-385000.05,-1191999.9,600.0
2351,2091,L0_1024_s512,1024,512,0.15,153.6,76.8,-381851.25,-1195916.7,20479,25600,1024,1024,-381928.2,-1195993.5,-381774.6,-1195839.9,p0006_0005,6,5,-385000.05,-1191999.9,600.0
2352,2118,L0_1024_s512,1024,512,0.15,153.6,76.8,-381774.45,-1194073.5,20991,13312,1024,1024,-381851.4,-1194150.2999999998,-381697.8,-1193996.7,p0003_0005,3,5,-385000.05,-1191999.9,600.0
2353,2119,L0_1024_s512,1024,512,0.15,153.6,76.8,-381774.45,-1194150.3,20991,13824,1024,1024,-381851.4,-1194227.1,-381697.8,-1194073.5,p0003_0005,3,5,-385000.05,-1191999.9,600.0
2354,2120,L0_1024_s512,1024,512,0.15,153.6,76.8,-381774.45,-1194227.1,20991,14336,1024,1024,-381851.4,-1194303.9,-381697.8,-1194150.2999999998,p0003_0005,3,5,-385000.05,-1191999.9,600.0
2355,2121,L0_1024_s512,1024,512,0.15,153.6,76.8,-381774.45,-1194303.9,20991,14848,1024,1024,-381851.4,-1194380.7,-381697.8,-1194227.1,p0003_0005,3,5,-385000.05,-1191999.9,600.0
2356,2122,L0_1024_s512,1024,512,0.15,153.6,76.8,-381774.45,-1194380.7,20991,15360,1024,1024,-381851.4,-1194457.5,-381697.8,-1194303.9,p0003_0005,3,5,-385000.05,-1191999.9,600.0
2357,2123,L0_1024_s512,1024,512,0.15,153.6,76.8,-381774.45,-1194457.5,20991,15872,1024,1024,-381851.4,-1194534.2999999998,-381697.8,-1194380.7,p0004_0005,4,5,-385000.05,-1191999.9,600.0
2358,2124,L0_1024_s512,1024,512,0.15,153.6,76.8,-381774.45,-1194534.3,20991,16384,1024,1024,-381851.4,-1194611.1,-381697.8,-1194457.5,p0004_0005,4,5,-385000.05,-1191999.9,600.0
2359,2125,L0_1024_s512,1024,512,0.15,153.6,76.8,-381774.45,-1194611.1,20991,16896,1024,1024,-381851.4,-1194687.9,-381697.8,-1194534.2999999998,p0004_0005,4,5,-385000.05,-1191999.9,600.0
2360,2126,L0_1024_s512,1024,512,0.15,153.6,76.8,-381774.45,-1194687.9,20991,17408,1024,1024,-381851.4,-1194764.7,-381697.8,-1194611.1,p0004_0005,4,5,-385000.05,-1191999.9,600.0
2361,2127,L0_1024_s512,1024,512,0.15,153.6,76.8,-381774.45,-1194764.7,20991,17920,1024,1024,-381851.4,-1194841.5,-381697.8,-1194687.9,p0004_0005,4,5,-385000.05,-1191999.9,600.0
2362,2128,L0_1024_s512,1024,512,0.15,153.6,76.8,-381774.45,-1194841.5,20991,18432,1024,1024,-381851.4,-1194918.2999999998,-381697.8,-1194764.7,p0004_0005,4,5,-385000.05,-1191999.9,600.0
2363,2129,L0_1024_s512,1024,512,0.15,153.6,76.8,-381774.45,-1194918.3,20991,18944,1024,1024,-381851.4,-1194995.1,-381697.8,-1194841.5,p0004_0005,4,5,-385000.05,-1191999.9,600.0
2364,2130,L0_1024_s512,1024,512,0.15,153.6,76.8,-381774.45,-1194995.1,20991,19456,1024,1024,-381851.4,-1195071.9,-381697.8,-1194918.2999999998,p0004_0005,4,5,-385000.05,-1191999.9,600.0
2365,2131,L0_1024_s512,1024,512,0.15,153.6,76.8,-381774.45,-1195071.9,20991,19968,1024,1024,-381851.4,-1195148.7,-381697.8,-1194995.1,p0005_0005,5,5,-385000.05,-1191999.9,600.0
2366,2132,L0_1024_s512,1024,512,0.15,153.6,76.8,-381774.45,-1195148.7,20991,20480,1024,1024,-381851.4,-1195225.5,-381697.8,-1195071.9,p0005_0005,5,5,-385000.05,-1191999.9,600.0
2367,2133,L0_1024_s512,1024,512,0.15,153.6,76.8,-381774.45,-1195225.5,20991,20992,1024,1024,-381851.4,-1195302.2999999998,-381697.8,-1195148.7,p0005_0005,5,5,-385000.05,-1191999.9,600.0
2368,2134,L0_1024_s512,1024,512,0.15,153.6,76.8,-381774.45,-1195302.3,20991,21504,1024,1024,-381851.4,-1195379.1,-381697.8,-1195225.5,p0005_0005,5,5,-385000.05,-1191999.9,600.0
2369,2135,L0_1024_s512,1024,512,0.15,153.6,76.8,-381774.45,-1195379.1,20991,22016,1024,1024,-381851.4,-1195455.9,-381697.8,-1195302.2999999998,p0005_0005,5,5,-385000.05,-1191999.9,600.0
2370,2136,L0_1024_s512,1024,512,0.15,153.6,76.8,-381774.45,-1195455.9,20991,22528,1024,1024,-381851.4,-1195532.7,-381697.8,-1195379.1,p0005_0005,5,5,-385000.05,-1191999.9,600.0
2371,2137,L0_1024_s512,1024,512,0.15,153.6,76.8,-381774.45,-1195532.7,20991,23040,1024,1024,-381851.4,-1195609.5,-381697.8,-1195455.9,p0005_0005,5,5,-385000.05,-1191999.9,600.0
2372,2138,L0_1024_s512,1024,512,0.15,153.6,76.8,-381774.45,-1195609.5,20991,23552,1024,1024,-381851.4,-1195686.2999999998,-381697.8,-1195532.7,p0006_0005,6,5,-385000.05,-1191999.9,600.0
2373,2139,L0_1024_s512,1024,512,0.15,153.6,76.8,-381774.45,-1195686.3,20991,24064,1024,1024,-381851.4,-1195763.1,-381697.8,-1195609.5,p0006_0005,6,5,-385000.05,-1191999.9,600.0
2374,2140,L0_1024_s512,1024,512,0.15,153.6,76.8,-381774.45,-1195763.1,20991,24576,1024,1024,-381851.4,-1195839.9,-381697.8,-1195686.2999999998,p0006_0005,6,5,-385000.05,-1191999.9,600.0
2375,2141,L0_1024_s512,1024,512,0.15,153.6,76.8,-381774.45,-1195839.9,20991,25088,1024,1024,-381851.4,-1195916.7,-381697.8,-1195763.1,p0006_0005,6,5,-385000.05,-1191999.9,600.0
2376,2142,L0_1024_s512,1024,512,0.15,153.6,76.8,-381774.45,-1195916.7,20991,25600,1024,1024,-381851.4,-1195993.5,-381697.8,-1195839.9,p0006_0005,6,5,-385000.05,-1191999.9,600.0
2377,2169,L0_1024_s512,1024,512,0.15,153.6,76.8,-381697.65,-1194073.5,21503,13312,1024,1024,-381774.6,-1194150.2999999998,-381621.0,-1193996.7,p0003_0005,3,5,-385000.05,-1191999.9,600.0
2378,2170,L0_1024_s512,1024,512,0.15,153.6,76.8,-381697.65,-1194150.3,21503,13824,1024,1024,-381774.6,-1194227.1,-381621.0,-1194073.5,p0003_0005,3,5,-385000.05,-1191999.9,600.0
2379,2171,L0_1024_s512,1024,512,0.15,153.6,76.8,-381697.65,-1194227.1,21503,14336,1024,1024,-381774.6,-1194303.9,-381621.0,-1194150.2999999998,p0003_0005,3,5,-385000.05,-1191999.9,600.0
2380,2172,L0_1024_s512,1024,512,0.15,153.6,76.8,-381697.65,-1194303.9,21503,14848,1024,1024,-381774.6,-1194380.7,-381621.0,-1194227.1,p0003_0005,3,5,-385000.05,-1191999.9,600.0
2381,2173,L0_1024_s512,1024,512,0.15,153.6,76.8,-381697.65,-1194380.7,21503,15360,1024,1024,-381774.6,-1194457.5,-381621.0,-1194303.9,p0003_0005,3,5,-385000.05,-1191999.9,600.0
2382,2174,L0_1024_s512,1024,512,0.15,153.6,76.8,-381697.65,-1194457.5,21503,15872,1024,1024,-381774.6,-1194534.2999999998,-381621.0,-1194380.7,p0004_0005,4,5,-385000.05,-1191999.9,600.0
2383,2175,L0_1024_s512,1024,512,0.15,153.6,76.8,-381697.65,-1194534.3,21503,16384,1024,1024,-381774.6,-1194611.1,-381621.0,-1194457.5,p0004_0005,4,5,-385000.05,-1191999.9,600.0
2384,2176,L0_1024_s512,1024,512,0.15,153.6,76.8,-381697.65,-1194611.1,21503,16896,1024,1024,-381774.6,-1194687.9,-381621.0,-1194534.2999999998,p0004_0005,4,5,-385000.05,-1191999.9,600.0
2385,2177,L0_1024_s512,1024,512,0.15,153.6,76.8,-381697.65,-1194687.9,21503,17408,1024,1024,-381774.6,-1194764.7,-381621.0,-1194611.1,p0004_0005,4,5,-385000.05,-1191999.9,600.0
2386,2178,L0_1024_s512,1024,512,0.15,153.6,76.8,-381697.65,-1194764.7,21503,17920,1024,1024,-381774.6,-1194841.5,-381621.0,-1194687.9,p0004_0005,4,5,-385000.05,-1191999.9,600.0
2387,2179,L0_1024_s512,1024,512,0.15,153.6,76.8,-381697.65,-1194841.5,21503,18432,1024,1024,-381774.6,-1194918.2999999998,-381621.0,-1194764.7,p0004_0005,4,5,-385000.05,-1191999.9,600.0
2388,2180,L0_1024_s512,1024,512,0.15,153.6,76.8,-381697.65,-1194918.3,21503,18944,1024,1024,-381774.6,-1194995.1,-381621.0,-1194841.5,p0004_0005,4,5,-385000.05,-1191999.9,600.0
2389,2181,L0_1024_s512,1024,512,0.15,153.6,76.8,-381697.65,-1194995.1,21503,19456,1024,1024,-381774.6,-1195071.9,-381621.0,-1194918.2999999998,p0004_0005,4,5,-385000.05,-1191999.9,600.0
2390,2182,L0_1024_s512,1024,512,0.15,153.6,76.8,-381697.65,-1195071.9,21503,19968,1024,1024,-381774.6,-1195148.7,-381621.0,-1194995.1,p0005_0005,5,5,-385000.05,-1191999.9,600.0
2391,2183,L0_1024_s512,1024,512,0.15,153.6,76.8,-381697.65,-1195148.7,21503,20480,1024,1024,-381774.6,-1195225.5,-381621.0,-1195071.9,p0005_0005,5,5,-385000.05,-1191999.9,600.0
2392,2184,L0_1024_s512,1024,512,0.15,153.6,76.8,-381697.65,-1195225.5,21503,20992,1024,1024,-381774.6,-1195302.2999999998,-381621.0,-1195148.7,p0005_0005,5,5,-385000.05,-1191999.9,600.0
2393,2185,L0_1024_s512,1024,512,0.15,153.6,76.8,-381697.65,-1195302.3,21503,21504,1024,1024,-381774.6,-1195379.1,-381621.0,-1195225.5,p0005_0005,5,5,-385000.05,-1191999.9,600.0
2394,2186,L0_1024_s512,1024,512,0.15,153.6,76.8,-381697.65,-1195379.1,21503,22016,1024,1024,-381774.6,-1195455.9,-381621.0,-1195302.2999999998,p0005_0005,5,5,-385000.05,-1191999.9,600.0
2395,2187,L0_1024_s512,1024,512,0.15,153.6,76.8,-381697.65,-1195455.9,21503,22528,1024,1024,-381774.6,-1195532.7,-381621.0,-1195379.1,p0005_0005,5,5,-385000.05,-1191999.9,600.0
2396,2188,L0_1024_s512,1024,512,0.15,153.6,76.8,-381697.65,-1195532.7,21503,23040,1024,1024,-381774.6,-1195609.5,-381621.0,-1195455.9,p0005_0005,5,5,-385000.05,-1191999.9,600.0
2397,2189,L0_1024_s512,1024,512,0.15,153.6,76.8,-381697.65,-1195609.5,21503,23552,1024,1024,-381774.6,-1195686.2999999998,-381621.0,-1195532.7,p0006_0005,6,5,-385000.05,-1191999.9,600.0
2398,2190,L0_1024_s512,1024,512,0.15,153.6,76.8,-381697.65,-1195686.3,21503,24064,1024,1024,-381774.6,-1195763.1,-381621.0,-1195609.5,p0006_0005,6,5,-385000.05,-1191999.9,600.0
2399,2191,L0_1024_s512,1024,512,0.15,153.6,76.8,-381697.65,-1195763.1,21503,24576,1024,1024,-381774.6,-1195839.9,-381621.0,-1195686.2999999998,p0006_0005,6,5,-385000.05,-1191999.9,600.0
2400,2192,L0_1024_s512,1024,512,0.15,153.6,76.8,-381697.65,-1195839.9,21503,25088,1024,1024,-381774.6,-1195916.7,-381621.0,-1195763.1,p0006_0005,6,5,-385000.05,-1191999.9,600.0
2401,2193,L0_1024_s512,1024,512,0.15,153.6,76.8,-381697.65,-1195916.7,21503,25600,1024,1024,-381774.6,-1195993.5,-381621.0,-1195839.9,p0006_0005,6,5,-385000.05,-1191999.9,600.0
2402,2220,L0_1024_s512,1024,512,0.15,153.6,76.8,-381620.85,-1194073.5,22016,13312,1024,1024,-381697.65,-1194150.2999999998,-381544.05,-1193996.7,p0003_0005,3,5,-385000.05,-1191999.9,600.0
2403,2221,L0_1024_s512,1024,512,0.15,153.6,76.8,-381620.85,-1194150.3,22016,13824,1024,1024,-381697.65,-1194227.1,-381544.05,-1194073.5,p0003_0005,3,5,-385000.05,-1191999.9,600.0
2404,2222,L0_1024_s512,1024,512,0.15,153.6,76.8,-381620.85,-1194227.1,22016,14336,1024,1024,-381697.65,-1194303.9,-381544.05,-1194150.2999999998,p0003_0005,3,5,-385000.05,-1191999.9,600.0
2405,2223,L0_1024_s512,1024,512,0.15,153.6,76.8,-381620.85,-1194303.9,22016,14848,1024,1024,-381697.65,-1194380.7,-381544.05,-1194227.1,p0003_0005,3,5,-385000.05,-1191999.9,600.0
2406,2224,L0_1024_s512,1024,512,0.15,153.6,76.8,-381620.85,-1194380.7,22016,15360,1024,1024,-381697.65,-1194457.5,-381544.05,-1194303.9,p0003_0005,3,5,-385000.05,-1191999.9,600.0
2407,2225,L0_1024_s512,1024,512,0.15,153.6,76.8,-381620.85,-1194457.5,22016,15872,1024,1024,-381697.65,-1194534.2999999998,-381544.05,-1194380.7,p0004_0005,4,5,-385000.05,-1191999.9,600.0
2408,2226,L0_1024_s512,1024,512,0.15,153.6,76.8,-381620.85,-1194534.3,22016,16384,1024,1024,-381697.65,-1194611.1,-381544.05,-1194457.5,p0004_0005,4,5,-385000.05,-1191999.9,600.0
2409,2227,L0_1024_s512,1024,512,0.15,153.6,76.8,-381620.85,-1194611.1,22016,16896,1024,1024,-381697.65,-1194687.9,-381544.05,-1194534.2999999998,p0004_0005,4,5,-385000.05,-1191999.9,600.0
2410,2228,L0_1024_s512,1024,512,0.15,153.6,76.8,-381620.85,-1194687.9,22016,17408,1024,1024,-381697.65,-1194764.7,-381544.05,-1194611.1,p0004_0005,4,5,-385000.05,-1191999.9,600.0
2411,2229,L0_1024_s512,1024,512,0.15,153.6,76.8,-381620.85,-1194764.7,22016,17920,1024,1024,-381697.65,-1194841.5,-381544.05,-1194687.9,p0004_0005,4,5,-385000.05,-1191999.9,600.0
2412,2230,L0_1024_s512,1024,512,0.15,153.6,76.8,-381620.85,-1194841.5,22016,18432,1024,1024,-381697.65,-1194918.2999999998,-381544.05,-1194764.7,p0004_0005,4,5,-385000.05,-1191999.9,600.0
2413,2231,L0_1024_s512,1024,512,0.15,153.6,76.8,-381620.85,-1194918.3,22016,18944,1024,1024,-381697.65,-1194995.1,-381544.05,-1194841.5,p0004_0005,4,5,-385000.05,-1191999.9,600.0
2414,2232,L0_1024_s512,1024,512,0.15,153.6,76.8,-381620.85,-1194995.1,22016,19456,1024,1024,-381697.65,-1195071.9,-381544.05,-1194918.2999999998,p0004_0005,4,5,-385000.05,-1191999.9,600.0
2415,2233,L0_1024_s512,1024,512,0.15,153.6,76.8,-381620.85,-1195071.9,22016,19968,1024,1024,-381697.65,-1195148.7,-381544.05,-1194995.1,p0005_0005,5,5,-385000.05,-1191999.9,600.0
2416,2234,L0_1024_s512,1024,512,0.15,153.6,76.8,-381620.85,-1195148.7,22016,20480,1024,1024,-381697.65,-1195225.5,-381544.05,-1195071.9,p0005_0005,5,5,-385000.05,-1191999.9,600.0
2417,2235,L0_1024_s512,1024,512,0.15,153.6,76.8,-381620.85,-1195225.5,22016,20992,1024,1024,-381697.65,-1195302.2999999998,-381544.05,-1195148.7,p0005_0005,5,5,-385000.05,-1191999.9,600.0
2418,2236,L0_1024_s512,1024,512,0.15,153.6,76.8,-381620.85,-1195302.3,22016,21504,1024,1024,-381697.65,-1195379.1,-381544.05,-1195225.5,p0005_0005,5,5,-385000.05,-1191999.9,600.0
2419,2237,L0_1024_s512,1024,512,0.15,153.6,76.8,-381620.85,-1195379.1,22016,22016,1024,1024,-381697.65,-1195455.9,-381544.05,-1195302.2999999998,p0005_0005,5,5,-385000.05,-1191999.9,600.0
2420,2238,L0_1024_s512,1024,512,0.15,153.6,76.8,-381620.85,-1195455.9,22016,22528,1024,1024,-381697.65,-1195532.7,-381544.05,-1195379.1,p0005_0005,5,5,-385000.05,-1191999.9,600.0
2421,2239,L0_1024_s512,1024,512,0.15,153.6,76.8,-381620.85,-1195532.7,22016,23040,1024,1024,-381697.65,-1195609.5,-381544.05,-1195455.9,p0005_0005,5,5,-385000.05,-1191999.9,600.0
2422,2240,L0_1024_s512,1024,512,0.15,153.6,76.8,-381620.85,-1195609.5,22016,23552,1024,1024,-381697.65,-1195686.2999999998,-381544.05,-1195532.7,p0006_0005,6,5,-385000.05,-1191999.9,600.0
2423,2241,L0_1024_s512,1024,512,0.15,153.6,76.8,-381620.85,-1195686.3,22016,24064,1024,1024,-381697.65,-1195763.1,-381544.05,-1195609.5,p0006_0005,6,5,-385000.05,-1191999.9,600.0
2424,2242,L0_1024_s512,1024,512,0.15,153.6,76.8,-381620.85,-1195763.1,22016,24576,1024,1024,-381697.65,-1195839.9,-381544.05,-1195686.2999999998,p0006_0005,6,5,-385000.05,-1191999.9,600.0
2425,2243,L0_1024_s512,1024,512,0.15,153.6,76.8,-381620.85,-1195839.9,22016,25088,1024,1024,-381697.65,-1195916.7,-381544.05,-1195763.1,p0006_0005,6,5,-385000.05,-1191999.9,600.0
2426,2244,L0_1024_s512,1024,512,0.15,153.6,76.8,-381620.85,-1195916.7,22016,25600,1024,1024,-381697.65,-1195993.5,-381544.05,-1195839.9,p0006_0005,6,5,-385000.05,-1191999.9,600.0
2427,2271,L0_1024_s512,1024,512,0.15,153.6,76.8,-381544.05,-1194073.5,22528,13312,1024,1024,-381620.85,-1194150.2999999998,-381467.25,-1193996.7,p0003_0005,3,5,-385000.05,-1191999.9,600.0
2428,2272,L0_1024_s512,1024,512,0.15,153.6,76.8,-381544.05,-1194150.3,22528,13824,1024,1024,-381620.85,-1194227.1,-381467.25,-1194073.5,p0003_0005,3,5,-385000.05,-1191999.9,600.0
2429,2273,L0_1024_s512,1024,512,0.15,153.6,76.8,-381544.05,-1194227.1,22528,14336,1024,1024,-381620.85,-1194303.9,-381467.25,-1194150.2999999998,p0003_0005,3,5,-385000.05,-1191999.9,600.0
2430,2274,L0_1024_s512,1024,512,0.15,153.6,76.8,-381544.05,-1194303.9,22528,14848,1024,1024,-381620.85,-1194380.7,-381467.25,-1194227.1,p0003_0005,3,5,-385000.05,-1191999.9,600.0
2431,2275,L0_1024_s512,1024,512,0.15,153.6,76.8,-381544.05,-1194380.7,22528,15360,1024,1024,-381620.85,-1194457.5,-381467.25,-1194303.9,p0003_0005,3,5,-385000.05,-1191999.9,600.0
2432,2276,L0_1024_s512,1024,512,0.15,153.6,76.8,-381544.05,-1194457.5,22528,15872,1024,1024,-381620.85,-1194534.2999999998,-381467.25,-1194380.7,p0004_0005,4,5,-385000.05,-1191999.9,600.0
2433,2277,L0_1024_s512,1024,512,0.15,153.6,76.8,-381544.05,-1194534.3,22528,16384,1024,1024,-381620.85,-1194611.1,-381467.25,-1194457.5,p0004_0005,4,5,-385000.05,-1191999.9,600.0
2434,2278,L0_1024_s512,1024,512,0.15,153.6,76.8,-381544.05,-1194611.1,22528,16896,1024,1024,-381620.85,-1194687.9,-381467.25,-1194534.2999999998,p0004_0005,4,5,-385000.05,-1191999.9,600.0
2435,2279,L0_1024_s512,1024,512,0.15,153.6,76.8,-381544.05,-1194687.9,22528,17408,1024,1024,-381620.85,-1194764.7,-381467.25,-1194611.1,p0004_0005,4,5,-385000.05,-1191999.9,600.0
2436,2280,L0_1024_s512,1024,512,0.15,153.6,76.8,-381544.05,-1194764.7,22528,17920,1024,1024,-381620.85,-1194841.5,-381467.25,-1194687.9,p0004_0005,4,5,-385000.05,-1191999.9,600.0
2437,2281,L0_1024_s512,1024,512,0.15,153.6,76.8,-381544.05,-1194841.5,22528,18432,1024,1024,-381620.85,-1194918.2999999998,-381467.25,-1194764.7,p0004_0005,4,5,-385000.05,-1191999.9,600.0
2438,2282,L0_1024_s512,1024,512,0.15,153.6,76.8,-381544.05,-1194918.3,22528,18944,1024,1024,-381620.85,-1194995.1,-381467.25,-1194841.5,p0004_0005,4,5,-385000.05,-1191999.9,600.0
2439,2283,L0_1024_s512,1024,512,0.15,153.6,76.8,-381544.05,-1194995.1,22528,19456,1024,1024,-381620.85,-1195071.9,-381467.25,-1194918.2999999998,p0004_0005,4,5,-385000.05,-1191999.9,600.0
2440,2284,L0_1024_s512,1024,512,0.15,153.6,76.8,-381544.05,-1195071.9,22528,19968,1024,1024,-381620.85,-1195148.7,-381467.25,-1194995.1,p0005_0005,5,5,-385000.05,-1191999.9,600.0
2441,2285,L0_1024_s512,1024,512,0.15,153.6,76.8,-381544.05,-1195148.7,22528,20480,1024,1024,-381620.85,-1195225.5,-381467.25,-1195071.9,p0005_0005,5,5,-385000.05,-1191999.9,600.0
2442,2286,L0_1024_s512,1024,512,0.15,153.6,76.8,-381544.05,-1195225.5,22528,20992,1024,1024,-381620.85,-1195302.2999999998,-381467.25,-1195148.7,p0005_0005,5,5,-385000.05,-1191999.9,600.0
2443,2287,L0_1024_s512,1024,512,0.15,153.6,76.8,-381544.05,-1195302.3,22528,21504,1024,1024,-381620.85,-1195379.1,-381467.25,-1195225.5,p0005_0005,5,5,-385000.05,-1191999.9,600.0
2444,2288,L0_1024_s512,1024,512,0.15,153.6,76.8,-381544.05,-1195379.1,22528,22016,1024,1024,-381620.85,-1195455.9,-381467.25,-1195302.2999999998,p0005_0005,5,5,-385000.05,-1191999.9,600.0
2445,2289,L0_1024_s512,1024,512,0.15,153.6,76.8,-381544.05,-1195455.9,22528,22528,1024,1024,-381620.85,-1195532.7,-381467.25,-1195379.1,p0005_0005,5,5,-385000.05,-1191999.9,600.0
2446,2290,L0_1024_s512,1024,512,0.15,153.6,76.8,-381544.05,-1195532.7,22528,23040,1024,1024,-381620.85,-1195609.5,-381467.25,-1195455.9,p0005_0005,5,5,-385000.05,-1191999.9,600.0
2447,2291,L0_1024_s512,1024,512,0.15,153.6,76.8,-381544.05,-1195609.5,22528,23552,1024,1024,-381620.85,-1195686.2999999998,-381467.25,-1195532.7,p0006_0005,6,5,-385000.05,-1191999.9,600.0
2448,2292,L0_1024_s512,1024,512,0.15,153.6,76.8,-381544.05,-1195686.3,22528,24064,1024,1024,-381620.85,-1195763.1,-381467.25,-1195609.5,p0006_0005,6,5,-385000.05,-1191999.9,600.0
2449,2293,L0_1024_s512,1024,512,0.15,153.6,76.8,-381544.05,-1195763.1,22528,24576,1024,1024,-381620.85,-1195839.9,-381467.25,-1195686.2999999998,p0006_0005,6,5,-385000.05,-1191999.9,600.0
2450,2294,L0_1024_s512,1024,512,0.15,153.6,76.8,-381544.05,-1195839.9,22528,25088,1024,1024,-381620.85,-1195916.7,-381467.25,-1195763.1,p0006_0005,6,5,-385000.05,-1191999.9,600.0
2451,2295,L0_1024_s512,1024,512,0.15,153.6,76.8,-381544.05,-1195916.7,22528,25600,1024,1024,-381620.85,-1195993.5,-381467.25,-1195839.9,p0006_0005,6,5,-385000.05,-1191999.9,600.0
2452,2322,L0_1024_s512,1024,512,0.15,153.6,76.8,-381467.25,-1194073.5,23039,13312,1024,1024,-381544.2,-1194150.2999999998,-381390.6,-1193996.7,p0003_0005,3,5,-385000.05,-1191999.9,600.0
2453,2323,L0_1024_s512,1024,512,0.15,153.6,76.8,-381467.25,-1194150.3,23039,13824,1024,1024,-381544.2,-1194227.1,-381390.6,-1194073.5,p0003_0005,3,5,-385000.05,-1191999.9,600.0
2454,2324,L0_1024_s512,1024,512,0.15,153.6,76.8,-381467.25,-1194227.1,23039,14336,1024,1024,-381544.2,-1194303.9,-381390.6,-1194150.2999999998,p0003_0005,3,5,-385000.05,-1191999.9,600.0
2455,2325,L0_1024_s512,1024,512,0.15,153.6,76.8,-381467.25,-1194303.9,23039,14848,1024,1024,-381544.2,-1194380.7,-381390.6,-1194227.1,p0003_0005,3,5,-385000.05,-1191999.9,600.0
2456,2326,L0_1024_s512,1024,512,0.15,153.6,76.8,-381467.25,-1194380.7,23039,15360,1024,1024,-381544.2,-1194457.5,-381390.6,-1194303.9,p0003_0005,3,5,-385000.05,-1191999.9,600.0
2457,2327,L0_1024_s512,1024,512,0.15,153.6,76.8,-381467.25,-1194457.5,23039,15872,1024,1024,-381544.2,-1194534.2999999998,-381390.6,-1194380.7,p0004_0005,4,5,-385000.05,-1191999.9,600.0
2458,2328,L0_1024_s512,1024,512,0.15,153.6,76.8,-381467.25,-1194534.3,23039,16384,1024,1024,-381544.2,-1194611.1,-381390.6,-1194457.5,p0004_0005,4,5,-385000.05,-1191999.9,600.0
2459,2329,L0_1024_s512,1024,512,0.15,153.6,76.8,-381467.25,-1194611.1,23039,16896,1024,1024,-381544.2,-1194687.9,-381390.6,-1194534.2999999998,p0004_0005,4,5,-385000.05,-1191999.9,600.0
2460,2330,L0_1024_s512,1024,512,0.15,153.6,76.8,-381467.25,-1194687.9,23039,17408,1024,1024,-381544.2,-1194764.7,-381390.6,-1194611.1,p0004_0005,4,5,-385000.05,-1191999.9,600.0
2461,2331,L0_1024_s512,1024,512,0.15,153.6,76.8,-381467.25,-1194764.7,23039,17920,1024,1024,-381544.2,-1194841.5,-381390.6,-1194687.9,p0004_0005,4,5,-385000.05,-1191999.9,600.0
2462,2332,L0_1024_s512,1024,512,0.15,153.6,76.8,-381467.25,-1194841.5,23039,18432,1024,1024,-381544.2,-1194918.2999999998,-381390.6,-1194764.7,p0004_0005,4,5,-385000.05,-1191999.9,600.0
2463,2333,L0_1024_s512,1024,512,0.15,153.6,76.8,-381467.25,-1194918.3,23039,18944,1024,1024,-381544.2,-1194995.1,-381390.6,-1194841.5,p0004_0005,4,5,-385000.05,-1191999.9,600.0
2464,2334,L0_1024_s512,1024,512,0.15,153.6,76.8,-381467.25,-1194995.1,23039,19456,1024,1024,-381544.2,-1195071.9,-381390.6,-1194918.2999999998,p0004_0005,4,5,-385000.05,-1191999.9,600.0
2465,2335,L0_1024_s512,1024,512,0.15,153.6,76.8,-381467.25,-1195071.9,23039,19968,1024,1024,-381544.2,-1195148.7,-381390.6,-1194995.1,p0005_0005,5,5,-385000.05,-1191999.9,600.0
2466,2336,L0_1024_s512,1024,512,0.15,153.6,76.8,-381467.25,-1195148.7,23039,20480,1024,1024,-381544.2,-1195225.5,-381390.6,-1195071.9,p0005_0005,5,5,-385000.05,-1191999.9,600.0
2467,2337,L0_1024_s512,1024,512,0.15,153.6,76.8,-381467.25,-1195225.5,23039,20992,1024,1024,-381544.2,-1195302.2999999998,-381390.6,-1195148.7,p0005_0005,5,5,-385000.05,-1191999.9,600.0
2468,2338,L0_1024_s512,1024,512,0.15,153.6,76.8,-381467.25,-1195302.3,23039,21504,1024,1024,-381544.2,-1195379.1,-381390.6,-1195225.5,p0005_0005,5,5,-385000.05,-1191999.9,600.0
2469,2339,L0_1024_s512,1024,512,0.15,153.6,76.8,-381467.25,-1195379.1,23039,22016,1024,1024,-381544.2,-1195455.9,-381390.6,-1195302.2999999998,p0005_0005,5,5,-385000.05,-1191999.9,600.0
2470,2340,L0_1024_s512,1024,512,0.15,153.6,76.8,-381467.25,-1195455.9,23039,22528,1024,1024,-381544.2,-1195532.7,-381390.6,-1195379.1,p0005_0005,5,5,-385000.05,-1191999.9,600.0
2471,2341,L0_1024_s512,1024,512,0.15,153.6,76.8,-381467.25,-1195532.7,23039,23040,1024,1024,-381544.2,-1195609.5,-381390.6,-1195455.9,p0005_0005,5,5,-385000.05,-1191999.9,600.0
2472,2342,L0_1024_s512,1024,512,0.15,153.6,76.8,-381467.25,-1195609.5,23039,23552,1024,1024,-381544.2,-1195686.2999999998,-381390.6,-1195532.7,p0006_0005,6,5,-385000.05,-1191999.9,600.0
2473,2343,L0_1024_s512,1024,512,0.15,153.6,76.8,-381467.25,-1195686.3,23039,24064,1024,1024,-381544.2,-1195763.1,-381390.6,-1195609.5,p0006_0005,6,5,-385000.05,-1191999.9,600.0
2474,2344,L0_1024_s512,1024,512,0.15,153.6,76.8,-381467.25,-1195763.1,23039,24576,1024,1024,-381544.2,-1195839.9,-381390.6,-1195686.2999999998,p0006_0005,6,5,-385000.05,-1191999.9,600.0
2475,2345,L0_1024_s512,1024,512,0.15,153.6,76.8,-381467.25,-1195839.9,23039,25088,1024,1024,-381544.2,-1195916.7,-381390.6,-1195763.1,p0006_0005,6,5,-385000.05,-1191999.9,600.0
2476,2346,L0_1024_s512,1024,512,0.15,153.6,76.8,-381467.25,-1195916.7,23039,25600,1024,1024,-381544.2,-1195993.5,-381390.6,-1195839.9,p0006_0005,6,5,-385000.05,-1191999.9,600.0
2477,2373,L0_1024_s512,1024,512,0.15,153.6,76.8,-381390.45,-1194073.5,23551,13312,1024,1024,-381467.4,-1194150.2999999998,-381313.8,-1193996.7,p0003_0006,3,6,-385000.05,-1191999.9,600.0
2478,2374,L0_1024_s512,1024,512,0.15,153.6,76.8,-381390.45,-1194150.3,23551,13824,1024,1024,-381467.4,-1194227.1,-381313.8,-1194073.5,p0003_0006,3,6,-385000.05,-1191999.9,600.0
2479,2375,L0_1024_s512,1024,512,0.15,153.6,76.8,-381390.45,-1194227.1,23551,14336,1024,1024,-381467.4,-1194303.9,-381313.8,-1194150.2999999998,p0003_0006,3,6,-385000.05,-1191999.9,600.0
2480,2376,L0_1024_s512,1024,512,0.15,153.6,76.8,-381390.45,-1194303.9,23551,14848,1024,1024,-381467.4,-1194380.7,-381313.8,-1194227.1,p0003_0006,3,6,-385000.05,-1191999.9,600.0
2481,2377,L0_1024_s512,1024,512,0.15,153.6,76.8,-381390.45,-1194380.7,23551,15360,1024,1024,-381467.4,-1194457.5,-381313.8,-1194303.9,p0003_0006,3,6,-385000.05,-1191999.9,600.0
2482,2378,L0_1024_s512,1024,512,0.15,153.6,76.8,-381390.45,-1194457.5,23551,15872,1024,1024,-381467.4,-1194534.2999999998,-381313.8,-1194380.7,p0004_0006,4,6,-385000.05,-1191999.9,600.0
2483,2379,L0_1024_s512,1024,512,0.15,153.6,76.8,-381390.45,-1194534.3,23551,16384,1024,1024,-381467.4,-1194611.1,-381313.8,-1194457.5,p0004_0006,4,6,-385000.05,-1191999.9,600.0
2484,2380,L0_1024_s512,1024,512,0.15,153.6,76.8,-381390.45,-1194611.1,23551,16896,1024,1024,-381467.4,-1194687.9,-381313.8,-1194534.2999999998,p0004_0006,4,6,-385000.05,-1191999.9,600.0
2485,2381,L0_1024_s512,1024,512,0.15,153.6,76.8,-381390.45,-1194687.9,23551,17408,1024,1024,-381467.4,-1194764.7,-381313.8,-1194611.1,p0004_0006,4,6,-385000.05,-1191999.9,600.0
2486,2382,L0_1024_s512,1024,512,0.15,153.6,76.8,-381390.45,-1194764.7,23551,17920,1024,1024,-381467.4,-1194841.5,-381313.8,-1194687.9,p0004_0006,4,6,-385000.05,-1191999.9,600.0
2487,2383,L0_1024_s512,1024,512,0.15,153.6,76.8,-381390.45,-1194841.5,23551,18432,1024,1024,-381467.4,-1194918.2999999998,-381313.8,-1194764.7,p0004_0006,4,6,-385000.05,-1191999.9,600.0
2488,2384,L0_1024_s512,1024,512,0.15,153.6,76.8,-381390.45,-1194918.3,23551,18944,1024,1024,-381467.4,-1194995.1,-381313.8,-1194841.5,p0004_0006,4,6,-385000.05,-1191999.9,600.0
2489,2385,L0_1024_s512,1024,512,0.15,153.6,76.8,-381390.45,-1194995.1,23551,19456,1024,1024,-381467.4,-1195071.9,-381313.8,-1194918.2999999998,p0004_0006,4,6,-385000.05,-1191999.9,600.0
2490,2386,L0_1024_s512,1024,512,0.15,153.6,76.8,-381390.45,-1195071.9,23551,19968,1024,1024,-381467.4,-1195148.7,-381313.8,-1194995.1,p0005_0006,5,6,-385000.05,-1191999.9,600.0
2491,2387,L0_1024_s512,1024,512,0.15,153.6,76.8,-381390.45,-1195148.7,23551,20480,1024,1024,-381467.4,-1195225.5,-381313.8,-1195071.9,p0005_0006,5,6,-385000.05,-1191999.9,600.0
2492,2388,L0_1024_s512,1024,512,0.15,153.6,76.8,-381390.45,-1195225.5,23551,20992,1024,1024,-381467.4,-1195302.2999999998,-381313.8,-1195148.7,p0005_0006,5,6,-385000.05,-1191999.9,600.0
2493,2389,L0_1024_s512,1024,512,0.15,153.6,76.8,-381390.45,-1195302.3,23551,21504,1024,1024,-381467.4,-1195379.1,-381313.8,-1195225.5,p0005_0006,5,6,-385000.05,-1191999.9,600.0
2494,2390,L0_1024_s512,1024,512,0.15,153.6,76.8,-381390.45,-1195379.1,23551,22016,1024,1024,-381467.4,-1195455.9,-381313.8,-1195302.2999999998,p0005_0006,5,6,-385000.05,-1191999.9,600.0
2495,2391,L0_1024_s512,1024,512,0.15,153.6,76.8,-381390.45,-1195455.9,23551,22528,1024,1024,-381467.4,-1195532.7,-381313.8,-1195379.1,p0005_0006,5,6,-385000.05,-1191999.9,600.0
2496,2392,L0_1024_s512,1024,512,0.15,153.6,76.8,-381390.45,-1195532.7,23551,23040,1024,1024,-381467.4,-1195609.5,-381313.8,-1195455.9,p0005_0006,5,6,-385000.05,-1191999.9,600.0
2497,2393,L0_1024_s512,1024,512,0.15,153.6,76.8,-381390.45,-1195609.5,23551,23552,1024,1024,-381467.4,-1195686.2999999998,-381313.8,-1195532.7,p0006_0006,6,6,-385000.05,-1191999.9,600.0
2498,2394,L0_1024_s512,1024,512,0.15,153.6,76.8,-381390.45,-1195686.3,23551,24064,1024,1024,-381467.4,-1195763.1,-381313.8,-1195609.5,p0006_0006,6,6,-385000.05,-1191999.9,600.0
2499,2395,L0_1024_s512,1024,512,0.15,153.6,76.8,-381390.45,-1195763.1,23551,24576,1024,1024,-381467.4,-1195839.9,-381313.8,-1195686.2999999998,p0006_0006,6,6,-385000.05,-1191999.9,600.0
2500,2396,L0_1024_s512,1024,512,0.15,153.6,76.8,-381390.45,-1195839.9,23551,25088,1024,1024,-381467.4,-1195916.7,-381313.8,-1195763.1,p0006_0006,6,6,-385000.05,-1191999.9,600.0
2501,2397,L0_1024_s512,1024,512,0.15,153.6,76.8,-381390.45,-1195916.7,23551,25600,1024,1024,-381467.4,-1195993.5,-381313.8,-1195839.9,p0006_0006,6,6,-385000.05,-1191999.9,600.0
2502,2424,L0_1024_s512,1024,512,0.15,153.6,76.8,-381313.65,-1194073.5,24063,13312,1024,1024,-381390.6,-1194150.2999999998,-381237.0,-1193996.7,p0003_0006,3,6,-385000.05,-1191999.9,600.0
2503,2425,L0_1024_s512,1024,512,0.15,153.6,76.8,-381313.65,-1194150.3,24063,13824,1024,1024,-381390.6,-1194227.1,-381237.0,-1194073.5,p0003_0006,3,6,-385000.05,-1191999.9,600.0
2504,2426,L0_1024_s512,1024,512,0.15,153.6,76.8,-381313.65,-1194227.1,24063,14336,1024,1024,-381390.6,-1194303.9,-381237.0,-1194150.2999999998,p0003_0006,3,6,-385000.05,-1191999.9,600.0
2505,2427,L0_1024_s512,1024,512,0.15,153.6,76.8,-381313.65,-1194303.9,24063,14848,1024,1024,-381390.6,-1194380.7,-381237.0,-1194227.1,p0003_0006,3,6,-385000.05,-1191999.9,600.0
2506,2428,L0_1024_s512,1024,512,0.15,153.6,76.8,-381313.65,-1194380.7,24063,15360,1024,1024,-381390.6,-1194457.5,-381237.0,-1194303.9,p0003_0006,3,6,-385000.05,-1191999.9,600.0
2507,2429,L0_1024_s512,1024,512,0.15,153.6,76.8,-381313.65,-1194457.5,24063,15872,1024,1024,-381390.6,-1194534.2999999998,-381237.0,-1194380.7,p0004_0006,4,6,-385000.05,-1191999.9,600.0
2508,2430,L0_1024_s512,1024,512,0.15,153.6,76.8,-381313.65,-1194534.3,24063,16384,1024,1024,-381390.6,-1194611.1,-381237.0,-1194457.5,p0004_0006,4,6,-385000.05,-1191999.9,600.0
2509,2431,L0_1024_s512,1024,512,0.15,153.6,76.8,-381313.65,-1194611.1,24063,16896,1024,1024,-381390.6,-1194687.9,-381237.0,-1194534.2999999998,p0004_0006,4,6,-385000.05,-1191999.9,600.0
2510,2432,L0_1024_s512,1024,512,0.15,153.6,76.8,-381313.65,-1194687.9,24063,17408,1024,1024,-381390.6,-1194764.7,-381237.0,-1194611.1,p0004_0006,4,6,-385000.05,-1191999.9,600.0
2511,2433,L0_1024_s512,1024,512,0.15,153.6,76.8,-381313.65,-1194764.7,24063,17920,1024,1024,-381390.6,-1194841.5,-381237.0,-1194687.9,p0004_0006,4,6,-385000.05,-1191999.9,600.0
2512,2434,L0_1024_s512,1024,512,0.15,153.6,76.8,-381313.65,-1194841.5,24063,18432,1024,1024,-381390.6,-1194918.2999999998,-381237.0,-1194764.7,p0004_0006,4,6,-385000.05,-1191999.9,600.0
2513,2435,L0_1024_s512,1024,512,0.15,153.6,76.8,-381313.65,-1194918.3,24063,18944,1024,1024,-381390.6,-1194995.1,-381237.0,-1194841.5,p0004_0006,4,6,-385000.05,-1191999.9,600.0
2514,2436,L0_1024_s512,1024,512,0.15,153.6,76.8,-381313.65,-1194995.1,24063,19456,1024,1024,-381390.6,-1195071.9,-381237.0,-1194918.2999999998,p0004_0006,4,6,-385000.05,-1191999.9,600.0
2515,2437,L0_1024_s512,1024,512,0.15,153.6,76.8,-381313.65,-1195071.9,24063,19968,1024,1024,-381390.6,-1195148.7,-381237.0,-1194995.1,p0005_0006,5,6,-385000.05,-1191999.9,600.0
2516,2438,L0_1024_s512,1024,512,0.15,153.6,76.8,-381313.65,-1195148.7,24063,20480,1024,1024,-381390.6,-1195225.5,-381237.0,-1195071.9,p0005_0006,5,6,-385000.05,-1191999.9,600.0
2517,2439,L0_1024_s512,1024,512,0.15,153.6,76.8,-381313.65,-1195225.5,24063,20992,1024,1024,-381390.6,-1195302.2999999998,-381237.0,-1195148.7,p0005_0006,5,6,-385000.05,-1191999.9,600.0
2518,2440,L0_1024_s512,1024,512,0.15,153.6,76.8,-381313.65,-1195302.3,24063,21504,1024,1024,-381390.6,-1195379.1,-381237.0,-1195225.5,p0005_0006,5,6,-385000.05,-1191999.9,600.0
2519,2441,L0_1024_s512,1024,512,0.15,153.6,76.8,-381313.65,-1195379.1,24063,22016,1024,1024,-381390.6,-1195455.9,-381237.0,-1195302.2999999998,p0005_0006,5,6,-385000.05,-1191999.9,600.0
2520,2442,L0_1024_s512,1024,512,0.15,153.6,76.8,-381313.65,-1195455.9,24063,22528,1024,1024,-381390.6,-1195532.7,-381237.0,-1195379.1,p0005_0006,5,6,-385000.05,-1191999.9,600.0
2521,2443,L0_1024_s512,1024,512,0.15,153.6,76.8,-381313.65,-1195532.7,24063,23040,1024,1024,-381390.6,-1195609.5,-381237.0,-1195455.9,p0005_0006,5,6,-385000.05,-1191999.9,600.0
2522,2444,L0_1024_s512,1024,512,0.15,153.6,76.8,-381313.65,-1195609.5,24063,23552,1024,1024,-381390.6,-1195686.2999999998,-381237.0,-1195532.7,p0006_0006,6,6,-385000.05,-1191999.9,600.0
2523,2445,L0_1024_s512,1024,512,0.15,153.6,76.8,-381313.65,-1195686.3,24063,24064,1024,1024,-381390.6,-1195763.1,-381237.0,-1195609.5,p0006_0006,6,6,-385000.05,-1191999.9,600.0
2524,2446,L0_1024_s512,1024,512,0.15,153.6,76.8,-381313.65,-1195763.1,24063,24576,1024,1024,-381390.6,-1195839.9,-381237.0,-1195686.2999999998,p0006_0006,6,6,-385000.05,-1191999.9,600.0
2525,2447,L0_1024_s512,1024,512,0.15,153.6,76.8,-381313.65,-1195839.9,24063,25088,1024,1024,-381390.6,-1195916.7,-381237.0,-1195763.1,p0006_0006,6,6,-385000.05,-1191999.9,600.0
2526,2448,L0_1024_s512,1024,512,0.15,153.6,76.8,-381313.65,-1195916.7,24063,25600,1024,1024,-381390.6,-1195993.5,-381237.0,-1195839.9,p0006_0006,6,6,-385000.05,-1191999.9,600.0
2527,2499,L0_1024_s512,1024,512,0.15,153.6,76.8,-381236.85,-1195916.7,24576,25600,1024,1024,-381313.65,-1195993.5,-381160.05,-1195839.9,p0006_0006,6,6,-385000.05,-1191999.9,600.0
2528,2498,L0_1024_s512,1024,512,0.15,153.6,76.8,-381236.85,-1195839.9,24576,25088,1024,1024,-381313.65,-1195916.7,-381160.05,-1195763.1,p0006_0006,6,6,-385000.05,-1191999.9,600.0
2529,2497,L0_1024_s512,1024,512,0.15,153.6,76.8,-381236.85,-1195763.1,24576,24576,1024,1024,-381313.65,-1195839.9,-381160.05,-1195686.2999999998,p0006_0006,6,6,-385000.05,-1191999.9,600.0
2530,2496,L0_1024_s512,1024,512,0.15,153.6,76.8,-381236.85,-1195686.3,24576,24064,1024,1024,-381313.65,-1195763.1,-381160.05,-1195609.5,p0006_0006,6,6,-385000.05,-1191999.9,600.0
2531,2495,L0_1024_s512,1024,512,0.15,153.6,76.8,-381236.85,-1195609.5,24576,23552,1024,1024,-381313.65,-1195686.2999999998,-381160.05,-1195532.7,p0006_0006,6,6,-385000.05,-1191999.9,600.0
2532,2494,L0_1024_s512,1024,512,0.15,153.6,76.8,-381236.85,-1195532.7,24576,23040,1024,1024,-381313.65,-1195609.5,-381160.05,-1195455.9,p0005_0006,5,6,-385000.05,-1191999.9,600.0
2533,2493,L0_1024_s512,1024,512,0.15,153.6,76.8,-381236.85,-1195455.9,24576,22528,1024,1024,-381313.65,-1195532.7,-381160.05,-1195379.1,p0005_0006,5,6,-385000.05,-1191999.9,600.0
2534,2492,L0_1024_s512,1024,512,0.15,153.6,76.8,-381236.85,-1195379.1,24576,22016,1024,1024,-381313.65,-1195455.9,-381160.05,-1195302.2999999998,p0005_0006,5,6,-385000.05,-1191999.9,600.0
2535,2491,L0_1024_s512,1024,512,0.15,153.6,76.8,-381236.85,-1195302.3,24576,21504,1024,1024,-381313.65,-1195379.1,-381160.05,-1195225.5,p0005_0006,5,6,-385000.05,-1191999.9,600.0
2536,2490,L0_1024_s512,1024,512,0.15,153.6,76.8,-381236.85,-1195225.5,24576,20992,1024,1024,-381313.65,-1195302.2999999998,-381160.05,-1195148.7,p0005_0006,5,6,-385000.05,-1191999.9,600.0
2537,2489,L0_1024_s512,1024,512,0.15,153.6,76.8,-381236.85,-1195148.7,24576,20480,1024,1024,-381313.65,-1195225.5,-381160.05,-1195071.9,p0005_0006,5,6,-385000.05,-1191999.9,600.0
2538,2488,L0_1024_s512,1024,512,0.15,153.6,76.8,-381236.85,-1195071.9,24576,19968,1024,1024,-381313.65,-1195148.7,-381160.05,-1194995.1,p0005_0006,5,6,-385000.05,-1191999.9,600.0
2539,2487,L0_1024_s512,1024,512,0.15,153.6,76.8,-381236.85,-1194995.1,24576,19456,1024,1024,-381313.65,-1195071.9,-381160.05,-1194918.2999999998,p0004_0006,4,6,-385000.05,-1191999.9,600.0
2540,2486,L0_1024_s512,1024,512,0.15,153.6,76.8,-381236.85,-1194918.3,24576,18944,1024,1024,-381313.65,-1194995.1,-381160.05,-1194841.5,p0004_0006,4,6,-385000.05,-1191999.9,600.0
2541,2485,L0_1024_s512,1024,512,0.15,153.6,76.8,-381236.85,-1194841.5,24576,18432,1024,1024,-381313.65,-1194918.2999999998,-381160.05,-1194764.7,p0004_0006,4,6,-385000.05,-1191999.9,600.0
2542,2484,L0_1024_s512,1024,512,0.15,153.6,76.8,-381236.85,-1194764.7,24576,17920,1024,1024,-381313.65,-1194841.5,-381160.05,-1194687.9,p0004_0006,4,6,-385000.05,-1191999.9,600.0
2543,2483,L0_1024_s512,1024,512,0.15,153.6,76.8,-381236.85,-1194687.9,24576,17408,1024,1024,-381313.65,-1194764.7,-381160.05,-1194611.1,p0004_0006,4,6,-385000.05,-1191999.9,600.0
2544,2482,L0_1024_s512,1024,512,0.15,153.6,76.8,-381236.85,-1194611.1,24576,16896,1024,1024,-381313.65,-1194687.9,-381160.05,-1194534.2999999998,p0004_0006,4,6,-385000.05,-1191999.9,600.0
2545,2481,L0_1024_s512,1024,512,0.15,153.6,76.8,-381236.85,-1194534.3,24576,16384,1024,1024,-381313.65,-1194611.1,-381160.05,-1194457.5,p0004_0006,4,6,-385000.05,-1191999.9,600.0
2546,2480,L0_1024_s512,1024,512,0.15,153.6,76.8,-381236.85,-1194457.5,24576,15872,1024,1024,-381313.65,-1194534.2999999998,-381160.05,-1194380.7,p0004_0006,4,6,-385000.05,-1191999.9,600.0
2547,2479,L0_1024_s512,1024,512,0.15,153.6,76.8,-381236.85,-1194380.7,24576,15360,1024,1024,-381313.65,-1194457.5,-381160.05,-1194303.9,p0003_0006,3,6,-385000.05,-1191999.9,600.0
2548,2478,L0_1024_s512,1024,512,0.15,153.6,76.8,-381236.85,-1194303.9,24576,14848,1024,1024,-381313.65,-1194380.7,-381160.05,-1194227.1,p0003_0006,3,6,-385000.05,-1191999.9,600.0
2549,2477,L0_1024_s512,1024,512,0.15,153.6,76.8,-381236.85,-1194227.1,24576,14336,1024,1024,-381313.65,-1194303.9,-381160.05,-1194150.2999999998,p0003_0006,3,6,-385000.05,-1191999.9,600.0
2550,2476,L0_1024_s512,1024,512,0.15,153.6,76.8,-381236.85,-1194150.3,24576,13824,1024,1024,-381313.65,-1194227.1,-381160.05,-1194073.5,p0003_0006,3,6,-385000.05,-1191999.9,600.0
2551,2475,L0_1024_s512,1024,512,0.15,153.6,76.8,-381236.85,-1194073.5,24576,13312,1024,1024,-381313.65,-1194150.2999999998,-381160.05,-1193996.7,p0003_0006,3,6,-385000.05,-1191999.9,600.0
2552,2577,L0_1024_s512,1024,512,0.15,153.6,76.8,-381083.25,-1194073.5,25599,13312,1024,1024,-381160.2,-1194150.2999999998,-381006.6,-1193996.7,p0003_0006,3,6,-385000.05,-1191999.9,600.0
2553,2578,L0_1024_s512,1024,512,0.15,153.6,76.8,-381083.25,-1194150.3,25599,13824,1024,1024,-381160.2,-1194227.1,-381006.6,-1194073.5,p0003_0006,3,6,-385000.05,-1191999.9,600.0
2554,2579,L0_1024_s512,1024,512,0.15,153.6,76.8,-381083.25,-1194227.1,25599,14336,1024,1024,-381160.2,-1194303.9,-381006.6,-1194150.2999999998,p0003_0006,3,6,-385000.05,-1191999.9,600.0
2555,2580,L0_1024_s512,1024,512,0.15,153.6,76.8,-381083.25,-1194303.9,25599,14848,1024,1024,-381160.2,-1194380.7,-381006.6,-1194227.1,p0003_0006,3,6,-385000.05,-1191999.9,600.0
2556,2581,L0_1024_s512,1024,512,0.15,153.6,76.8,-381083.25,-1194380.7,25599,15360,1024,1024,-381160.2,-1194457.5,-381006.6,-1194303.9,p0003_0006,3,6,-385000.05,-1191999.9,600.0
2557,2582,L0_1024_s512,1024,512,0.15,153.6,76.8,-381083.25,-1194457.5,25599,15872,1024,1024,-381160.2,-1194534.2999999998,-381006.6,-1194380.7,p0004_0006,4,6,-385000.05,-1191999.9,600.0
2558,2583,L0_1024_s512,1024,512,0.15,153.6,76.8,-381083.25,-1194534.3,25599,16384,1024,1024,-381160.2,-1194611.1,-381006.6,-1194457.5,p0004_0006,4,6,-385000.05,-1191999.9,600.0
2559,2584,L0_1024_s512,1024,512,0.15,153.6,76.8,-381083.25,-1194611.1,25599,16896,1024,1024,-381160.2,-1194687.9,-381006.6,-1194534.2999999998,p0004_0006,4,6,-385000.05,-1191999.9,600.0
2560,2585,L0_1024_s512,1024,512,0.15,153.6,76.8,-381083.25,-1194687.9,25599,17408,1024,1024,-381160.2,-1194764.7,-381006.6,-1194611.1,p0004_0006,4,6,-385000.05,-1191999.9,600.0
2561,2586,L0_1024_s512,1024,512,0.15,153.6,76.8,-381083.25,-1194764.7,25599,17920,1024,1024,-381160.2,-1194841.5,-381006.6,-1194687.9,p0004_0006,4,6,-385000.05,-1191999.9,600.0
2562,2587,L0_1024_s512,1024,512,0.15,153.6,76.8,-381083.25,-1194841.5,25599,18432,1024,1024,-381160.2,-1194918.2999999998,-381006.6,-1194764.7,p0004_0006,4,6,-385000.05,-1191999.9,600.0
2563,2588,L0_1024_s512,1024,512,0.15,153.6,76.8,-381083.25,-1194918.3,25599,18944,1024,1024,-381160.2,-1194995.1,-381006.6,-1194841.5,p0004_0006,4,6,-385000.05,-1191999.9,600.0
2564,2589,L0_1024_s512,1024,512,0.15,153.6,76.8,-381083.25,-1194995.1,25599,19456,1024,1024,-381160.2,-1195071.9,-381006.6,-1194918.2999999998,p0004_0006,4,6,-385000.05,-1191999.9,600.0
2565,2590,L0_1024_s512,1024,512,0.15,153.6,76.8,-381083.25,-1195071.9,25599,19968,1024,1024,-381160.2,-1195148.7,-381006.6,-1194995.1,p0005_0006,5,6,-385000.05,-1191999.9,600.0
2566,2591,L0_1024_s512,1024,512,0.15,153.6,76.8,-381083.25,-1195148.7,25599,20480,1024,1024,-381160.2,-1195225.5,-381006.6,-1195071.9,p0005_0006,5,6,-385000.05,-1191999.9,600.0
2567,2592,L0_1024_s512,1024,512,0.15,153.6,76.8,-381083.25,-1195225.5,25599,20992,1024,1024,-381160.2,-1195302.2999999998,-381006.6,-1195148.7,p0005_0006,5,6,-385000.05,-1191999.9,600.0
2568,2593,L0_1024_s512,1024,512,0.15,153.6,76.8,-381083.25,-1195302.3,25599,21504,1024,1024,-381160.2,-1195379.1,-381006.6,-1195225.5,p0005_0006,5,6,-385000.05,-1191999.9,600.0
2569,2594,L0_1024_s512,1024,512,0.15,153.6,76.8,-381083.25,-1195379.1,25599,22016,1024,1024,-381160.2,-1195455.9,-381006.6,-1195302.2999999998,p0005_0006,5,6,-385000.05,-1191999.9,600.0
2570,2595,L0_1024_s512,1024,512,0.15,153.6,76.8,-381083.25,-1195455.9,25599,22528,1024,1024,-381160.2,-1195532.7,-381006.6,-1195379.1,p0005_0006,5,6,-385000.05,-1191999.9,600.0
2571,2596,L0_1024_s512,1024,512,0.15,153.6,76.8,-381083.25,-1195532.7,25599,23040,1024,1024,-381160.2,-1195609.5,-381006.6,-1195455.9,p0005_0006,5,6,-385000.05,-1191999.9,600.0
2572,2597,L0_1024_s512,1024,512,0.15,153.6,76.8,-381083.25,-1195609.5,25599,23552,1024,1024,-381160.2,-1195686.2999999998,-381006.6,-1195532.7,p0006_0006,6,6,-385000.05,-1191999.9,600.0
2573,2598,L0_1024_s512,1024,512,0.15,153.6,76.8,-381083.25,-1195686.3,25599,24064,1024,1024,-381160.2,-1195763.1,-381006.6,-1195609.5,p0006_0006,6,6,-385000.05,-1191999.9,600.0
2574,2599,L0_1024_s512,1024,512,0.15,153.6,76.8,-381083.25,-1195763.1,25599,24576,1024,1024,-381160.2,-1195839.9,-381006.6,-1195686.2999999998,p0006_0006,6,6,-385000.05,-1191999.9,600.0
2575,2600,L0_1024_s512,1024,512,0.15,153.6,76.8,-381083.25,-1195839.9,25599,25088,1024,1024,-381160.2,-1195916.7,-381006.6,-1195763.1,p0006_0006,6,6,-385000.05,-1191999.9,600.0
2576,2601,L0_1024_s512,1024,512,0.15,153.6,76.8,-381083.25,-1195916.7,25599,25600,1024,1024,-381160.2,-1195993.5,-381006.6,-1195839.9,p0006_0006,6,6,-385000.05,-1191999.9,600.0
2577,2535,L0_1024_s512,1024,512,0.15,153.6,76.8,-381160.05,-1194764.7,25088,17920,1024,1024,-381236.85,-1194841.5,-381083.25,-1194687.9,p0004_0006,4,6,-385000.05,-1191999.9,600.0
2578,2534,L0_1024_s512,1024,512,0.15,153.6,76.8,-381160.05,-1194687.9,25088,17408,1024,1024,-381236.85,-1194764.7,-381083.25,-1194611.1,p0004_0006,4,6,-385000.05,-1191999.9,600.0
2579,2533,L0_1024_s512,1024,512,0.15,153.6,76.8,-381160.05,-1194611.1,25088,16896,1024,1024,-381236.85,-1194687.9,-381083.25,-1194534.2999999998,p0004_0006,4,6,-385000.05,-1191999.9,600.0
2580,2532,L0_1024_s512,1024,512,0.15,153.6,76.8,-381160.05,-1194534.3,25088,16384,1024,1024,-381236.85,-1194611.1,-381083.25,-1194457.5,p0004_0006,4,6,-385000.05,-1191999.9,600.0
2581,2531,L0_1024_s512,1024,512,0.15,153.6,76.8,-381160.05,-1194457.5,25088,15872,1024,1024,-381236.85,-1194534.2999999998,-381083.25,-1194380.7,p0004_0006,4,6,-385000.05,-1191999.9,600.0
2582,2530,L0_1024_s512,1024,512,0.15,153.6,76.8,-381160.05,-1194380.7,25088,15360,1024,1024,-381236.85,-1194457.5,-381083.25,-1194303.9,p0003_0006,3,6,-385000.05,-1191999.9,600.0
2583,2529,L0_1024_s512,1024,512,0.15,153.6,76.8,-381160.05,-1194303.9,25088,14848,1024,1024,-381236.85,-1194380.7,-381083.25,-1194227.1,p0003_0006,3,6,-385000.05,-1191999.9,600.0
2584,2528,L0_1024_s512,1024,512,0.15,153.6,76.8,-381160.05,-1194227.1,25088,14336,1024,1024,-381236.85,-1194303.9,-381083.25,-1194150.2999999998,p0003_0006,3,6,-385000.05,-1191999.9,600.0
2585,2527,L0_1024_s512,1024,512,0.15,153.6,76.8,-381160.05,-1194150.3,25088,13824,1024,1024,-381236.85,-1194227.1,-381083.25,-1194073.5,p0003_0006,3,6,-385000.05,-1191999.9,600.0
2586,2526,L0_1024_s512,1024,512,0.15,153.6,76.8,-381160.05,-1194073.5,25088,13312,1024,1024,-381236.85,-1194150.2999999998,-381083.25,-1193996.7,p0003_0006,3,6,-385000.05,-1191999.9,600.0
2587,2536,L0_1024_s512,1024,512,0.15,153.6,76.8,-381160.05,-1194841.5,25088,18432,1024,1024,-381236.85,-1194918.2999999998,-381083.25,-1194764.7,p0004_0006,4,6,-385000.05,-1191999.9,600.0
2588,2537,L0_1024_s512,1024,512,0.15,153.6,76.8,-381160.05,-1194918.3,25088,18944,1024,1024,-381236.85,-1194995.1,-381083.25,-1194841.5,p0004_0006,4,6,-385000.05,-1191999.9,600.0
2589,2538,L0_1024_s512,1024,512,0.15,153.6,76.8,-381160.05,-1194995.1,25088,19456,1024,1024,-381236.85,-1195071.9,-381083.25,-1194918.2999999998,p0004_0006,4,6,-385000.05,-1191999.9,600.0
2590,2539,L0_1024_s512,1024,512,0.15,153.6,76.8,-381160.05,-1195071.9,25088,19968,1024,1024,-381236.85,-1195148.7,-381083.25,-1194995.1,p0005_0006,5,6,-385000.05,-1191999.9,600.0
2591,2540,L0_1024_s512,1024,512,0.15,153.6,76.8,-381160.05,-1195148.7,25088,20480,1024,1024,-381236.85,-1195225.5,-381083.25,-1195071.9,p0005_0006,5,6,-385000.05,-1191999.9,600.0
2592,2541,L0_1024_s512,1024,512,0.15,153.6,76.8,-381160.05,-1195225.5,25088,20992,1024,1024,-381236.85,-1195302.2999999998,-381083.25,-1195148.7,p0005_0006,5,6,-385000.05,-1191999.9,600.0
2593,2542,L0_1024_s512,1024,512,0.15,153.6,76.8,-381160.05,-1195302.3,25088,21504,1024,1024,-381236.85,-1195379.1,-381083.25,-1195225.5,p0005_0006,5,6,-385000.05,-1191999.9,600.0
2594,2543,L0_1024_s512,1024,512,0.15,153.6,76.8,-381160.05,-1195379.1,25088,22016,1024,1024,-381236.85,-1195455.9,-381083.25,-1195302.2999999998,p0005_0006,5,6,-385000.05,-1191999.9,600.0
2595,2544,L0_1024_s512,1024,512,0.15,153.6,76.8,-381160.05,-1195455.9,25088,22528,1024,1024,-381236.85,-1195532.7,-381083.25,-1195379.1,p0005_0006,5,6,-385000.05,-1191999.9,600.0
2596,2545,L0_1024_s512,1024,512,0.15,153.6,76.8,-381160.05,-1195532.7,25088,23040,1024,1024,-381236.85,-1195609.5,-381083.25,-1195455.9,p0005_0006,5,6,-385000.05,-1191999.9,600.0
2597,2546,L0_1024_s512,1024,512,0.15,153.6,76.8,-381160.05,-1195609.5,25088,23552,1024,1024,-381236.85,-1195686.2999999998,-381083.25,-1195532.7,p0006_0006,6,6,-385000.05,-1191999.9,600.0
2598,2547,L0_1024_s512,1024,512,0.15,153.6,76.8,-381160.05,-1195686.3,25088,24064,1024,1024,-381236.85,-1195763.1,-381083.25,-1195609.5,p0006_0006,6,6,-385000.05,-1191999.9,600.0
2599,2548,L0_1024_s512,1024,512,0.15,153.6,76.8,-381160.05,-1195763.1,25088,24576,1024,1024,-381236.85,-1195839.9,-381083.25,-1195686.2999999998,p0006_0006,6,6,-385000.05,-1191999.9,600.0
2600,2549,L0_1024_s512,1024,512,0.15,153.6,76.8,-381160.05,-1195839.9,25088,25088,1024,1024,-381236.85,-1195916.7,-381083.25,-1195763.1,p0006_0006,6,6,-385000.05,-1191999.9,600.0
2601,2550,L0_1024_s512,1024,512,0.15,153.6,76.8,-381160.05,-1195916.7,25088,25600,1024,1024,-381236.85,-1195993.5,-381083.25,-1195839.9,p0006_0006,6,6,-385000.05,-1191999.9,600.0
2602,2648,L0_1024_s512,1024,512,0.15,153.6,76.8,-381006.45,-1195609.5,26111,23552,1024,1024,-381083.4,-1195686.2999999998,-380929.8,-1195532.7,p0006_0006,6,6,-385000.05,-1191999.9,600.0
2603,2647,L0_1024_s512,1024,512,0.15,153.6,76.8,-381006.45,-1195532.7,26111,23040,1024,1024,-381083.4,-1195609.5,-380929.8,-1195455.9,p0005_0006,5,6,-385000.05,-1191999.9,600.0
2604,2646,L0_1024_s512,1024,512,0.15,153.6,76.8,-381006.45,-1195455.9,26111,22528,1024,1024,-381083.4,-1195532.7,-380929.8,-1195379.1,p0005_0006,5,6,-385000.05,-1191999.9,600.0
2605,2645,L0_1024_s512,1024,512,0.15,153.6,76.8,-381006.45,-1195379.1,26111,22016,1024,1024,-381083.4,-1195455.9,-380929.8,-1195302.2999999998,p0005_0006,5,6,-385000.05,-1191999.9,600.0
2606,2644,L0_1024_s512,1024,512,0.15,153.6,76.8,-381006.45,-1195302.3,26111,21504,1024,1024,-381083.4,-1195379.1,-380929.8,-1195225.5,p0005_0006,5,6,-385000.05,-1191999.9,600.0
2607,2643,L0_1024_s512,1024,512,0.15,153.6,76.8,-381006.45,-1195225.5,26111,20992,1024,1024,-381083.4,-1195302.2999999998,-380929.8,-1195148.7,p0005_0006,5,6,-385000.05,-1191999.9,600.0
2608,2642,L0_1024_s512,1024,512,0.15,153.6,76.8,-381006.45,-1195148.7,26111,20480,1024,1024,-381083.4,-1195225.5,-380929.8,-1195071.9,p0005_0006,5,6,-385000.05,-1191999.9,600.0
2609,2641,L0_1024_s512,1024,512,0.15,153.6,76.8,-381006.45,-1195071.9,26111,19968,1024,1024,-381083.4,-1195148.7,-380929.8,-1194995.1,p0005_0006,5,6,-385000.05,-1191999.9,600.0
2610,2640,L0_1024_s512,1024,512,0.15,153.6,76.8,-381006.45,-1194995.1,26111,19456,1024,1024,-381083.4,-1195071.9,-380929.8,-1194918.2999999998,p0004_0006,4,6,-385000.05,-1191999.9,600.0
2611,2639,L0_1024_s512,1024,512,0.15,153.6,76.8,-381006.45,-1194918.3,26111,18944,1024,1024,-381083.4,-1194995.1,-380929.8,-1194841.5,p0004_0006,4,6,-385000.05,-1191999.9,600.0
2612,2638,L0_1024_s512,1024,512,0.15,153.6,76.8,-381006.45,-1194841.5,26111,18432,1024,1024,-381083.4,-1194918.2999999998,-380929.8,-1194764.7,p0004_0006,4,6,-385000.05,-1191999.9,600.0
2613,2637,L0_1024_s512,1024,512,0.15,153.6,76.8,-381006.45,-1194764.7,26111,17920,1024,1024,-381083.4,-1194841.5,-380929.8,-1194687.9,p0004_0006,4,6,-385000.05,-1191999.9,600.0
2614,2636,L0_1024_s512,1024,512,0.15,153.6,76.8,-381006.45,-1194687.9,26111,17408,1024,1024,-381083.4,-1194764.7,-380929.8,-1194611.1,p0004_0006,4,6,-385000.05,-1191999.9,600.0
2615,2635,L0_1024_s512,1024,512,0.15,153.6,76.8,-381006.45,-1194611.1,26111,16896,1024,1024,-381083.4,-1194687.9,-380929.8,-1194534.2999999998,p0004_0006,4,6,-385000.05,-1191999.9,600.0
2616,2634,L0_1024_s512,1024,512,0.15,153.6,76.8,-381006.45,-1194534.3,26111,16384,1024,1024,-381083.4,-1194611.1,-380929.8,-1194457.5,p0004_0006,4,6,-385000.05,-1191999.9,600.0
2617,2633,L0_1024_s512,1024,512,0.15,153.6,76.8,-381006.45,-1194457.5,26111,15872,1024,1024,-381083.4,-1194534.2999999998,-380929.8,-1194380.7,p0004_0006,4,6,-385000.05,-1191999.9,600.0
2618,2632,L0_1024_s512,1024,512,0.15,153.6,76.8,-381006.45,-1194380.7,26111,15360,1024,1024,-381083.4,-1194457.5,-380929.8,-1194303.9,p0003_0006,3,6,-385000.05,-1191999.9,600.0
2619,2631,L0_1024_s512,1024,512,0.15,153.6,76.8,-381006.45,-1194303.9,26111,14848,1024,1024,-381083.4,-1194380.7,-380929.8,-1194227.1,p0003_0006,3,6,-385000.05,-1191999.9,600.0
2620,2630,L0_1024_s512,1024,512,0.15,153.6,76.8,-381006.45,-1194227.1,26111,14336,1024,1024,-381083.4,-1194303.9,-380929.8,-1194150.2999999998,p0003_0006,3,6,-385000.05,-1191999.9,600.0
2621,2629,L0_1024_s512,1024,512,0.15,153.6,76.8,-381006.45,-1194150.3,26111,13824,1024,1024,-381083.4,-1194227.1,-380929.8,-1194073.5,p0003_0006,3,6,-385000.05,-1191999.9,600.0
2622,2628,L0_1024_s512,1024,512,0.15,153.6,76.8,-381006.45,-1194073.5,26111,13312,1024,1024,-381083.4,-1194150.2999999998,-380929.8,-1193996.7,p0003_0006,3,6,-385000.05,-1191999.9,600.0
2623,2649,L0_1024_s512,1024,512,0.15,153.6,76.8,-381006.45,-1195686.3,26111,24064,1024,1024,-381083.4,-1195763.1,-380929.8,-1195609.5,p0006_0006,6,6,-385000.05,-1191999.9,600.0
2624,2650,L0_1024_s512,1024,512,0.15,153.6,76.8,-381006.45,-1195763.1,26111,24576,1024,1024,-381083.4,-1195839.9,-380929.8,-1195686.2999999998,p0006_0006,6,6,-385000.05,-1191999.9,600.0
2625,2651,L0_1024_s512,1024,512,0.15,153.6,76.8,-381006.45,-1195839.9,26111,25088,1024,1024,-381083.4,-1195916.7,-380929.8,-1195763.1,p0006_0006,6,6,-385000.05,-1191999.9,600.0
2626,2652,L0_1024_s512,1024,512,0.15,153.6,76.8,-381006.45,-1195916.7,26111,25600,1024,1024,-381083.4,-1195993.5,-380929.8,-1195839.9,p0006_0006,6,6,-385000.05,-1191999.9,600.0
2627,2679,L0_1024_s512,1024,512,0.15,153.6,76.8,-380929.65,-1194073.5,26623,13312,1024,1024,-381006.6,-1194150.2999999998,-380853.0,-1193996.7,p0003_0006,3,6,-385000.05,-1191999.9,600.0
2628,2680,L0_1024_s512,1024,512,0.15,153.6,76.8,-380929.65,-1194150.3,26623,13824,1024,1024,-381006.6,-1194227.1,-380853.0,-1194073.5,p0003_0006,3,6,-385000.05,-1191999.9,600.0
2629,2681,L0_1024_s512,1024,512,0.15,153.6,76.8,-380929.65,-1194227.1,26623,14336,1024,1024,-381006.6,-1194303.9,-380853.0,-1194150.2999999998,p0003_0006,3,6,-385000.05,-1191999.9,600.0
2630,2682,L0_1024_s512,1024,512,0.15,153.6,76.8,-380929.65,-1194303.9,26623,14848,1024,1024,-381006.6,-1194380.7,-380853.0,-1194227.1,p0003_0006,3,6,-385000.05,-1191999.9,600.0
2631,2683,L0_1024_s512,1024,512,0.15,153.6,76.8,-380929.65,-1194380.7,26623,15360,1024,1024,-381006.6,-1194457.5,-380853.0,-1194303.9,p0003_0006,3,6,-385000.05,-1191999.9,600.0
2632,2684,L0_1024_s512,1024,512,0.15,153.6,76.8,-380929.65,-1194457.5,26623,15872,1024,1024,-381006.6,-1194534.2999999998,-380853.0,-1194380.7,p0004_0006,4,6,-385000.05,-1191999.9,600.0
2633,2685,L0_1024_s512,1024,512,0.15,153.6,76.8,-380929.65,-1194534.3,26623,16384,1024,1024,-381006.6,-1194611.1,-380853.0,-1194457.5,p0004_0006,4,6,-385000.05,-1191999.9,600.0
2634,2686,L0_1024_s512,1024,512,0.15,153.6,76.8,-380929.65,-1194611.1,26623,16896,1024,1024,-381006.6,-1194687.9,-380853.0,-1194534.2999999998,p0004_0006,4,6,-385000.05,-1191999.9,600.0
2635,2687,L0_1024_s512,1024,512,0.15,153.6,76.8,-380929.65,-1194687.9,26623,17408,1024,1024,-381006.6,-1194764.7,-380853.0,-1194611.1,p0004_0006,4,6,-385000.05,-1191999.9,600.0
2636,2688,L0_1024_s512,1024,512,0.15,153.6,76.8,-380929.65,-1194764.7,26623,17920,1024,1024,-381006.6,-1194841.5,-380853.0,-1194687.9,p0004_0006,4,6,-385000.05,-1191999.9,600.0
2637,2689,L0_1024_s512,1024,512,0.15,153.6,76.8,-380929.65,-1194841.5,26623,18432,1024,1024,-381006.6,-1194918.2999999998,-380853.0,-1194764.7,p0004_0006,4,6,-385000.05,-1191999.9,600.0
2638,2690,L0_1024_s512,1024,512,0.15,153.6,76.8,-380929.65,-1194918.3,26623,18944,1024,1024,-381006.6,-1194995.1,-380853.0,-1194841.5,p0004_0006,4,6,-385000.05,-1191999.9,600.0
2639,2691,L0_1024_s512,1024,512,0.15,153.6,76.8,-380929.65,-1194995.1,26623,19456,1024,1024,-381006.6,-1195071.9,-380853.0,-1194918.2999999998,p0004_0006,4,6,-385000.05,-1191999.9,600.0
2640,2692,L0_1024_s512,1024,512,0.15,153.6,76.8,-380929.65,-1195071.9,26623,19968,1024,1024,-381006.6,-1195148.7,-380853.0,-1194995.1,p0005_0006,5,6,-385000.05,-1191999.9,600.0
2641,2693,L0_1024_s512,1024,512,0.15,153.6,76.8,-380929.65,-1195148.7,26623,20480,1024,1024,-381006.6,-1195225.5,-380853.0,-1195071.9,p0005_0006,5,6,-385000.05,-1191999.9,600.0
2642,2694,L0_1024_s512,1024,512,0.15,153.6,76.8,-380929.65,-1195225.5,26623,20992,1024,1024,-381006.6,-1195302.2999999998,-380853.0,-1195148.7,p0005_0006,5,6,-385000.05,-1191999.9,600.0
2643,2695,L0_1024_s512,1024,512,0.15,153.6,76.8,-380929.65,-1195302.3,26623,21504,1024,1024,-381006.6,-1195379.1,-380853.0,-1195225.5,p0005_0006,5,6,-385000.05,-1191999.9,600.0
2644,2696,L0_1024_s512,1024,512,0.15,153.6,76.8,-380929.65,-1195379.1,26623,22016,1024,1024,-381006.6,-1195455.9,-380853.0,-1195302.2999999998,p0005_0006,5,6,-385000.05,-1191999.9,600.0
2645,2697,L0_1024_s512,1024,512,0.15,153.6,76.8,-380929.65,-1195455.9,26623,22528,1024,1024,-381006.6,-1195532.7,-380853.0,-1195379.1,p0005_0006,5,6,-385000.05,-1191999.9,600.0
2646,2698,L0_1024_s512,1024,512,0.15,153.6,76.8,-380929.65,-1195532.7,26623,23040,1024,1024,-381006.6,-1195609.5,-380853.0,-1195455.9,p0005_0006,5,6,-385000.05,-1191999.9,600.0
2647,2699,L0_1024_s512,1024,512,0.15,153.6,76.8,-380929.65,-1195609.5,26623,23552,1024,1024,-381006.6,-1195686.2999999998,-380853.0,-1195532.7,p0006_0006,6,6,-385000.05,-1191999.9,600.0
2648,2700,L0_1024_s512,1024,512,0.15,153.6,76.8,-380929.65,-1195686.3,26623,24064,1024,1024,-381006.6,-1195763.1,-380853.0,-1195609.5,p0006_0006,6,6,-385000.05,-1191999.9,600.0
2649,2701,L0_1024_s512,1024,512,0.15,153.6,76.8,-380929.65,-1195763.1,26623,24576,1024,1024,-381006.6,-1195839.9,-380853.0,-1195686.2999999998,p0006_0006,6,6,-385000.05,-1191999.9,600.0
2650,2702,L0_1024_s512,1024,512,0.15,153.6,76.8,-380929.65,-1195839.9,26623,25088,1024,1024,-381006.6,-1195916.7,-380853.0,-1195763.1,p0006_0006,6,6,-385000.05,-1191999.9,600.0
2651,2703,L0_1024_s512,1024,512,0.15,153.6,76.8,-380929.65,-1195916.7,26623,25600,1024,1024,-381006.6,-1195993.5,-380853.0,-1195839.9,p0006_0006,6,6,-385000.05,-1191999.9,600.0
2652,2710,L0_1024_s512,1024,512,0.15,153.6,76.8,-380852.85,-1192537.5,27136,3072,1024,1024,-380929.65,-1192614.2999999998,-380776.05,-1192460.7,p0000_0006,0,6,-385000.05,-1191999.9,600.0
2653,2709,L0_1024_s512,1024,512,0.15,153.6,76.8,-380852.85,-1192460.7,27136,2560,1024,1024,-380929.65,-1192537.5,-380776.05,-1192383.9,p0000_0006,0,6,-385000.05,-1191999.9,600.0
2654,2708,L0_1024_s512,1024,512,0.15,153.6,76.8,-380852.85,-1192383.9,27136,2048,1024,1024,-380929.65,-1192460.7,-380776.05,-1192307.1,p0000_0006,0,6,-385000.05,-1191999.9,600.0
2655,2707,L0_1024_s512,1024,512,0.15,153.6,76.8,-380852.85,-1192307.1,27136,1536,1024,1024,-380929.65,-1192383.9,-380776.05,-1192230.2999999998,p0000_0006,0,6,-385000.05,-1191999.9,600.0
2656,2706,L0_1024_s512,1024,512,0.15,153.6,76.8,-380852.85,-1192230.3,27136,1024,1024,1024,-380929.65,-1192307.1,-380776.05,-1192153.5,p0000_0006,0,6,-385000.05,-1191999.9,600.0
2657,2705,L0_1024_s512,1024,512,0.15,153.6,76.8,-380852.85,-1192153.5,27136,512,1024,1024,-380929.65,-1192230.2999999998,-380776.05,-1192076.7,p0000_0006,0,6,-385000.05,-1191999.9,600.0
2658,2704,L0_1024_s512,1024,512,0.15,153.6,76.8,-380852.85,-1192076.7,27136,0,1024,1024,-380929.65,-1192153.5,-380776.05,-1191999.9,p0000_0006,0,6,-385000.05,-1191999.9,600.0
2659,2755,L0_1024_s512,1024,512,0.15,153.6,76.8,-380776.05,-1192076.7,27648,0,1024,1024,-380852.85,-1192153.5,-380699.25,-1191999.9,p0000_0007,0,7,-385000.05,-1191999.9,600.0
2660,2756,L0_1024_s512,1024,512,0.15,153.6,76.8,-380776.05,-1192153.5,27648,512,1024,1024,-380852.85,-1192230.2999999998,-380699.25,-1192076.7,p0000_0007,0,7,-385000.05,-1191999.9,600.0
2661,2757,L0_1024_s512,1024,512,0.15,153.6,76.8,-380776.05,-1192230.3,27648,1024,1024,1024,-380852.85,-1192307.1,-380699.25,-1192153.5,p0000_0007,0,7,-385000.05,-1191999.9,600.0
2662,2758,L0_1024_s512,1024,512,0.15,153.6,76.8,-380776.05,-1192307.1,27648,1536,1024,1024,-380852.85,-1192383.9,-380699.25,-1192230.2999999998,p0000_0007,0,7,-385000.05,-1191999.9,600.0
2663,2806,L0_1024_s512,1024,512,0.15,153.6,76.8,-380699.25,-1192076.7,28159,0,1024,1024,-380776.2,-1192153.5,-380622.6,-1191999.9,p0000_0007,0,7,-385000.05,-1191999.9,600.0
2664,2807,L0_1024_s512,1024,512,0.15,153.6,76.8,-380699.25,-1192153.5,28159,512,1024,1024,-380776.2,-1192230.2999999998,-380622.6,-1192076.7,p0000_0007,0,7,-385000.05,-1191999.9,600.0
2665,2808,L0_1024_s512,1024,512,0.15,153.6,76.8,-380699.25,-1192230.3,28159,1024,1024,1024,-380776.2,-1192307.1,-380622.6,-1192153.5,p0000_0007,0,7,-385000.05,-1191999.9,600.0
2666,2809,L0_1024_s512,1024,512,0.15,153.6,76.8,-380699.25,-1192307.1,28159,1536,1024,1024,-380776.2,-1192383.9,-380622.6,-1192230.2999999998,p0000_0007,0,7,-385000.05,-1191999.9,600.0
2667,2729,L0_1024_s512,1024,512,0.15,153.6,76.8,-380852.85,-1193996.7,27136,12800,1024,1024,-380929.65,-1194073.5,-380776.05,-1193919.9,p0003_0006,3,6,-385000.05,-1191999.9,600.0
2668,2728,L0_1024_s512,1024,512,0.15,153.6,76.8,-380852.85,-1193919.9,27136,12288,1024,1024,-380929.65,-1193996.7,-380776.05,-1193843.1,p0003_0006,3,6,-385000.05,-1191999.9,600.0
2669,2727,L0_1024_s512,1024,512,0.15,153.6,76.8,-380852.85,-1193843.1,27136,11776,1024,1024,-380929.65,-1193919.9,-380776.05,-1193766.2999999998,p0003_0006,3,6,-385000.05,-1191999.9,600.0
2670,2726,L0_1024_s512,1024,512,0.15,153.6,76.8,-380852.85,-1193766.3,27136,11264,1024,1024,-380929.65,-1193843.1,-380776.05,-1193689.5,p0002_0006,2,6,-385000.05,-1191999.9,600.0
2671,2725,L0_1024_s512,1024,512,0.15,153.6,76.8,-380852.85,-1193689.5,27136,10752,1024,1024,-380929.65,-1193766.2999999998,-380776.05,-1193612.7,p0002_0006,2,6,-385000.05,-1191999.9,600.0
2672,2724,L0_1024_s512,1024,512,0.15,153.6,76.8,-380852.85,-1193612.7,27136,10240,1024,1024,-380929.65,-1193689.5,-380776.05,-1193535.9,p0002_0006,2,6,-385000.05,-1191999.9,600.0
2673,2723,L0_1024_s512,1024,512,0.15,153.6,76.8,-380852.85,-1193535.9,27136,9728,1024,1024,-380929.65,-1193612.7,-380776.05,-1193459.1,p0002_0006,2,6,-385000.05,-1191999.9,600.0
2674,2722,L0_1024_s512,1024,512,0.15,153.6,76.8,-380852.85,-1193459.1,27136,9216,1024,1024,-380929.65,-1193535.9,-380776.05,-1193382.2999999998,p0002_0006,2,6,-385000.05,-1191999.9,600.0
2675,2721,L0_1024_s512,1024,512,0.15,153.6,76.8,-380852.85,-1193382.3,27136,8704,1024,1024,-380929.65,-1193459.1,-380776.05,-1193305.5,p0002_0006,2,6,-385000.05,-1191999.9,600.0
2676,2720,L0_1024_s512,1024,512,0.15,153.6,76.8,-380852.85,-1193305.5,27136,8192,1024,1024,-380929.65,-1193382.2999999998,-380776.05,-1193228.7,p0002_0006,2,6,-385000.05,-1191999.9,600.0
2677,2719,L0_1024_s512,1024,512,0.15,153.6,76.8,-380852.85,-1193228.7,27136,7680,1024,1024,-380929.65,-1193305.5,-380776.05,-1193151.9,p0002_0006,2,6,-385000.05,-1191999.9,600.0
2678,2718,L0_1024_s512,1024,512,0.15,153.6,76.8,-380852.85,-1193151.9,27136,7168,1024,1024,-380929.65,-1193228.7,-380776.05,-1193075.1,p0001_0006,1,6,-385000.05,-1191999.9,600.0
2679,2717,L0_1024_s512,1024,512,0.15,153.6,76.8,-380852.85,-1193075.1,27136,6656,1024,1024,-380929.65,-1193151.9,-380776.05,-1192998.2999999998,p0001_0006,1,6,-385000.05,-1191999.9,600.0
2680,2716,L0_1024_s512,1024,512,0.15,153.6,76.8,-380852.85,-1192998.3,27136,6144,1024,1024,-380929.65,-1193075.1,-380776.05,-1192921.5,p0001_0006,1,6,-385000.05,-1191999.9,600.0
2681,2715,L0_1024_s512,1024,512,0.15,153.6,76.8,-380852.85,-1192921.5,27136,5632,1024,1024,-380929.65,-1192998.2999999998,-380776.05,-1192844.7,p0001_0006,1,6,-385000.05,-1191999.9,600.0
2682,2714,L0_1024_s512,1024,512,0.15,153.6,76.8,-380852.85,-1192844.7,27136,5120,1024,1024,-380929.65,-1192921.5,-380776.05,-1192767.9,p0001_0006,1,6,-385000.05,-1191999.9,600.0
2683,2713,L0_1024_s512,1024,512,0.15,153.6,76.8,-380852.85,-1192767.9,27136,4608,1024,1024,-380929.65,-1192844.7,-380776.05,-1192691.1,p0001_0006,1,6,-385000.05,-1191999.9,600.0
2684,2712,L0_1024_s512,1024,512,0.15,153.6,76.8,-380852.85,-1192691.1,27136,4096,1024,1024,-380929.65,-1192767.9,-380776.05,-1192614.2999999998,p0001_0006,1,6,-385000.05,-1191999.9,600.0
2685,2711,L0_1024_s512,1024,512,0.15,153.6,76.8,-380852.85,-1192614.3,27136,3584,1024,1024,-380929.65,-1192691.1,-380776.05,-1192537.5,p0001_0006,1,6,-385000.05,-1191999.9,600.0
2686,2759,L0_1024_s512,1024,512,0.15,153.6,76.8,-380776.05,-1192383.9,27648,2048,1024,1024,-380852.85,-1192460.7,-380699.25,-1192307.1,p0000_0007,0,7,-385000.05,-1191999.9,600.0
2687,2760,L0_1024_s512,1024,512,0.15,153.6,76.8,-380776.05,-1192460.7,27648,2560,1024,1024,-380852.85,-1192537.5,-380699.25,-1192383.9,p0000_0007,0,7,-385000.05,-1191999.9,600.0
2688,2761,L0_1024_s512,1024,512,0.15,153.6,76.8,-380776.05,-1192537.5,27648,3072,1024,1024,-380852.85,-1192614.2999999998,-380699.25,-1192460.7,p0000_0007,0,7,-385000.05,-1191999.9,600.0
2689,2762,L0_1024_s512,1024,512,0.15,153.6,76.8,-380776.05,-1192614.3,27648,3584,1024,1024,-380852.85,-1192691.1,-380699.25,-1192537.5,p0001_0007,1,7,-385000.05,-1191999.9,600.0
2690,2763,L0_1024_s512,1024,512,0.15,153.6,76.8,-380776.05,-1192691.1,27648,4096,1024,1024,-380852.85,-1192767.9,-380699.25,-1192614.2999999998,p0001_0007,1,7,-385000.05,-1191999.9,600.0
2691,2764,L0_1024_s512,1024,512,0.15,153.6,76.8,-380776.05,-1192767.9,27648,4608,1024,1024,-380852.85,-1192844.7,-380699.25,-1192691.1,p0001_0007,1,7,-385000.05,-1191999.9,600.0
2692,2765,L0_1024_s512,1024,512,0.15,153.6,76.8,-380776.05,-1192844.7,27648,5120,1024,1024,-380852.85,-1192921.5,-380699.25,-1192767.9,p0001_0007,1,7,-385000.05,-1191999.9,600.0
2693,2766,L0_1024_s512,1024,512,0.15,153.6,76.8,-380776.05,-1192921.5,27648,5632,1024,1024,-380852.85,-1192998.2999999998,-380699.25,-1192844.7,p0001_0007,1,7,-385000.05,-1191999.9,600.0
2694,2767,L0_1024_s512,1024,512,0.15,153.6,76.8,-380776.05,-1192998.3,27648,6144,1024,1024,-380852.85,-1193075.1,-380699.25,-1192921.5,p0001_0007,1,7,-385000.05,-1191999.9,600.0
2695,2768,L0_1024_s512,1024,512,0.15,153.6,76.8,-380776.05,-1193075.1,27648,6656,1024,1024,-380852.85,-1193151.9,-380699.25,-1192998.2999999998,p0001_0007,1,7,-385000.05,-1191999.9,600.0
2696,2769,L0_1024_s512,1024,512,0.15,153.6,76.8,-380776.05,-1193151.9,27648,7168,1024,1024,-380852.85,-1193228.7,-380699.25,-1193075.1,p0001_0007,1,7,-385000.05,-1191999.9,600.0
2697,2770,L0_1024_s512,1024,512,0.15,153.6,76.8,-380776.05,-1193228.7,27648,7680,1024,1024,-380852.85,-1193305.5,-380699.25,-1193151.9,p0002_0007,2,7,-385000.05,-1191999.9,600.0
2698,2771,L0_1024_s512,1024,512,0.15,153.6,76.8,-380776.05,-1193305.5,27648,8192,1024,1024,-380852.85,-1193382.2999999998,-380699.25,-1193228.7,p0002_0007,2,7,-385000.05,-1191999.9,600.0
2699,2772,L0_1024_s512,1024,512,0.15,153.6,76.8,-380776.05,-1193382.3,27648,8704,1024,1024,-380852.85,-1193459.1,-380699.25,-1193305.5,p0002_0007,2,7,-385000.05,-1191999.9,600.0
2700,2773,L0_1024_s512,1024,512,0.15,153.6,76.8,-380776.05,-1193459.1,27648,9216,1024,1024,-380852.85,-1193535.9,-380699.25,-1193382.2999999998,p0002_0007,2,7,-385000.05,-1191999.9,600.0
2701,2774,L0_1024_s512,1024,512,0.15,153.6,76.8,-380776.05,-1193535.9,27648,9728,1024,1024,-380852.85,-1193612.7,-380699.25,-1193459.1,p0002_0007,2,7,-385000.05,-1191999.9,600.0
2702,2775,L0_1024_s512,1024,512,0.15,153.6,76.8,-380776.05,-1193612.7,27648,10240,1024,1024,-380852.85,-1193689.5,-380699.25,-1193535.9,p0002_0007,2,7,-385000.05,-1191999.9,600.0
2703,2776,L0_1024_s512,1024,512,0.15,153.6,76.8,-380776.05,-1193689.5,27648,10752,1024,1024,-380852.85,-1193766.2999999998,-380699.25,-1193612.7,p0002_0007,2,7,-385000.05,-1191999.9,600.0
2704,2777,L0_1024_s512,1024,512,0.15,153.6,76.8,-380776.05,-1193766.3,27648,11264,1024,1024,-380852.85,-1193843.1,-380699.25,-1193689.5,p0002_0007,2,7,-385000.05,-1191999.9,600.0
2705,2778,L0_1024_s512,1024,512,0.15,153.6,76.8,-380776.05,-1193843.1,27648,11776,1024,1024,-380852.85,-1193919.9,-380699.25,-1193766.2999999998,p0003_0007,3,7,-385000.05,-1191999.9,600.0
2706,2779,L0_1024_s512,1024,512,0.15,153.6,76.8,-380776.05,-1193919.9,27648,12288,1024,1024,-380852.85,-1193996.7,-380699.25,-1193843.1,p0003_0007,3,7,-385000.05,-1191999.9,600.0
2707,2780,L0_1024_s512,1024,512,0.15,153.6,76.8,-380776.05,-1193996.7,27648,12800,1024,1024,-380852.85,-1194073.5,-380699.25,-1193919.9,p0003_0007,3,7,-385000.05,-1191999.9,600.0
2708,2810,L0_1024_s512,1024,512,0.15,153.6,76.8,-380699.25,-1192383.9,28159,2048,1024,1024,-380776.2,-1192460.7,-380622.6,-1192307.1,p0000_0007,0,7,-385000.05,-1191999.9,600.0
2709,2811,L0_1024_s512,1024,512,0.15,153.6,76.8,-380699.25,-1192460.7,28159,2560,1024,1024,-380776.2,-1192537.5,-380622.6,-1192383.9,p0000_0007,0,7,-385000.05,-1191999.9,600.0
2710,2812,L0_1024_s512,1024,512,0.15,153.6,76.8,-380699.25,-1192537.5,28159,3072,1024,1024,-380776.2,-1192614.2999999998,-380622.6,-1192460.7,p0000_0007,0,7,-385000.05,-1191999.9,600.0
2711,2813,L0_1024_s512,1024,512,0.15,153.6,76.8,-380699.25,-1192614.3,28159,3584,1024,1024,-380776.2,-1192691.1,-380622.6,-1192537.5,p0001_0007,1,7,-385000.05,-1191999.9,600.0
2712,2814,L0_1024_s512,1024,512,0.15,153.6,76.8,-380699.25,-1192691.1,28159,4096,1024,1024,-380776.2,-1192767.9,-380622.6,-1192614.2999999998,p0001_0007,1,7,-385000.05,-1191999.9,600.0
2713,2815,L0_1024_s512,1024,512,0.15,153.6,76.8,-380699.25,-1192767.9,28159,4608,1024,1024,-380776.2,-1192844.7,-380622.6,-1192691.1,p0001_0007,1,7,-385000.05,-1191999.9,600.0
2714,2816,L0_1024_s512,1024,512,0.15,153.6,76.8,-380699.25,-1192844.7,28159,5120,1024,1024,-380776.2,-1192921.5,-380622.6,-1192767.9,p0001_0007,1,7,-385000.05,-1191999.9,600.0
2715,2817,L0_1024_s512,1024,512,0.15,153.6,76.8,-380699.25,-1192921.5,28159,5632,1024,1024,-380776.2,-1192998.2999999998,-380622.6,-1192844.7,p0001_0007,1,7,-385000.05,-1191999.9,600.0
2716,2818,L0_1024_s512,1024,512,0.15,153.6,76.8,-380699.25,-1192998.3,28159,6144,1024,1024,-380776.2,-1193075.1,-380622.6,-1192921.5,p0001_0007,1,7,-385000.05,-1191999.9,600.0
2717,2819,L0_1024_s512,1024,512,0.15,153.6,76.8,-380699.25,-1193075.1,28159,6656,1024,1024,-380776.2,-1193151.9,-380622.6,-1192998.2999999998,p0001_0007,1,7,-385000.05,-1191999.9,600.0
2718,2820,L0_1024_s512,1024,512,0.15,153.6,76.8,-380699.25,-1193151.9,28159,7168,1024,1024,-380776.2,-1193228.7,-380622.6,-1193075.1,p0001_0007,1,7,-385000.05,-1191999.9,600.0
2719,2821,L0_1024_s512,1024,512,0.15,153.6,76.8,-380699.25,-1193228.7,28159,7680,1024,1024,-380776.2,-1193305.5,-380622.6,-1193151.9,p0002_0007,2,7,-385000.05,-1191999.9,600.0
2720,2822,L0_1024_s512,1024,512,0.15,153.6,76.8,-380699.25,-1193305.5,28159,8192,1024,1024,-380776.2,-1193382.2999999998,-380622.6,-1193228.7,p0002_0007,2,7,-385000.05,-1191999.9,600.0
2721,2823,L0_1024_s512,1024,512,0.15,153.6,76.8,-380699.25,-1193382.3,28159,8704,1024,1024,-380776.2,-1193459.1,-380622.6,-1193305.5,p0002_0007,2,7,-385000.05,-1191999.9,600.0
2722,2824,L0_1024_s512,1024,512,0.15,153.6,76.8,-380699.25,-1193459.1,28159,9216,1024,1024,-380776.2,-1193535.9,-380622.6,-1193382.2999999998,p0002_0007,2,7,-385000.05,-1191999.9,600.0
2723,2825,L0_1024_s512,1024,512,0.15,153.6,76.8,-380699.25,-1193535.9,28159,9728,1024,1024,-380776.2,-1193612.7,-380622.6,-1193459.1,p0002_0007,2,7,-385000.05,-1191999.9,600.0
2724,2826,L0_1024_s512,1024,512,0.15,153.6,76.8,-380699.25,-1193612.7,28159,10240,1024,1024,-380776.2,-1193689.5,-380622.6,-1193535.9,p0002_0007,2,7,-385000.05,-1191999.9,600.0
2725,2827,L0_1024_s512,1024,512,0.15,153.6,76.8,-380699.25,-1193689.5,28159,10752,1024,1024,-380776.2,-1193766.2999999998,-380622.6,-1193612.7,p0002_0007,2,7,-385000.05,-1191999.9,600.0
2726,2828,L0_1024_s512,1024,512,0.15,153.6,76.8,-380699.25,-1193766.3,28159,11264,1024,1024,-380776.2,-1193843.1,-380622.6,-1193689.5,p0002_0007,2,7,-385000.05,-1191999.9,600.0
2727,2829,L0_1024_s512,1024,512,0.15,153.6,76.8,-380699.25,-1193843.1,28159,11776,1024,1024,-380776.2,-1193919.9,-380622.6,-1193766.2999999998,p0003_0007,3,7,-385000.05,-1191999.9,600.0
2728,2830,L0_1024_s512,1024,512,0.15,153.6,76.8,-380699.25,-1193919.9,28159,12288,1024,1024,-380776.2,-1193996.7,-380622.6,-1193843.1,p0003_0007,3,7,-385000.05,-1191999.9,600.0
2729,2831,L0_1024_s512,1024,512,0.15,153.6,76.8,-380699.25,-1193996.7,28159,12800,1024,1024,-380776.2,-1194073.5,-380622.6,-1193919.9,p0003_0007,3,7,-385000.05,-1191999.9,600.0
2730,2861,L0_1024_s512,1024,512,0.15,153.6,76.8,-380622.45,-1192383.9,28671,2048,1024,1024,-380699.4,-1192460.7,-380545.8,-1192307.1,p0000_0007,0,7,-385000.05,-1191999.9,600.0
2731,2862,L0_1024_s512,1024,512,0.15,153.6,76.8,-380622.45,-1192460.7,28671,2560,1024,1024,-380699.4,-1192537.5,-380545.8,-1192383.9,p0000_0007,0,7,-385000.05,-1191999.9,600.0
2732,2863,L0_1024_s512,1024,512,0.15,153.6,76.8,-380622.45,-1192537.5,28671,3072,1024,1024,-380699.4,-1192614.2999999998,-380545.8,-1192460.7,p0000_0007,0,7,-385000.05,-1191999.9,600.0
2733,2864,L0_1024_s512,1024,512,0.15,153.6,76.8,-380622.45,-1192614.3,28671,3584,1024,1024,-380699.4,-1192691.1,-380545.8,-1192537.5,p0001_0007,1,7,-385000.05,-1191999.9,600.0
2734,2865,L0_1024_s512,1024,512,0.15,153.6,76.8,-380622.45,-1192691.1,28671,4096,1024,1024,-380699.4,-1192767.9,-380545.8,-1192614.2999999998,p0001_0007,1,7,-385000.05,-1191999.9,600.0
2735,2866,L0_1024_s512,1024,512,0.15,153.6,76.8,-380622.45,-1192767.9,28671,4608,1024,1024,-380699.4,-1192844.7,-380545.8,-1192691.1,p0001_0007,1,7,-385000.05,-1191999.9,600.0
2736,2867,L0_1024_s512,1024,512,0.15,153.6,76.8,-380622.45,-1192844.7,28671,5120,1024,1024,-380699.4,-1192921.5,-380545.8,-1192767.9,p0001_0007,1,7,-385000.05,-1191999.9,600.0
2737,2868,L0_1024_s512,1024,512,0.15,153.6,76.8,-380622.45,-1192921.5,28671,5632,1024,1024,-380699.4,-1192998.2999999998,-380545.8,-1192844.7,p0001_0007,1,7,-385000.05,-1191999.9,600.0
2738,2869,L0_1024_s512,1024,512,0.15,153.6,76.8,-380622.45,-1192998.3,28671,6144,1024,1024,-380699.4,-1193075.1,-380545.8,-1192921.5,p0001_0007,1,7,-385000.05,-1191999.9,600.0
2739,2870,L0_1024_s512,1024,512,0.15,153.6,76.8,-380622.45,-1193075.1,28671,6656,1024,1024,-380699.4,-1193151.9,-380545.8,-1192998.2999999998,p0001_0007,1,7,-385000.05,-1191999.9,600.0
2740,2871,L0_1024_s512,1024,512,0.15,153.6,76.8,-380622.45,-1193151.9,28671,7168,1024,1024,-380699.4,-1193228.7,-380545.8,-1193075.1,p0001_0007,1,7,-385000.05,-1191999.9,600.0
2741,2872,L0_1024_s512,1024,512,0.15,153.6,76.8,-380622.45,-1193228.7,28671,7680,1024,1024,-380699.4,-1193305.5,-380545.8,-1193151.9,p0002_0007,2,7,-385000.05,-1191999.9,600.0
2742,2873,L0_1024_s512,1024,512,0.15,153.6,76.8,-380622.45,-1193305.5,28671,8192,1024,1024,-380699.4,-1193382.2999999998,-380545.8,-1193228.7,p0002_0007,2,7,-385000.05,-1191999.9,600.0
2743,2874,L0_1024_s512,1024,512,0.15,153.6,76.8,-380622.45,-1193382.3,28671,8704,1024,1024,-380699.4,-1193459.1,-380545.8,-1193305.5,p0002_0007,2,7,-385000.05,-1191999.9,600.0
2744,2875,L0_1024_s512,1024,512,0.15,153.6,76.8,-380622.45,-1193459.1,28671,9216,1024,1024,-380699.4,-1193535.9,-380545.8,-1193382.2999999998,p0002_0007,2,7,-385000.05,-1191999.9,600.0
2745,2876,L0_1024_s512,1024,512,0.15,153.6,76.8,-380622.45,-1193535.9,28671,9728,1024,1024,-380699.4,-1193612.7,-380545.8,-1193459.1,p0002_0007,2,7,-385000.05,-1191999.9,600.0
2746,2877,L0_1024_s512,1024,512,0.15,153.6,76.8,-380622.45,-1193612.7,28671,10240,1024,1024,-380699.4,-1193689.5,-380545.8,-1193535.9,p0002_0007,2,7,-385000.05,-1191999.9,600.0
2747,2878,L0_1024_s512,1024,512,0.15,153.6,76.8,-380622.45,-1193689.5,28671,10752,1024,1024,-380699.4,-1193766.2999999998,-380545.8,-1193612.7,p0002_0007,2,7,-385000.05,-1191999.9,600.0
2748,2879,L0_1024_s512,1024,512,0.15,153.6,76.8,-380622.45,-1193766.3,28671,11264,1024,1024,-380699.4,-1193843.1,-380545.8,-1193689.5,p0002_0007,2,7,-385000.05,-1191999.9,600.0
2749,2880,L0_1024_s512,1024,512,0.15,153.6,76.8,-380622.45,-1193843.1,28671,11776,1024,1024,-380699.4,-1193919.9,-380545.8,-1193766.2999999998,p0003_0007,3,7,-385000.05,-1191999.9,600.0
2750,2881,L0_1024_s512,1024,512,0.15,153.6,76.8,-380622.45,-1193919.9,28671,12288,1024,1024,-380699.4,-1193996.7,-380545.8,-1193843.1,p0003_0007,3,7,-385000.05,-1191999.9,600.0
2751,2882,L0_1024_s512,1024,512,0.15,153.6,76.8,-380622.45,-1193996.7,28671,12800,1024,1024,-380699.4,-1194073.5,-380545.8,-1193919.9,p0003_0007,3,7,-385000.05,-1191999.9,600.0
2752,2912,L0_1024_s512,1024,512,0.15,153.6,76.8,-380545.65,-1192383.9,29183,2048,1024,1024,-380622.6,-1192460.7,-380469.0,-1192307.1,p0000_0007,0,7,-385000.05,-1191999.9,600.0
2753,2913,L0_1024_s512,1024,512,0.15,153.6,76.8,-380545.65,-1192460.7,29183,2560,1024,1024,-380622.6,-1192537.5,-380469.0,-1192383.9,p0000_0007,0,7,-385000.05,-1191999.9,600.0
2754,2914,L0_1024_s512,1024,512,0.15,153.6,76.8,-380545.65,-1192537.5,29183,3072,1024,1024,-380622.6,-1192614.2999999998,-380469.0,-1192460.7,p0000_0007,0,7,-385000.05,-1191999.9,600.0
2755,2915,L0_1024_s512,1024,512,0.15,153.6,76.8,-380545.65,-1192614.3,29183,3584,1024,1024,-380622.6,-1192691.1,-380469.0,-1192537.5,p0001_0007,1,7,-385000.05,-1191999.9,600.0
2756,2916,L0_1024_s512,1024,512,0.15,153.6,76.8,-380545.65,-1192691.1,29183,4096,1024,1024,-380622.6,-1192767.9,-380469.0,-1192614.2999999998,p0001_0007,1,7,-385000.05,-1191999.9,600.0
2757,2917,L0_1024_s512,1024,512,0.15,153.6,76.8,-380545.65,-1192767.9,29183,4608,1024,1024,-380622.6,-1192844.7,-380469.0,-1192691.1,p0001_0007,1,7,-385000.05,-1191999.9,600.0
2758,2918,L0_1024_s512,1024,512,0.15,153.6,76.8,-380545.65,-1192844.7,29183,5120,1024,1024,-380622.6,-1192921.5,-380469.0,-1192767.9,p0001_0007,1,7,-385000.05,-1191999.9,600.0
2759,2919,L0_1024_s512,1024,512,0.15,153.6,76.8,-380545.65,-1192921.5,29183,5632,1024,1024,-380622.6,-1192998.2999999998,-380469.0,-1192844.7,p0001_0007,1,7,-385000.05,-1191999.9,600.0
2760,2920,L0_1024_s512,1024,512,0.15,153.6,76.8,-380545.65,-1192998.3,29183,6144,1024,1024,-380622.6,-1193075.1,-380469.0,-1192921.5,p0001_0007,1,7,-385000.05,-1191999.9,600.0
2761,2921,L0_1024_s512,1024,512,0.15,153.6,76.8,-380545.65,-1193075.1,29183,6656,1024,1024,-380622.6,-1193151.9,-380469.0,-1192998.2999999998,p0001_0007,1,7,-385000.05,-1191999.9,600.0
2762,2922,L0_1024_s512,1024,512,0.15,153.6,76.8,-380545.65,-1193151.9,29183,7168,1024,1024,-380622.6,-1193228.7,-380469.0,-1193075.1,p0001_0007,1,7,-385000.05,-1191999.9,600.0
2763,2923,L0_1024_s512,1024,512,0.15,153.6,76.8,-380545.65,-1193228.7,29183,7680,1024,1024,-380622.6,-1193305.5,-380469.0,-1193151.9,p0002_0007,2,7,-385000.05,-1191999.9,600.0
2764,2924,L0_1024_s512,1024,512,0.15,153.6,76.8,-380545.65,-1193305.5,29183,8192,1024,1024,-380622.6,-1193382.2999999998,-380469.0,-1193228.7,p0002_0007,2,7,-385000.05,-1191999.9,600.0
2765,2925,L0_1024_s512,1024,512,0.15,153.6,76.8,-380545.65,-1193382.3,29183,8704,1024,1024,-380622.6,-1193459.1,-380469.0,-1193305.5,p0002_0007,2,7,-385000.05,-1191999.9,600.0
2766,2926,L0_1024_s512,1024,512,0.15,153.6,76.8,-380545.65,-1193459.1,29183,9216,1024,1024,-380622.6,-1193535.9,-380469.0,-1193382.2999999998,p0002_0007,2,7,-385000.05,-1191999.9,600.0
2767,2927,L0_1024_s512,1024,512,0.15,153.6,76.8,-380545.65,-1193535.9,29183,9728,1024,1024,-380622.6,-1193612.7,-380469.0,-1193459.1,p0002_0007,2,7,-385000.05,-1191999.9,600.0
2768,2928,L0_1024_s512,1024,512,0.15,153.6,76.8,-380545.65,-1193612.7,29183,10240,1024,1024,-380622.6,-1193689.5,-380469.0,-1193535.9,p0002_0007,2,7,-385000.05,-1191999.9,600.0
2769,2929,L0_1024_s512,1024,512,0.15,153.6,76.8,-380545.65,-1193689.5,29183,10752,1024,1024,-380622.6,-1193766.2999999998,-380469.0,-1193612.7,p0002_0007,2,7,-385000.05,-1191999.9,600.0
2770,2930,L0_1024_s512,1024,512,0.15,153.6,76.8,-380545.65,-1193766.3,29183,11264,1024,1024,-380622.6,-1193843.1,-380469.0,-1193689.5,p0002_0007,2,7,-385000.05,-1191999.9,600.0
2771,2931,L0_1024_s512,1024,512,0.15,153.6,76.8,-380545.65,-1193843.1,29183,11776,1024,1024,-380622.6,-1193919.9,-380469.0,-1193766.2999999998,p0003_0007,3,7,-385000.05,-1191999.9,600.0
2772,2932,L0_1024_s512,1024,512,0.15,153.6,76.8,-380545.65,-1193919.9,29183,12288,1024,1024,-380622.6,-1193996.7,-380469.0,-1193843.1,p0003_0007,3,7,-385000.05,-1191999.9,600.0
2773,2933,L0_1024_s512,1024,512,0.15,153.6,76.8,-380545.65,-1193996.7,29183,12800,1024,1024,-380622.6,-1194073.5,-380469.0,-1193919.9,p0003_0007,3,7,-385000.05,-1191999.9,600.0
2774,2963,L0_1024_s512,1024,512,0.15,153.6,76.8,-380468.85,-1192383.9,29696,2048,1024,1024,-380545.65,-1192460.7,-380392.05,-1192307.1,p0000_0007,0,7,-385000.05,-1191999.9,600.0
2775,2964,L0_1024_s512,1024,512,0.15,153.6,76.8,-380468.85,-1192460.7,29696,2560,1024,1024,-380545.65,-1192537.5,-380392.05,-1192383.9,p0000_0007,0,7,-385000.05,-1191999.9,600.0
2776,2965,L0_1024_s512,1024,512,0.15,153.6,76.8,-380468.85,-1192537.5,29696,3072,1024,1024,-380545.65,-1192614.2999999998,-380392.05,-1192460.7,p0000_0007,0,7,-385000.05,-1191999.9,600.0
2777,2966,L0_1024_s512,1024,512,0.15,153.6,76.8,-380468.85,-1192614.3,29696,3584,1024,1024,-380545.65,-1192691.1,-380392.05,-1192537.5,p0001_0007,1,7,-385000.05,-1191999.9,600.0
2778,2967,L0_1024_s512,1024,512,0.15,153.6,76.8,-380468.85,-1192691.1,29696,4096,1024,1024,-380545.65,-1192767.9,-380392.05,-1192614.2999999998,p0001_0007,1,7,-385000.05,-1191999.9,600.0
2779,2968,L0_1024_s512,1024,512,0.15,153.6,76.8,-380468.85,-1192767.9,29696,4608,1024,1024,-380545.65,-1192844.7,-380392.05,-1192691.1,p0001_0007,1,7,-385000.05,-1191999.9,600.0
2780,2969,L0_1024_s512,1024,512,0.15,153.6,76.8,-380468.85,-1192844.7,29696,5120,1024,1024,-380545.65,-1192921.5,-380392.05,-1192767.9,p0001_0007,1,7,-385000.05,-1191999.9,600.0
2781,2970,L0_1024_s512,1024,512,0.15,153.6,76.8,-380468.85,-1192921.5,29696,5632,1024,1024,-380545.65,-1192998.2999999998,-380392.05,-1192844.7,p0001_0007,1,7,-385000.05,-1191999.9,600.0
2782,2971,L0_1024_s512,1024,512,0.15,153.6,76.8,-380468.85,-1192998.3,29696,6144,1024,1024,-380545.65,-1193075.1,-380392.05,-1192921.5,p0001_0007,1,7,-385000.05,-1191999.9,600.0
2783,2972,L0_1024_s512,1024,512,0.15,153.6,76.8,-380468.85,-1193075.1,29696,6656,1024,1024,-380545.65,-1193151.9,-380392.05,-1192998.2999999998,p0001_0007,1,7,-385000.05,-1191999.9,600.0
2784,2973,L0_1024_s512,1024,512,0.15,153.6,76.8,-380468.85,-1193151.9,29696,7168,1024,1024,-380545.65,-1193228.7,-380392.05,-1193075.1,p0001_0007,1,7,-385000.05,-1191999.9,600.0
2785,2974,L0_1024_s512,1024,512,0.15,153.6,76.8,-380468.85,-1193228.7,29696,7680,1024,1024,-380545.65,-1193305.5,-380392.05,-1193151.9,p0002_0007,2,7,-385000.05,-1191999.9,600.0
2786,2975,L0_1024_s512,1024,512,0.15,153.6,76.8,-380468.85,-1193305.5,29696,8192,1024,1024,-380545.65,-1193382.2999999998,-380392.05,-1193228.7,p0002_0007,2,7,-385000.05,-1191999.9,600.0
2787,2976,L0_1024_s512,1024,512,0.15,153.6,76.8,-380468.85,-1193382.3,29696,8704,1024,1024,-380545.65,-1193459.1,-380392.05,-1193305.5,p0002_0007,2,7,-385000.05,-1191999.9,600.0
2788,2977,L0_1024_s512,1024,512,0.15,153.6,76.8,-380468.85,-1193459.1,29696,9216,1024,1024,-380545.65,-1193535.9,-380392.05,-1193382.2999999998,p0002_0007,2,7,-385000.05,-1191999.9,600.0
2789,2978,L0_1024_s512,1024,512,0.15,153.6,76.8,-380468.85,-1193535.9,29696,9728,1024,1024,-380545.65,-1193612.7,-380392.05,-1193459.1,p0002_0007,2,7,-385000.05,-1191999.9,600.0
2790,2979,L0_1024_s512,1024,512,0.15,153.6,76.8,-380468.85,-1193612.7,29696,10240,1024,1024,-380545.65,-1193689.5,-380392.05,-1193535.9,p0002_0007,2,7,-385000.05,-1191999.9,600.0
2791,2980,L0_1024_s512,1024,512,0.15,153.6,76.8,-380468.85,-1193689.5,29696,10752,1024,1024,-380545.65,-1193766.2999999998,-380392.05,-1193612.7,p0002_0007,2,7,-385000.05,-1191999.9,600.0
2792,2981,L0_1024_s512,1024,512,0.15,153.6,76.8,-380468.85,-1193766.3,29696,11264,1024,1024,-380545.65,-1193843.1,-380392.05,-1193689.5,p0002_0007,2,7,-385000.05,-1191999.9,600.0
2793,2982,L0_1024_s512,1024,512,0.15,153.6,76.8,-380468.85,-1193843.1,29696,11776,1024,1024,-380545.65,-1193919.9,-380392.05,-1193766.2999999998,p0003_0007,3,7,-385000.05,-1191999.9,600.0
2794,2983,L0_1024_s512,1024,512,0.15,153.6,76.8,-380468.85,-1193919.9,29696,12288,1024,1024,-380545.65,-1193996.7,-380392.05,-1193843.1,p0003_0007,3,7,-385000.05,-1191999.9,600.0
2795,2984,L0_1024_s512,1024,512,0.15,153.6,76.8,-380468.85,-1193996.7,29696,12800,1024,1024,-380545.65,-1194073.5,-380392.05,-1193919.9,p0003_0007,3,7,-385000.05,-1191999.9,600.0
2796,3086,L0_1024_s512,1024,512,0.15,153.6,76.8,-380315.25,-1193996.7,30719,12800,1024,1024,-380392.2,-1194073.5,-380238.6,-1193919.9,p0003_0007,3,7,-385000.05,-1191999.9,600.0
2797,3085,L0_1024_s512,1024,512,0.15,153.6,76.8,-380315.25,-1193919.9,30719,12288,1024,1024,-380392.2,-1193996.7,-380238.6,-1193843.1,p0003_0007,3,7,-385000.05,-1191999.9,600.0
2798,3084,L0_1024_s512,1024,512,0.15,153.6,76.8,-380315.25,-1193843.1,30719,11776,1024,1024,-380392.2,-1193919.9,-380238.6,-1193766.2999999998,p0003_0007,3,7,-385000.05,-1191999.9,600.0
2799,3083,L0_1024_s512,1024,512,0.15,153.6,76.8,-380315.25,-1193766.3,30719,11264,1024,1024,-380392.2,-1193843.1,-380238.6,-1193689.5,p0002_0007,2,7,-385000.05,-1191999.9,600.0
2800,3082,L0_1024_s512,1024,512,0.15,153.6,76.8,-380315.25,-1193689.5,30719,10752,1024,1024,-380392.2,-1193766.2999999998,-380238.6,-1193612.7,p0002_0007,2,7,-385000.05,-1191999.9,600.0
2801,3081,L0_1024_s512,1024,512,0.15,153.6,76.8,-380315.25,-1193612.7,30719,10240,1024,1024,-380392.2,-1193689.5,-380238.6,-1193535.9,p0002_0007,2,7,-385000.05,-1191999.9,600.0
2802,3080,L0_1024_s512,1024,512,0.15,153.6,76.8,-380315.25,-1193535.9,30719,9728,1024,1024,-380392.2,-1193612.7,-380238.6,-1193459.1,p0002_0007,2,7,-385000.05,-1191999.9,600.0
2803,3079,L0_1024_s512,1024,512,0.15,153.6,76.8,-380315.25,-1193459.1,30719,9216,1024,1024,-380392.2,-1193535.9,-380238.6,-1193382.2999999998,p0002_0007,2,7,-385000.05,-1191999.9,600.0
2804,3078,L0_1024_s512,1024,512,0.15,153.6,76.8,-380315.25,-1193382.3,30719,8704,1024,1024,-380392.2,-1193459.1,-380238.6,-1193305.5,p0002_0007,2,7,-385000.05,-1191999.9,600.0
2805,3077,L0_1024_s512,1024,512,0.15,153.6,76.8,-380315.25,-1193305.5,30719,8192,1024,1024,-380392.2,-1193382.2999999998,-380238.6,-1193228.7,p0002_0007,2,7,-385000.05,-1191999.9,600.0
2806,3076,L0_1024_s512,1024,512,0.15,153.6,76.8,-380315.25,-1193228.7,30719,7680,1024,1024,-380392.2,-1193305.5,-380238.6,-1193151.9,p0002_0007,2,7,-385000.05,-1191999.9,600.0
2807,3075,L0_1024_s512,1024,512,0.15,153.6,76.8,-380315.25,-1193151.9,30719,7168,1024,1024,-380392.2,-1193228.7,-380238.6,-1193075.1,p0001_0007,1,7,-385000.05,-1191999.9,600.0
2808,3074,L0_1024_s512,1024,512,0.15,153.6,76.8,-380315.25,-1193075.1,30719,6656,1024,1024,-380392.2,-1193151.9,-380238.6,-1192998.2999999998,p0001_0007,1,7,-385000.05,-1191999.9,600.0
2809,3073,L0_1024_s512,1024,512,0.15,153.6,76.8,-380315.25,-1192998.3,30719,6144,1024,1024,-380392.2,-1193075.1,-380238.6,-1192921.5,p0001_0007,1,7,-385000.05,-1191999.9,600.0
2810,3072,L0_1024_s512,1024,512,0.15,153.6,76.8,-380315.25,-1192921.5,30719,5632,1024,1024,-380392.2,-1192998.2999999998,-380238.6,-1192844.7,p0001_0007,1,7,-385000.05,-1191999.9,600.0
2811,3071,L0_1024_s512,1024,512,0.15,153.6,76.8,-380315.25,-1192844.7,30719,5120,1024,1024,-380392.2,-1192921.5,-380238.6,-1192767.9,p0001_0007,1,7,-385000.05,-1191999.9,600.0
2812,3070,L0_1024_s512,1024,512,0.15,153.6,76.8,-380315.25,-1192767.9,30719,4608,1024,1024,-380392.2,-1192844.7,-380238.6,-1192691.1,p0001_0007,1,7,-385000.05,-1191999.9,600.0
2813,3069,L0_1024_s512,1024,512,0.15,153.6,76.8,-380315.25,-1192691.1,30719,4096,1024,1024,-380392.2,-1192767.9,-380238.6,-1192614.2999999998,p0001_0007,1,7,-385000.05,-1191999.9,600.0
2814,3068,L0_1024_s512,1024,512,0.15,153.6,76.8,-380315.25,-1192614.3,30719,3584,1024,1024,-380392.2,-1192691.1,-380238.6,-1192537.5,p0001_0007,1,7,-385000.05,-1191999.9,600.0
2815,3067,L0_1024_s512,1024,512,0.15,153.6,76.8,-380315.25,-1192537.5,30719,3072,1024,1024,-380392.2,-1192614.2999999998,-380238.6,-1192460.7,p0000_0007,0,7,-385000.05,-1191999.9,600.0
2816,3066,L0_1024_s512,1024,512,0.15,153.6,76.8,-380315.25,-1192460.7,30719,2560,1024,1024,-380392.2,-1192537.5,-380238.6,-1192383.9,p0000_0007,0,7,-385000.05,-1191999.9,600.0
2817,3015,L0_1024_s512,1024,512,0.15,153.6,76.8,-380392.05,-1192460.7,30208,2560,1024,1024,-380468.85,-1192537.5,-380315.25,-1192383.9,p0000_0007,0,7,-385000.05,-1191999.9,600.0
2818,3016,L0_1024_s512,1024,512,0.15,153.6,76.8,-380392.05,-1192537.5,30208,3072,1024,1024,-380468.85,-1192614.2999999998,-380315.25,-1192460.7,p0000_0007,0,7,-385000.05,-1191999.9,600.0
2819,3017,L0_1024_s512,1024,512,0.15,153.6,76.8,-380392.05,-1192614.3,30208,3584,1024,1024,-380468.85,-1192691.1,-380315.25,-1192537.5,p0001_0007,1,7,-385000.05,-1191999.9,600.0
2820,3018,L0_1024_s512,1024,512,0.15,153.6,76.8,-380392.05,-1192691.1,30208,4096,1024,1024,-380468.85,-1192767.9,-380315.25,-1192614.2999999998,p0001_0007,1,7,-385000.05,-1191999.9,600.0
2821,3019,L0_1024_s512,1024,512,0.15,153.6,76.8,-380392.05,-1192767.9,30208,4608,1024,1024,-380468.85,-1192844.7,-380315.25,-1192691.1,p0001_0007,1,7,-385000.05,-1191999.9,600.0
2822,3020,L0_1024_s512,1024,512,0.15,153.6,76.8,-380392.05,-1192844.7,30208,5120,1024,1024,-380468.85,-1192921.5,-380315.25,-1192767.9,p0001_0007,1,7,-385000.05,-1191999.9,600.0
2823,3021,L0_1024_s512,1024,512,0.15,153.6,76.8,-380392.05,-1192921.5,30208,5632,1024,1024,-380468.85,-1192998.2999999998,-380315.25,-1192844.7,p0001_0007,1,7,-385000.05,-1191999.9,600.0
2824,3022,L0_1024_s512,1024,512,0.15,153.6,76.8,-380392.05,-1192998.3,30208,6144,1024,1024,-380468.85,-1193075.1,-380315.25,-1192921.5,p0001_0007,1,7,-385000.05,-1191999.9,600.0
2825,3023,L0_1024_s512,1024,512,0.15,153.6,76.8,-380392.05,-1193075.1,30208,6656,1024,1024,-380468.85,-1193151.9,-380315.25,-1192998.2999999998,p0001_0007,1,7,-385000.05,-1191999.9,600.0
2826,3024,L0_1024_s512,1024,512,0.15,153.6,76.8,-380392.05,-1193151.9,30208,7168,1024,1024,-380468.85,-1193228.7,-380315.25,-1193075.1,p0001_0007,1,7,-385000.05,-1191999.9,600.0
2827,3025,L0_1024_s512,1024,512,0.15,153.6,76.8,-380392.05,-1193228.7,30208,7680,1024,1024,-380468.85,-1193305.5,-380315.25,-1193151.9,p0002_0007,2,7,-385000.05,-1191999.9,600.0
2828,3026,L0_1024_s512,1024,512,0.15,153.6,76.8,-380392.05,-1193305.5,30208,8192,1024,1024,-380468.85,-1193382.2999999998,-380315.25,-1193228.7,p0002_0007,2,7,-385000.05,-1191999.9,600.0
2829,3027,L0_1024_s512,1024,512,0.15,153.6,76.8,-380392.05,-1193382.3,30208,8704,1024,1024,-380468.85,-1193459.1,-380315.25,-1193305.5,p0002_0007,2,7,-385000.05,-1191999.9,600.0
2830,3028,L0_1024_s512,1024,512,0.15,153.6,76.8,-380392.05,-1193459.1,30208,9216,1024,1024,-380468.85,-1193535.9,-380315.25,-1193382.2999999998,p0002_0007,2,7,-385000.05,-1191999.9,600.0
2831,3029,L0_1024_s512,1024,512,0.15,153.6,76.8,-380392.05,-1193535.9,30208,9728,1024,1024,-380468.85,-1193612.7,-380315.25,-1193459.1,p0002_0007,2,7,-385000.05,-1191999.9,600.0
2832,3030,L0_1024_s512,1024,512,0.15,153.6,76.8,-380392.05,-1193612.7,30208,10240,1024,1024,-380468.85,-1193689.5,-380315.25,-1193535.9,p0002_0007,2,7,-385000.05,-1191999.9,600.0
2833,3031,L0_1024_s512,1024,512,0.15,153.6,76.8,-380392.05,-1193689.5,30208,10752,1024,1024,-380468.85,-1193766.2999999998,-380315.25,-1193612.7,p0002_0007,2,7,-385000.05,-1191999.9,600.0
2834,3032,L0_1024_s512,1024,512,0.15,153.6,76.8,-380392.05,-1193766.3,30208,11264,1024,1024,-380468.85,-1193843.1,-380315.25,-1193689.5,p0002_0007,2,7,-385000.05,-1191999.9,600.0
2835,3033,L0_1024_s512,1024,512,0.15,153.6,76.8,-380392.05,-1193843.1,30208,11776,1024,1024,-380468.85,-1193919.9,-380315.25,-1193766.2999999998,p0003_0007,3,7,-385000.05,-1191999.9,600.0
2836,3034,L0_1024_s512,1024,512,0.15,153.6,76.8,-380392.05,-1193919.9,30208,12288,1024,1024,-380468.85,-1193996.7,-380315.25,-1193843.1,p0003_0007,3,7,-385000.05,-1191999.9,600.0
2837,3035,L0_1024_s512,1024,512,0.15,153.6,76.8,-380392.05,-1193996.7,30208,12800,1024,1024,-380468.85,-1194073.5,-380315.25,-1193919.9,p0003_0007,3,7,-385000.05,-1191999.9,600.0
2838,2860,L0_1024_s512,1024,512,0.15,153.6,76.8,-380622.45,-1192307.1,28671,1536,1024,1024,-380699.4,-1192383.9,-380545.8,-1192230.2999999998,p0000_0007,0,7,-385000.05,-1191999.9,600.0
2839,2859,L0_1024_s512,1024,512,0.15,153.6,76.8,-380622.45,-1192230.3,28671,1024,1024,1024,-380699.4,-1192307.1,-380545.8,-1192153.5,p0000_0007,0,7,-385000.05,-1191999.9,600.0
2840,2858,L0_1024_s512,1024,512,0.15,153.6,76.8,-380622.45,-1192153.5,28671,512,1024,1024,-380699.4,-1192230.2999999998,-380545.8,-1192076.7,p0000_0007,0,7,-385000.05,-1191999.9,600.0
2841,2857,L0_1024_s512,1024,512,0.15,153.6,76.8,-380622.45,-1192076.7,28671,0,1024,1024,-380699.4,-1192153.5,-380545.8,-1191999.9,p0000_0007,0,7,-385000.05,-1191999.9,600.0
2842,2911,L0_1024_s512,1024,512,0.15,153.6,76.8,-380545.65,-1192307.1,29183,1536,1024,1024,-380622.6,-1192383.9,-380469.0,-1192230.2999999998,p0000_0007,0,7,-385000.05,-1191999.9,600.0
2843,2910,L0_1024_s512,1024,512,0.15,153.6,76.8,-380545.65,-1192230.3,29183,1024,1024,1024,-380622.6,-1192307.1,-380469.0,-1192153.5,p0000_0007,0,7,-385000.05,-1191999.9,600.0
2844,2909,L0_1024_s512,1024,512,0.15,153.6,76.8,-380545.65,-1192153.5,29183,512,1024,1024,-380622.6,-1192230.2999999998,-380469.0,-1192076.7,p0000_0007,0,7,-385000.05,-1191999.9,600.0
2845,2908,L0_1024_s512,1024,512,0.15,153.6,76.8,-380545.65,-1192076.7,29183,0,1024,1024,-380622.6,-1192153.5,-380469.0,-1191999.9,p0000_0007,0,7,-385000.05,-1191999.9,600.0
2846,2962,L0_1024_s512,1024,512,0.15,153.6,76.8,-380468.85,-1192307.1,29696,1536,1024,1024,-380545.65,-1192383.9,-380392.05,-1192230.2999999998,p0000_0007,0,7,-385000.05,-1191999.9,600.0
2847,2961,L0_1024_s512,1024,512,0.15,153.6,76.8,-380468.85,-1192230.3,29696,1024,1024,1024,-380545.65,-1192307.1,-380392.05,-1192153.5,p0000_0007,0,7,-385000.05,-1191999.9,600.0
2848,2960,L0_1024_s512,1024,512,0.15,153.6,76.8,-380468.85,-1192153.5,29696,512,1024,1024,-380545.65,-1192230.2999999998,-380392.05,-1192076.7,p0000_0007,0,7,-385000.05,-1191999.9,600.0
2849,2959,L0_1024_s512,1024,512,0.15,153.6,76.8,-380468.85,-1192076.7,29696,0,1024,1024,-380545.65,-1192153.5,-380392.05,-1191999.9,p0000_0007,0,7,-385000.05,-1191999.9,600.0
2850,3014,L0_1024_s512,1024,512,0.15,153.6,76.8,-380392.05,-1192383.9,30208,2048,1024,1024,-380468.85,-1192460.7,-380315.25,-1192307.1,p0000_0007,0,7,-385000.05,-1191999.9,600.0
2851,3013,L0_1024_s512,1024,512,0.15,153.6,76.8,-380392.05,-1192307.1,30208,1536,1024,1024,-380468.85,-1192383.9,-380315.25,-1192230.2999999998,p0000_0007,0,7,-385000.05,-1191999.9,600.0
2852,3012,L0_1024_s512,1024,512,0.15,153.6,76.8,-380392.05,-1192230.3,30208,1024,1024,1024,-380468.85,-1192307.1,-380315.25,-1192153.5,p0000_0007,0,7,-385000.05,-1191999.9,600.0
2853,3011,L0_1024_s512,1024,512,0.15,153.6,76.8,-380392.05,-1192153.5,30208,512,1024,1024,-380468.85,-1192230.2999999998,-380315.25,-1192076.7,p0000_0007,0,7,-385000.05,-1191999.9,600.0
2854,3010,L0_1024_s512,1024,512,0.15,153.6,76.8,-380392.05,-1192076.7,30208,0,1024,1024,-380468.85,-1192153.5,-380315.25,-1191999.9,p0000_0007,0,7,-385000.05,-1191999.9,600.0
2855,3064,L0_1024_s512,1024,512,0.15,153.6,76.8,-380315.25,-1192307.1,30719,1536,1024,1024,-380392.2,-1192383.9,-380238.6,-1192230.2999999998,p0000_0007,0,7,-385000.05,-1191999.9,600.0
2856,3065,L0_1024_s512,1024,512,0.15,153.6,76.8,-380315.25,-1192383.9,30719,2048,1024,1024,-380392.2,-1192460.7,-380238.6,-1192307.1,p0000_0007,0,7,-385000.05,-1191999.9,600.0
2857,3063,L0_1024_s512,1024,512,0.15,153.6,76.8,-380315.25,-1192230.3,30719,1024,1024,1024,-380392.2,-1192307.1,-380238.6,-1192153.5,p0000_0007,0,7,-385000.05,-1191999.9,600.0
2858,3062,L0_1024_s512,1024,512,0.15,153.6,76.8,-380315.25,-1192153.5,30719,512,1024,1024,-380392.2,-1192230.2999999998,-380238.6,-1192076.7,p0000_0007,0,7,-385000.05,-1191999.9,600.0
2859,3061,L0_1024_s512,1024,512,0.15,153.6,76.8,-380315.25,-1192076.7,30719,0,1024,1024,-380392.2,-1192153.5,-380238.6,-1191999.9,p0000_0007,0,7,-385000.05,-1191999.9,600.0
2860,3112,L0_1024_s512,1024,512,0.15,153.6,76.8,-380238.45,-1192076.7,31231,0,1024,1024,-380315.4,-1192153.5,-380161.8,-1191999.9,p0000_0007,0,7,-385000.05,-1191999.9,600.0
2861,3113,L0_1024_s512,1024,512,0.15,153.6,76.8,-380238.45,-1192153.5,31231,512,1024,1024,-380315.4,-1192230.2999999998,-380161.8,-1192076.7,p0000_0007,0,7,-385000.05,-1191999.9,600.0
2862,3114,L0_1024_s512,1024,512,0.15,153.6,76.8,-380238.45,-1192230.3,31231,1024,1024,1024,-380315.4,-1192307.1,-380161.8,-1192153.5,p0000_0007,0,7,-385000.05,-1191999.9,600.0
2863,3115,L0_1024_s512,1024,512,0.15,153.6,76.8,-380238.45,-1192307.1,31231,1536,1024,1024,-380315.4,-1192383.9,-380161.8,-1192230.2999999998,p0000_0007,0,7,-385000.05,-1191999.9,600.0
2864,3116,L0_1024_s512,1024,512,0.15,153.6,76.8,-380238.45,-1192383.9,31231,2048,1024,1024,-380315.4,-1192460.7,-380161.8,-1192307.1,p0000_0007,0,7,-385000.05,-1191999.9,600.0
2865,3117,L0_1024_s512,1024,512,0.15,153.6,76.8,-380238.45,-1192460.7,31231,2560,1024,1024,-380315.4,-1192537.5,-380161.8,-1192383.9,p0000_0007,0,7,-385000.05,-1191999.9,600.0
2866,3118,L0_1024_s512,1024,512,0.15,153.6,76.8,-380238.45,-1192537.5,31231,3072,1024,1024,-380315.4,-1192614.2999999998,-380161.8,-1192460.7,p0000_0007,0,7,-385000.05,-1191999.9,600.0
2867,3119,L0_1024_s512,1024,512,0.15,153.6,76.8,-380238.45,-1192614.3,31231,3584,1024,1024,-380315.4,-1192691.1,-380161.8,-1192537.5,p0001_0007,1,7,-385000.05,-1191999.9,600.0
2868,3120,L0_1024_s512,1024,512,0.15,153.6,76.8,-380238.45,-1192691.1,31231,4096,1024,1024,-380315.4,-1192767.9,-380161.8,-1192614.2999999998,p0001_0007,1,7,-385000.05,-1191999.9,600.0
2869,3121,L0_1024_s512,1024,512,0.15,153.6,76.8,-380238.45,-1192767.9,31231,4608,1024,1024,-380315.4,-1192844.7,-380161.8,-1192691.1,p0001_0007,1,7,-385000.05,-1191999.9,600.0
2870,3122,L0_1024_s512,1024,512,0.15,153.6,76.8,-380238.45,-1192844.7,31231,5120,1024,1024,-380315.4,-1192921.5,-380161.8,-1192767.9,p0001_0007,1,7,-385000.05,-1191999.9,600.0
2871,3123,L0_1024_s512,1024,512,0.15,153.6,76.8,-380238.45,-1192921.5,31231,5632,1024,1024,-380315.4,-1192998.2999999998,-380161.8,-1192844.7,p0001_0007,1,7,-385000.05,-1191999.9,600.0
2872,3124,L0_1024_s512,1024,512,0.15,153.6,76.8,-380238.45,-1192998.3,31231,6144,1024,1024,-380315.4,-1193075.1,-380161.8,-1192921.5,p0001_0007,1,7,-385000.05,-1191999.9,600.0
2873,3125,L0_1024_s512,1024,512,0.15,153.6,76.8,-380238.45,-1193075.1,31231,6656,1024,1024,-380315.4,-1193151.9,-380161.8,-1192998.2999999998,p0001_0007,1,7,-385000.05,-1191999.9,600.0
2874,3126,L0_1024_s512,1024,512,0.15,153.6,76.8,-380238.45,-1193151.9,31231,7168,1024,1024,-380315.4,-1193228.7,-380161.8,-1193075.1,p0001_0007,1,7,-385000.05,-1191999.9,600.0
2875,3127,L0_1024_s512,1024,512,0.15,153.6,76.8,-380238.45,-1193228.7,31231,7680,1024,1024,-380315.4,-1193305.5,-380161.8,-1193151.9,p0002_0007,2,7,-385000.05,-1191999.9,600.0
2876,3128,L0_1024_s512,1024,512,0.15,153.6,76.8,-380238.45,-1193305.5,31231,8192,1024,1024,-380315.4,-1193382.2999999998,-380161.8,-1193228.7,p0002_0007,2,7,-385000.05,-1191999.9,600.0
2877,3129,L0_1024_s512,1024,512,0.15,153.6,76.8,-380238.45,-1193382.3,31231,8704,1024,1024,-380315.4,-1193459.1,-380161.8,-1193305.5,p0002_0007,2,7,-385000.05,-1191999.9,600.0
2878,3130,L0_1024_s512,1024,512,0.15,153.6,76.8,-380238.45,-1193459.1,31231,9216,1024,1024,-380315.4,-1193535.9,-380161.8,-1193382.2999999998,p0002_0007,2,7,-385000.05,-1191999.9,600.0
2879,3131,L0_1024_s512,1024,512,0.15,153.6,76.8,-380238.45,-1193535.9,31231,9728,1024,1024,-380315.4,-1193612.7,-380161.8,-1193459.1,p0002_0007,2,7,-385000.05,-1191999.9,600.0
2880,3132,L0_1024_s512,1024,512,0.15,153.6,76.8,-380238.45,-1193612.7,31231,10240,1024,1024,-380315.4,-1193689.5,-380161.8,-1193535.9,p0002_0007,2,7,-385000.05,-1191999.9,600.0
2881,3133,L0_1024_s512,1024,512,0.15,153.6,76.8,-380238.45,-1193689.5,31231,10752,1024,1024,-380315.4,-1193766.2999999998,-380161.8,-1193612.7,p0002_0007,2,7,-385000.05,-1191999.9,600.0
2882,3134,L0_1024_s512,1024,512,0.15,153.6,76.8,-380238.45,-1193766.3,31231,11264,1024,1024,-380315.4,-1193843.1,-380161.8,-1193689.5,p0002_0007,2,7,-385000.05,-1191999.9,600.0
2883,3135,L0_1024_s512,1024,512,0.15,153.6,76.8,-380238.45,-1193843.1,31231,11776,1024,1024,-380315.4,-1193919.9,-380161.8,-1193766.2999999998,p0003_0007,3,7,-385000.05,-1191999.9,600.0
2884,3136,L0_1024_s512,1024,512,0.15,153.6,76.8,-380238.45,-1193919.9,31231,12288,1024,1024,-380315.4,-1193996.7,-380161.8,-1193843.1,p0003_0007,3,7,-385000.05,-1191999.9,600.0
2885,3137,L0_1024_s512,1024,512,0.15,153.6,76.8,-380238.45,-1193996.7,31231,12800,1024,1024,-380315.4,-1194073.5,-380161.8,-1193919.9,p0003_0007,3,7,-385000.05,-1191999.9,600.0
2886,3163,L0_1024_s512,1024,512,0.15,153.6,76.8,-380161.65,-1192076.7,31743,0,1024,1024,-380238.6,-1192153.5,-380085.0,-1191999.9,p0000_0008,0,8,-385000.05,-1191999.9,600.0
2887,3164,L0_1024_s512,1024,512,0.15,153.6,76.8,-380161.65,-1192153.5,31743,512,1024,1024,-380238.6,-1192230.2999999998,-380085.0,-1192076.7,p0000_0008,0,8,-385000.05,-1191999.9,600.0
2888,3165,L0_1024_s512,1024,512,0.15,153.6,76.8,-380161.65,-1192230.3,31743,1024,1024,1024,-380238.6,-1192307.1,-380085.0,-1192153.5,p0000_0008,0,8,-385000.05,-1191999.9,600.0
2889,3166,L0_1024_s512,1024,512,0.15,153.6,76.8,-380161.65,-1192307.1,31743,1536,1024,1024,-380238.6,-1192383.9,-380085.0,-1192230.2999999998,p0000_0008,0,8,-385000.05,-1191999.9,600.0
2890,3167,L0_1024_s512,1024,512,0.15,153.6,76.8,-380161.65,-1192383.9,31743,2048,1024,1024,-380238.6,-1192460.7,-380085.0,-1192307.1,p0000_0008,0,8,-385000.05,-1191999.9,600.0
2891,3168,L0_1024_s512,1024,512,0.15,153.6,76.8,-380161.65,-1192460.7,31743,2560,1024,1024,-380238.6,-1192537.5,-380085.0,-1192383.9,p0000_0008,0,8,-385000.05,-1191999.9,600.0
2892,3169,L0_1024_s512,1024,512,0.15,153.6,76.8,-380161.65,-1192537.5,31743,3072,1024,1024,-380238.6,-1192614.2999999998,-380085.0,-1192460.7,p0000_0008,0,8,-385000.05,-1191999.9,600.0
2893,3170,L0_1024_s512,1024,512,0.15,153.6,76.8,-380161.65,-1192614.3,31743,3584,1024,1024,-380238.6,-1192691.1,-380085.0,-1192537.5,p0001_0008,1,8,-385000.05,-1191999.9,600.0
2894,3171,L0_1024_s512,1024,512,0.15,153.6,76.8,-380161.65,-1192691.1,31743,4096,1024,1024,-380238.6,-1192767.9,-380085.0,-1192614.2999999998,p0001_0008,1,8,-385000.05,-1191999.9,600.0
2895,3172,L0_1024_s512,1024,512,0.15,153.6,76.8,-380161.65,-1192767.9,31743,4608,1024,1024,-380238.6,-1192844.7,-380085.0,-1192691.1,p0001_0008,1,8,-385000.05,-1191999.9,600.0
2896,3173,L0_1024_s512,1024,512,0.15,153.6,76.8,-380161.65,-1192844.7,31743,5120,1024,1024,-380238.6,-1192921.5,-380085.0,-1192767.9,p0001_0008,1,8,-385000.05,-1191999.9,600.0
2897,3174,L0_1024_s512,1024,512,0.15,153.6,76.8,-380161.65,-1192921.5,31743,5632,1024,1024,-380238.6,-1192998.2999999998,-380085.0,-1192844.7,p0001_0008,1,8,-385000.05,-1191999.9,600.0
2898,3175,L0_1024_s512,1024,512,0.15,153.6,76.8,-380161.65,-1192998.3,31743,6144,1024,1024,-380238.6,-1193075.1,-380085.0,-1192921.5,p0001_0008,1,8,-385000.05,-1191999.9,600.0
2899,3176,L0_1024_s512,1024,512,0.15,153.6,76.8,-380161.65,-1193075.1,31743,6656,1024,1024,-380238.6,-1193151.9,-380085.0,-1192998.2999999998,p0001_0008,1,8,-385000.05,-1191999.9,600.0
2900,3177,L0_1024_s512,1024,512,0.15,153.6,76.8,-380161.65,-1193151.9,31743,7168,1024,1024,-380238.6,-1193228.7,-380085.0,-1193075.1,p0001_0008,1,8,-385000.05,-1191999.9,600.0
2901,3178,L0_1024_s512,1024,512,0.15,153.6,76.8,-380161.65,-1193228.7,31743,7680,1024,1024,-380238.6,-1193305.5,-380085.0,-1193151.9,p0002_0008,2,8,-385000.05,-1191999.9,600.0
2902,3179,L0_1024_s512,1024,512,0.15,153.6,76.8,-380161.65,-1193305.5,31743,8192,1024,1024,-380238.6,-1193382.2999999998,-380085.0,-1193228.7,p0002_0008,2,8,-385000.05,-1191999.9,600.0
2903,3180,L0_1024_s512,1024,512,0.15,153.6,76.8,-380161.65,-1193382.3,31743,8704,1024,1024,-380238.6,-1193459.1,-380085.0,-1193305.5,p0002_0008,2,8,-385000.05,-1191999.9,600.0
2904,3181,L0_1024_s512,1024,512,0.15,153.6,76.8,-380161.65,-1193459.1,31743,9216,1024,1024,-380238.6,-1193535.9,-380085.0,-1193382.2999999998,p0002_0008,2,8,-385000.05,-1191999.9,600.0
2905,3182,L0_1024_s512,1024,512,0.15,153.6,76.8,-380161.65,-1193535.9,31743,9728,1024,1024,-380238.6,-1193612.7,-380085.0,-1193459.1,p0002_0008,2,8,-385000.05,-1191999.9,600.0
2906,3183,L0_1024_s512,1024,512,0.15,153.6,76.8,-380161.65,-1193612.7,31743,10240,1024,1024,-380238.6,-1193689.5,-380085.0,-1193535.9,p0002_0008,2,8,-385000.05,-1191999.9,600.0
2907,3184,L0_1024_s512,1024,512,0.15,153.6,76.8,-380161.65,-1193689.5,31743,10752,1024,1024,-380238.6,-1193766.2999999998,-380085.0,-1193612.7,p0002_0008,2,8,-385000.05,-1191999.9,600.0
2908,3185,L0_1024_s512,1024,512,0.15,153.6,76.8,-380161.65,-1193766.3,31743,11264,1024,1024,-380238.6,-1193843.1,-380085.0,-1193689.5,p0002_0008,2,8,-385000.05,-1191999.9,600.0
2909,3186,L0_1024_s512,1024,512,0.15,153.6,76.8,-380161.65,-1193843.1,31743,11776,1024,1024,-380238.6,-1193919.9,-380085.0,-1193766.2999999998,p0003_0008,3,8,-385000.05,-1191999.9,600.0
2910,3187,L0_1024_s512,1024,512,0.15,153.6,76.8,-380161.65,-1193919.9,31743,12288,1024,1024,-380238.6,-1193996.7,-380085.0,-1193843.1,p0003_0008,3,8,-385000.05,-1191999.9,600.0
2911,3188,L0_1024_s512,1024,512,0.15,153.6,76.8,-380161.65,-1193996.7,31743,12800,1024,1024,-380238.6,-1194073.5,-380085.0,-1193919.9,p0003_0008,3,8,-385000.05,-1191999.9,600.0
2912,3214,L0_1024_s512,1024,512,0.15,153.6,76.8,-380084.85,-1192076.7,32256,0,1024,1024,-380161.65,-1192153.5,-380008.05,-1191999.9,p0000_0008,0,8,-385000.05,-1191999.9,600.0
2913,3215,L0_1024_s512,1024,512,0.15,153.6,76.8,-380084.85,-1192153.5,32256,512,1024,1024,-380161.65,-1192230.2999999998,-380008.05,-1192076.7,p0000_0008,0,8,-385000.05,-1191999.9,600.0
2914,3216,L0_1024_s512,1024,512,0.15,153.6,76.8,-380084.85,-1192230.3,32256,1024,1024,1024,-380161.65,-1192307.1,-380008.05,-1192153.5,p0000_0008,0,8,-385000.05,-1191999.9,600.0
2915,3217,L0_1024_s512,1024,512,0.15,153.6,76.8,-380084.85,-1192307.1,32256,1536,1024,1024,-380161.65,-1192383.9,-380008.05,-1192230.2999999998,p0000_0008,0,8,-385000.05,-1191999.9,600.0
2916,3218,L0_1024_s512,1024,512,0.15,153.6,76.8,-380084.85,-1192383.9,32256,2048,1024,1024,-380161.65,-1192460.7,-380008.05,-1192307.1,p0000_0008,0,8,-385000.05,-1191999.9,600.0
2917,3219,L0_1024_s512,1024,512,0.15,153.6,76.8,-380084.85,-1192460.7,32256,2560,1024,1024,-380161.65,-1192537.5,-380008.05,-1192383.9,p0000_0008,0,8,-385000.05,-1191999.9,600.0
2918,3220,L0_1024_s512,1024,512,0.15,153.6,76.8,-380084.85,-1192537.5,32256,3072,1024,1024,-380161.65,-1192614.2999999998,-380008.05,-1192460.7,p0000_0008,0,8,-385000.05,-1191999.9,600.0
2919,3221,L0_1024_s512,1024,512,0.15,153.6,76.8,-380084.85,-1192614.3,32256,3584,1024,1024,-380161.65,-1192691.1,-380008.05,-1192537.5,p0001_0008,1,8,-385000.05,-1191999.9,600.0
2920,3222,L0_1024_s512,1024,512,0.15,153.6,76.8,-380084.85,-1192691.1,32256,4096,1024,1024,-380161.65,-1192767.9,-380008.05,-1192614.2999999998,p0001_0008,1,8,-385000.05,-1191999.9,600.0
2921,3223,L0_1024_s512,1024,512,0.15,153.6,76.8,-380084.85,-1192767.9,32256,4608,1024,1024,-380161.65,-1192844.7,-380008.05,-1192691.1,p0001_0008,1,8,-385000.05,-1191999.9,600.0
2922,3224,L0_1024_s512,1024,512,0.15,153.6,76.8,-380084.85,-1192844.7,32256,5120,1024,1024,-380161.65,-1192921.5,-380008.05,-1192767.9,p0001_0008,1,8,-385000.05,-1191999.9,600.0
2923,3225,L0_1024_s512,1024,512,0.15,153.6,76.8,-380084.85,-1192921.5,32256,5632,1024,1024,-380161.65,-1192998.2999999998,-380008.05,-1192844.7,p0001_0008,1,8,-385000.05,-1191999.9,600.0
2924,3226,L0_1024_s512,1024,512,0.15,153.6,76.8,-380084.85,-1192998.3,32256,6144,1024,1024,-380161.65,-1193075.1,-380008.05,-1192921.5,p0001_0008,1,8,-385000.05,-1191999.9,600.0
2925,3227,L0_1024_s512,1024,512,0.15,153.6,76.8,-380084.85,-1193075.1,32256,6656,1024,1024,-380161.65,-1193151.9,-380008.05,-1192998.2999999998,p0001_0008,1,8,-385000.05,-1191999.9,600.0
2926,3228,L0_1024_s512,1024,512,0.15,153.6,76.8,-380084.85,-1193151.9,32256,7168,1024,1024,-380161.65,-1193228.7,-380008.05,-1193075.1,p0001_0008,1,8,-385000.05,-1191999.9,600.0
2927,3229,L0_1024_s512,1024,512,0.15,153.6,76.8,-380084.85,-1193228.7,32256,7680,1024,1024,-380161.65,-1193305.5,-380008.05,-1193151.9,p0002_0008,2,8,-385000.05,-1191999.9,600.0
2928,3230,L0_1024_s512,1024,512,0.15,153.6,76.8,-380084.85,-1193305.5,32256,8192,1024,1024,-380161.65,-1193382.2999999998,-380008.05,-1193228.7,p0002_0008,2,8,-385000.05,-1191999.9,600.0
2929,3231,L0_1024_s512,1024,512,0.15,153.6,76.8,-380084.85,-1193382.3,32256,8704,1024,1024,-380161.65,-1193459.1,-380008.05,-1193305.5,p0002_0008,2,8,-385000.05,-1191999.9,600.0
2930,3232,L0_1024_s512,1024,512,0.15,153.6,76.8,-380084.85,-1193459.1,32256,9216,1024,1024,-380161.65,-1193535.9,-380008.05,-1193382.2999999998,p0002_0008,2,8,-385000.05,-1191999.9,600.0
2931,3233,L0_1024_s512,1024,512,0.15,153.6,76.8,-380084.85,-1193535.9,32256,9728,1024,1024,-380161.65,-1193612.7,-380008.05,-1193459.1,p0002_0008,2,8,-385000.05,-1191999.9,600.0
2932,3234,L0_1024_s512,1024,512,0.15,153.6,76.8,-380084.85,-1193612.7,32256,10240,1024,1024,-380161.65,-1193689.5,-380008.05,-1193535.9,p0002_0008,2,8,-385000.05,-1191999.9,600.0
2933,3235,L0_1024_s512,1024,512,0.15,153.6,76.8,-380084.85,-1193689.5,32256,10752,1024,1024,-380161.65,-1193766.2999999998,-380008.05,-1193612.7,p0002_0008,2,8,-385000.05,-1191999.9,600.0
2934,3236,L0_1024_s512,1024,512,0.15,153.6,76.8,-380084.85,-1193766.3,32256,11264,1024,1024,-380161.65,-1193843.1,-380008.05,-1193689.5,p0002_0008,2,8,-385000.05,-1191999.9,600.0
2935,3237,L0_1024_s512,1024,512,0.15,153.6,76.8,-380084.85,-1193843.1,32256,11776,1024,1024,-380161.65,-1193919.9,-380008.05,-1193766.2999999998,p0003_0008,3,8,-385000.05,-1191999.9,600.0
2936,3238,L0_1024_s512,1024,512,0.15,153.6,76.8,-380084.85,-1193919.9,32256,12288,1024,1024,-380161.65,-1193996.7,-380008.05,-1193843.1,p0003_0008,3,8,-385000.05,-1191999.9,600.0
2937,3239,L0_1024_s512,1024,512,0.15,153.6,76.8,-380084.85,-1193996.7,32256,12800,1024,1024,-380161.65,-1194073.5,-380008.05,-1193919.9,p0003_0008,3,8,-385000.05,-1191999.9,600.0
2938,2744,L0_1024_s512,1024,512,0.15,153.6,76.8,-380852.85,-1195148.7,27136,20480,1024,1024,-380929.65,-1195225.5,-380776.05,-1195071.9,p0005_0006,5,6,-385000.05,-1191999.9,600.0
2939,2743,L0_1024_s512,1024,512,0.15,153.6,76.8,-380852.85,-1195071.9,27136,19968,1024,1024,-380929.65,-1195148.7,-380776.05,-1194995.1,p0005_0006,5,6,-385000.05,-1191999.9,600.0
2940,2742,L0_1024_s512,1024,512,0.15,153.6,76.8,-380852.85,-1194995.1,27136,19456,1024,1024,-380929.65,-1195071.9,-380776.05,-1194918.2999999998,p0004_0006,4,6,-385000.05,-1191999.9,600.0
2941,2741,L0_1024_s512,1024,512,0.15,153.6,76.8,-380852.85,-1194918.3,27136,18944,1024,1024,-380929.65,-1194995.1,-380776.05,-1194841.5,p0004_0006,4,6,-385000.05,-1191999.9,600.0
2942,2740,L0_1024_s512,1024,512,0.15,153.6,76.8,-380852.85,-1194841.5,27136,18432,1024,1024,-380929.65,-1194918.2999999998,-380776.05,-1194764.7,p0004_0006,4,6,-385000.05,-1191999.9,600.0
2943,2739,L0_1024_s512,1024,512,0.15,153.6,76.8,-380852.85,-1194764.7,27136,17920,1024,1024,-380929.65,-1194841.5,-380776.05,-1194687.9,p0004_0006,4,6,-385000.05,-1191999.9,600.0
2944,2738,L0_1024_s512,1024,512,0.15,153.6,76.8,-380852.85,-1194687.9,27136,17408,1024,1024,-380929.65,-1194764.7,-380776.05,-1194611.1,p0004_0006,4,6,-385000.05,-1191999.9,600.0
2945,2737,L0_1024_s512,1024,512,0.15,153.6,76.8,-380852.85,-1194611.1,27136,16896,1024,1024,-380929.65,-1194687.9,-380776.05,-1194534.2999999998,p0004_0006,4,6,-385000.05,-1191999.9,600.0
2946,2736,L0_1024_s512,1024,512,0.15,153.6,76.8,-380852.85,-1194534.3,27136,16384,1024,1024,-380929.65,-1194611.1,-380776.05,-1194457.5,p0004_0006,4,6,-385000.05,-1191999.9,600.0
2947,2735,L0_1024_s512,1024,512,0.15,153.6,76.8,-380852.85,-1194457.5,27136,15872,1024,1024,-380929.65,-1194534.2999999998,-380776.05,-1194380.7,p0004_0006,4,6,-385000.05,-1191999.9,600.0
2948,2734,L0_1024_s512,1024,512,0.15,153.6,76.8,-380852.85,-1194380.7,27136,15360,1024,1024,-380929.65,-1194457.5,-380776.05,-1194303.9,p0003_0006,3,6,-385000.05,-1191999.9,600.0
2949,2733,L0_1024_s512,1024,512,0.15,153.6,76.8,-380852.85,-1194303.9,27136,14848,1024,1024,-380929.65,-1194380.7,-380776.05,-1194227.1,p0003_0006,3,6,-385000.05,-1191999.9,600.0
2950,2732,L0_1024_s512,1024,512,0.15,153.6,76.8,-380852.85,-1194227.1,27136,14336,1024,1024,-380929.65,-1194303.9,-380776.05,-1194150.2999999998,p0003_0006,3,6,-385000.05,-1191999.9,600.0
2951,2731,L0_1024_s512,1024,512,0.15,153.6,76.8,-380852.85,-1194150.3,27136,13824,1024,1024,-380929.65,-1194227.1,-380776.05,-1194073.5,p0003_0006,3,6,-385000.05,-1191999.9,600.0
2952,2730,L0_1024_s512,1024,512,0.15,153.6,76.8,-380852.85,-1194073.5,27136,13312,1024,1024,-380929.65,-1194150.2999999998,-380776.05,-1193996.7,p0003_0006,3,6,-385000.05,-1191999.9,600.0
2953,2745,L0_1024_s512,1024,512,0.15,153.6,76.8,-380852.85,-1195225.5,27136,20992,1024,1024,-380929.65,-1195302.2999999998,-380776.05,-1195148.7,p0005_0006,5,6,-385000.05,-1191999.9,600.0
2954,2746,L0_1024_s512,1024,512,0.15,153.6,76.8,-380852.85,-1195302.3,27136,21504,1024,1024,-380929.65,-1195379.1,-380776.05,-1195225.5,p0005_0006,5,6,-385000.05,-1191999.9,600.0
2955,2747,L0_1024_s512,1024,512,0.15,153.6,76.8,-380852.85,-1195379.1,27136,22016,1024,1024,-380929.65,-1195455.9,-380776.05,-1195302.2999999998,p0005_0006,5,6,-385000.05,-1191999.9,600.0
2956,2748,L0_1024_s512,1024,512,0.15,153.6,76.8,-380852.85,-1195455.9,27136,22528,1024,1024,-380929.65,-1195532.7,-380776.05,-1195379.1,p0005_0006,5,6,-385000.05,-1191999.9,600.0
2957,2749,L0_1024_s512,1024,512,0.15,153.6,76.8,-380852.85,-1195532.7,27136,23040,1024,1024,-380929.65,-1195609.5,-380776.05,-1195455.9,p0005_0006,5,6,-385000.05,-1191999.9,600.0
2958,2750,L0_1024_s512,1024,512,0.15,153.6,76.8,-380852.85,-1195609.5,27136,23552,1024,1024,-380929.65,-1195686.2999999998,-380776.05,-1195532.7,p0006_0006,6,6,-385000.05,-1191999.9,600.0
2959,2751,L0_1024_s512,1024,512,0.15,153.6,76.8,-380852.85,-1195686.3,27136,24064,1024,1024,-380929.65,-1195763.1,-380776.05,-1195609.5,p0006_0006,6,6,-385000.05,-1191999.9,600.0
2960,2752,L0_1024_s512,1024,512,0.15,153.6,76.8,-380852.85,-1195763.1,27136,24576,1024,1024,-380929.65,-1195839.9,-380776.05,-1195686.2999999998,p0006_0006,6,6,-385000.05,-1191999.9,600.0
2961,2753,L0_1024_s512,1024,512,0.15,153.6,76.8,-380852.85,-1195839.9,27136,25088,1024,1024,-380929.65,-1195916.7,-380776.05,-1195763.1,p0006_0006,6,6,-385000.05,-1191999.9,600.0
2962,2754,L0_1024_s512,1024,512,0.15,153.6,76.8,-380852.85,-1195916.7,27136,25600,1024,1024,-380929.65,-1195993.5,-380776.05,-1195839.9,p0006_0006,6,6,-385000.05,-1191999.9,600.0
2963,2781,L0_1024_s512,1024,512,0.15,153.6,76.8,-380776.05,-1194073.5,27648,13312,1024,1024,-380852.85,-1194150.2999999998,-380699.25,-1193996.7,p0003_0007,3,7,-385000.05,-1191999.9,600.0
2964,2782,L0_1024_s512,1024,512,0.15,153.6,76.8,-380776.05,-1194150.3,27648,13824,1024,1024,-380852.85,-1194227.1,-380699.25,-1194073.5,p0003_0007,3,7,-385000.05,-1191999.9,600.0
2965,2783,L0_1024_s512,1024,512,0.15,153.6,76.8,-380776.05,-1194227.1,27648,14336,1024,1024,-380852.85,-1194303.9,-380699.25,-1194150.2999999998,p0003_0007,3,7,-385000.05,-1191999.9,600.0
2966,2784,L0_1024_s512,1024,512,0.15,153.6,76.8,-380776.05,-1194303.9,27648,14848,1024,1024,-380852.85,-1194380.7,-380699.25,-1194227.1,p0003_0007,3,7,-385000.05,-1191999.9,600.0
2967,2785,L0_1024_s512,1024,512,0.15,153.6,76.8,-380776.05,-1194380.7,27648,15360,1024,1024,-380852.85,-1194457.5,-380699.25,-1194303.9,p0003_0007,3,7,-385000.05,-1191999.9,600.0
2968,2786,L0_1024_s512,1024,512,0.15,153.6,76.8,-380776.05,-1194457.5,27648,15872,1024,1024,-380852.85,-1194534.2999999998,-380699.25,-1194380.7,p0004_0007,4,7,-385000.05,-1191999.9,600.0
2969,2787,L0_1024_s512,1024,512,0.15,153.6,76.8,-380776.05,-1194534.3,27648,16384,1024,1024,-380852.85,-1194611.1,-380699.25,-1194457.5,p0004_0007,4,7,-385000.05,-1191999.9,600.0
2970,2788,L0_1024_s512,1024,512,0.15,153.6,76.8,-380776.05,-1194611.1,27648,16896,1024,1024,-380852.85,-1194687.9,-380699.25,-1194534.2999999998,p0004_0007,4,7,-385000.05,-1191999.9,600.0
2971,2789,L0_1024_s512,1024,512,0.15,153.6,76.8,-380776.05,-1194687.9,27648,17408,1024,1024,-380852.85,-1194764.7,-380699.25,-1194611.1,p0004_0007,4,7,-385000.05,-1191999.9,600.0
2972,2790,L0_1024_s512,1024,512,0.15,153.6,76.8,-380776.05,-1194764.7,27648,17920,1024,1024,-380852.85,-1194841.5,-380699.25,-1194687.9,p0004_0007,4,7,-385000.05,-1191999.9,600.0
2973,2791,L0_1024_s512,1024,512,0.15,153.6,76.8,-380776.05,-1194841.5,27648,18432,1024,1024,-380852.85,-1194918.2999999998,-380699.25,-1194764.7,p0004_0007,4,7,-385000.05,-1191999.9,600.0
2974,2792,L0_1024_s512,1024,512,0.15,153.6,76.8,-380776.05,-1194918.3,27648,18944,1024,1024,-380852.85,-1194995.1,-380699.25,-1194841.5,p0004_0007,4,7,-385000.05,-1191999.9,600.0
2975,2793,L0_1024_s512,1024,512,0.15,153.6,76.8,-380776.05,-1194995.1,27648,19456,1024,1024,-380852.85,-1195071.9,-380699.25,-1194918.2999999998,p0004_0007,4,7,-385000.05,-1191999.9,600.0
2976,2794,L0_1024_s512,1024,512,0.15,153.6,76.8,-380776.05,-1195071.9,27648,19968,1024,1024,-380852.85,-1195148.7,-380699.25,-1194995.1,p0005_0007,5,7,-385000.05,-1191999.9,600.0
2977,2795,L0_1024_s512,1024,512,0.15,153.6,76.8,-380776.05,-1195148.7,27648,20480,1024,1024,-380852.85,-1195225.5,-380699.25,-1195071.9,p0005_0007,5,7,-385000.05,-1191999.9,600.0
2978,2796,L0_1024_s512,1024,512,0.15,153.6,76.8,-380776.05,-1195225.5,27648,20992,1024,1024,-380852.85,-1195302.2999999998,-380699.25,-1195148.7,p0005_0007,5,7,-385000.05,-1191999.9,600.0
2979,2797,L0_1024_s512,1024,512,0.15,153.6,76.8,-380776.05,-1195302.3,27648,21504,1024,1024,-380852.85,-1195379.1,-380699.25,-1195225.5,p0005_0007,5,7,-385000.05,-1191999.9,600.0
2980,2798,L0_1024_s512,1024,512,0.15,153.6,76.8,-380776.05,-1195379.1,27648,22016,1024,1024,-380852.85,-1195455.9,-380699.25,-1195302.2999999998,p0005_0007,5,7,-385000.05,-1191999.9,600.0
2981,2799,L0_1024_s512,1024,512,0.15,153.6,76.8,-380776.05,-1195455.9,27648,22528,1024,1024,-380852.85,-1195532.7,-380699.25,-1195379.1,p0005_0007,5,7,-385000.05,-1191999.9,600.0
2982,2800,L0_1024_s512,1024,512,0.15,153.6,76.8,-380776.05,-1195532.7,27648,23040,1024,1024,-380852.85,-1195609.5,-380699.25,-1195455.9,p0005_0007,5,7,-385000.05,-1191999.9,600.0
2983,2801,L0_1024_s512,1024,512,0.15,153.6,76.8,-380776.05,-1195609.5,27648,23552,1024,1024,-380852.85,-1195686.2999999998,-380699.25,-1195532.7,p0006_0007,6,7,-385000.05,-1191999.9,600.0
2984,2802,L0_1024_s512,1024,512,0.15,153.6,76.8,-380776.05,-1195686.3,27648,24064,1024,1024,-380852.85,-1195763.1,-380699.25,-1195609.5,p0006_0007,6,7,-385000.05,-1191999.9,600.0
2985,2803,L0_1024_s512,1024,512,0.15,153.6,76.8,-380776.05,-1195763.1,27648,24576,1024,1024,-380852.85,-1195839.9,-380699.25,-1195686.2999999998,p0006_0007,6,7,-385000.05,-1191999.9,600.0
2986,2804,L0_1024_s512,1024,512,0.15,153.6,76.8,-380776.05,-1195839.9,27648,25088,1024,1024,-380852.85,-1195916.7,-380699.25,-1195763.1,p0006_0007,6,7,-385000.05,-1191999.9,600.0
2987,2805,L0_1024_s512,1024,512,0.15,153.6,76.8,-380776.05,-1195916.7,27648,25600,1024,1024,-380852.85,-1195993.5,-380699.25,-1195839.9,p0006_0007,6,7,-385000.05,-1191999.9,600.0
2988,2832,L0_1024_s512,1024,512,0.15,153.6,76.8,-380699.25,-1194073.5,28159,13312,1024,1024,-380776.2,-1194150.2999999998,-380622.6,-1193996.7,p0003_0007,3,7,-385000.05,-1191999.9,600.0
2989,2833,L0_1024_s512,1024,512,0.15,153.6,76.8,-380699.25,-1194150.3,28159,13824,1024,1024,-380776.2,-1194227.1,-380622.6,-1194073.5,p0003_0007,3,7,-385000.05,-1191999.9,600.0
2990,2834,L0_1024_s512,1024,512,0.15,153.6,76.8,-380699.25,-1194227.1,28159,14336,1024,1024,-380776.2,-1194303.9,-380622.6,-1194150.2999999998,p0003_0007,3,7,-385000.05,-1191999.9,600.0
2991,2835,L0_1024_s512,1024,512,0.15,153.6,76.8,-380699.25,-1194303.9,28159,14848,1024,1024,-380776.2,-1194380.7,-380622.6,-1194227.1,p0003_0007,3,7,-385000.05,-1191999.9,600.0
2992,2836,L0_1024_s512,1024,512,0.15,153.6,76.8,-380699.25,-1194380.7,28159,15360,1024,1024,-380776.2,-1194457.5,-380622.6,-1194303.9,p0003_0007,3,7,-385000.05,-1191999.9,600.0
2993,2837,L0_1024_s512,1024,512,0.15,153.6,76.8,-380699.25,-1194457.5,28159,15872,1024,1024,-380776.2,-1194534.2999999998,-380622.6,-1194380.7,p0004_0007,4,7,-385000.05,-1191999.9,600.0
2994,2838,L0_1024_s512,1024,512,0.15,153.6,76.8,-380699.25,-1194534.3,28159,16384,1024,1024,-380776.2,-1194611.1,-380622.6,-1194457.5,p0004_0007,4,7,-385000.05,-1191999.9,600.0
2995,2839,L0_1024_s512,1024,512,0.15,153.6,76.8,-380699.25,-1194611.1,28159,16896,1024,1024,-380776.2,-1194687.9,-380622.6,-1194534.2999999998,p0004_0007,4,7,-385000.05,-1191999.9,600.0
2996,2840,L0_1024_s512,1024,512,0.15,153.6,76.8,-380699.25,-1194687.9,28159,17408,1024,1024,-380776.2,-1194764.7,-380622.6,-1194611.1,p0004_0007,4,7,-385000.05,-1191999.9,600.0
2997,2841,L0_1024_s512,1024,512,0.15,153.6,76.8,-380699.25,-1194764.7,28159,17920,1024,1024,-380776.2,-1194841.5,-380622.6,-1194687.9,p0004_0007,4,7,-385000.05,-1191999.9,600.0
2998,2842,L0_1024_s512,1024,512,0.15,153.6,76.8,-380699.25,-1194841.5,28159,18432,1024,1024,-380776.2,-1194918.2999999998,-380622.6,-1194764.7,p0004_0007,4,7,-385000.05,-1191999.9,600.0
2999,2843,L0_1024_s512,1024,512,0.15,153.6,76.8,-380699.25,-1194918.3,28159,18944,1024,1024,-380776.2,-1194995.1,-380622.6,-1194841.5,p0004_0007,4,7,-385000.05,-1191999.9,600.0
3000,2844,L0_1024_s512,1024,512,0.15,153.6,76.8,-380699.25,-1194995.1,28159,19456,1024,1024,-380776.2,-1195071.9,-380622.6,-1194918.2999999998,p0004_0007,4,7,-385000.05,-1191999.9,600.0
3001,2845,L0_1024_s512,1024,512,0.15,153.6,76.8,-380699.25,-1195071.9,28159,19968,1024,1024,-380776.2,-1195148.7,-380622.6,-1194995.1,p0005_0007,5,7,-385000.05,-1191999.9,600.0
3002,2846,L0_1024_s512,1024,512,0.15,153.6,76.8,-380699.25,-1195148.7,28159,20480,1024,1024,-380776.2,-1195225.5,-380622.6,-1195071.9,p0005_0007,5,7,-385000.05,-1191999.9,600.0
3003,2847,L0_1024_s512,1024,512,0.15,153.6,76.8,-380699.25,-1195225.5,28159,20992,1024,1024,-380776.2,-1195302.2999999998,-380622.6,-1195148.7,p0005_0007,5,7,-385000.05,-1191999.9,600.0
3004,2848,L0_1024_s512,1024,512,0.15,153.6,76.8,-380699.25,-1195302.3,28159,21504,1024,1024,-380776.2,-1195379.1,-380622.6,-1195225.5,p0005_0007,5,7,-385000.05,-1191999.9,600.0
3005,2849,L0_1024_s512,1024,512,0.15,153.6,76.8,-380699.25,-1195379.1,28159,22016,1024,1024,-380776.2,-1195455.9,-380622.6,-1195302.2999999998,p0005_0007,5,7,-385000.05,-1191999.9,600.0
3006,2850,L0_1024_s512,1024,512,0.15,153.6,76.8,-380699.25,-1195455.9,28159,22528,1024,1024,-380776.2,-1195532.7,-380622.6,-1195379.1,p0005_0007,5,7,-385000.05,-1191999.9,600.0
3007,2851,L0_1024_s512,1024,512,0.15,153.6,76.8,-380699.25,-1195532.7,28159,23040,1024,1024,-380776.2,-1195609.5,-380622.6,-1195455.9,p0005_0007,5,7,-385000.05,-1191999.9,600.0
3008,2852,L0_1024_s512,1024,512,0.15,153.6,76.8,-380699.25,-1195609.5,28159,23552,1024,1024,-380776.2,-1195686.2999999998,-380622.6,-1195532.7,p0006_0007,6,7,-385000.05,-1191999.9,600.0
3009,2853,L0_1024_s512,1024,512,0.15,153.6,76.8,-380699.25,-1195686.3,28159,24064,1024,1024,-380776.2,-1195763.1,-380622.6,-1195609.5,p0006_0007,6,7,-385000.05,-1191999.9,600.0
3010,2854,L0_1024_s512,1024,512,0.15,153.6,76.8,-380699.25,-1195763.1,28159,24576,1024,1024,-380776.2,-1195839.9,-380622.6,-1195686.2999999998,p0006_0007,6,7,-385000.05,-1191999.9,600.0
3011,2855,L0_1024_s512,1024,512,0.15,153.6,76.8,-380699.25,-1195839.9,28159,25088,1024,1024,-380776.2,-1195916.7,-380622.6,-1195763.1,p0006_0007,6,7,-385000.05,-1191999.9,600.0
3012,2856,L0_1024_s512,1024,512,0.15,153.6,76.8,-380699.25,-1195916.7,28159,25600,1024,1024,-380776.2,-1195993.5,-380622.6,-1195839.9,p0006_0007,6,7,-385000.05,-1191999.9,600.0
3013,2883,L0_1024_s512,1024,512,0.15,153.6,76.8,-380622.45,-1194073.5,28671,13312,1024,1024,-380699.4,-1194150.2999999998,-380545.8,-1193996.7,p0003_0007,3,7,-385000.05,-1191999.9,600.0
3014,2884,L0_1024_s512,1024,512,0.15,153.6,76.8,-380622.45,-1194150.3,28671,13824,1024,1024,-380699.4,-1194227.1,-380545.8,-1194073.5,p0003_0007,3,7,-385000.05,-1191999.9,600.0
3015,2885,L0_1024_s512,1024,512,0.15,153.6,76.8,-380622.45,-1194227.1,28671,14336,1024,1024,-380699.4,-1194303.9,-380545.8,-1194150.2999999998,p0003_0007,3,7,-385000.05,-1191999.9,600.0
3016,2886,L0_1024_s512,1024,512,0.15,153.6,76.8,-380622.45,-1194303.9,28671,14848,1024,1024,-380699.4,-1194380.7,-380545.8,-1194227.1,p0003_0007,3,7,-385000.05,-1191999.9,600.0
3017,2887,L0_1024_s512,1024,512,0.15,153.6,76.8,-380622.45,-1194380.7,28671,15360,1024,1024,-380699.4,-1194457.5,-380545.8,-1194303.9,p0003_0007,3,7,-385000.05,-1191999.9,600.0
3018,2888,L0_1024_s512,1024,512,0.15,153.6,76.8,-380622.45,-1194457.5,28671,15872,1024,1024,-380699.4,-1194534.2999999998,-380545.8,-1194380.7,p0004_0007,4,7,-385000.05,-1191999.9,600.0
3019,2889,L0_1024_s512,1024,512,0.15,153.6,76.8,-380622.45,-1194534.3,28671,16384,1024,1024,-380699.4,-1194611.1,-380545.8,-1194457.5,p0004_0007,4,7,-385000.05,-1191999.9,600.0
3020,2890,L0_1024_s512,1024,512,0.15,153.6,76.8,-380622.45,-1194611.1,28671,16896,1024,1024,-380699.4,-1194687.9,-380545.8,-1194534.2999999998,p0004_0007,4,7,-385000.05,-1191999.9,600.0
3021,2891,L0_1024_s512,1024,512,0.15,153.6,76.8,-380622.45,-1194687.9,28671,17408,1024,1024,-380699.4,-1194764.7,-380545.8,-1194611.1,p0004_0007,4,7,-385000.05,-1191999.9,600.0
3022,2892,L0_1024_s512,1024,512,0.15,153.6,76.8,-380622.45,-1194764.7,28671,17920,1024,1024,-380699.4,-1194841.5,-380545.8,-1194687.9,p0004_0007,4,7,-385000.05,-1191999.9,600.0
3023,2893,L0_1024_s512,1024,512,0.15,153.6,76.8,-380622.45,-1194841.5,28671,18432,1024,1024,-380699.4,-1194918.2999999998,-380545.8,-1194764.7,p0004_0007,4,7,-385000.05,-1191999.9,600.0
3024,2894,L0_1024_s512,1024,512,0.15,153.6,76.8,-380622.45,-1194918.3,28671,18944,1024,1024,-380699.4,-1194995.1,-380545.8,-1194841.5,p0004_0007,4,7,-385000.05,-1191999.9,600.0
3025,2895,L0_1024_s512,1024,512,0.15,153.6,76.8,-380622.45,-1194995.1,28671,19456,1024,1024,-380699.4,-1195071.9,-380545.8,-1194918.2999999998,p0004_0007,4,7,-385000.05,-1191999.9,600.0
3026,2896,L0_1024_s512,1024,512,0.15,153.6,76.8,-380622.45,-1195071.9,28671,19968,1024,1024,-380699.4,-1195148.7,-380545.8,-1194995.1,p0005_0007,5,7,-385000.05,-1191999.9,600.0
3027,2897,L0_1024_s512,1024,512,0.15,153.6,76.8,-380622.45,-1195148.7,28671,20480,1024,1024,-380699.4,-1195225.5,-380545.8,-1195071.9,p0005_0007,5,7,-385000.05,-1191999.9,600.0
3028,2898,L0_1024_s512,1024,512,0.15,153.6,76.8,-380622.45,-1195225.5,28671,20992,1024,1024,-380699.4,-1195302.2999999998,-380545.8,-1195148.7,p0005_0007,5,7,-385000.05,-1191999.9,600.0
3029,2899,L0_1024_s512,1024,512,0.15,153.6,76.8,-380622.45,-1195302.3,28671,21504,1024,1024,-380699.4,-1195379.1,-380545.8,-1195225.5,p0005_0007,5,7,-385000.05,-1191999.9,600.0
3030,2900,L0_1024_s512,1024,512,0.15,153.6,76.8,-380622.45,-1195379.1,28671,22016,1024,1024,-380699.4,-1195455.9,-380545.8,-1195302.2999999998,p0005_0007,5,7,-385000.05,-1191999.9,600.0
3031,2901,L0_1024_s512,1024,512,0.15,153.6,76.8,-380622.45,-1195455.9,28671,22528,1024,1024,-380699.4,-1195532.7,-380545.8,-1195379.1,p0005_0007,5,7,-385000.05,-1191999.9,600.0
3032,2902,L0_1024_s512,1024,512,0.15,153.6,76.8,-380622.45,-1195532.7,28671,23040,1024,1024,-380699.4,-1195609.5,-380545.8,-1195455.9,p0005_0007,5,7,-385000.05,-1191999.9,600.0
3033,2903,L0_1024_s512,1024,512,0.15,153.6,76.8,-380622.45,-1195609.5,28671,23552,1024,1024,-380699.4,-1195686.2999999998,-380545.8,-1195532.7,p0006_0007,6,7,-385000.05,-1191999.9,600.0
3034,2904,L0_1024_s512,1024,512,0.15,153.6,76.8,-380622.45,-1195686.3,28671,24064,1024,1024,-380699.4,-1195763.1,-380545.8,-1195609.5,p0006_0007,6,7,-385000.05,-1191999.9,600.0
3035,2905,L0_1024_s512,1024,512,0.15,153.6,76.8,-380622.45,-1195763.1,28671,24576,1024,1024,-380699.4,-1195839.9,-380545.8,-1195686.2999999998,p0006_0007,6,7,-385000.05,-1191999.9,600.0
3036,2906,L0_1024_s512,1024,512,0.15,153.6,76.8,-380622.45,-1195839.9,28671,25088,1024,1024,-380699.4,-1195916.7,-380545.8,-1195763.1,p0006_0007,6,7,-385000.05,-1191999.9,600.0
3037,2907,L0_1024_s512,1024,512,0.15,153.6,76.8,-380622.45,-1195916.7,28671,25600,1024,1024,-380699.4,-1195993.5,-380545.8,-1195839.9,p0006_0007,6,7,-385000.05,-1191999.9,600.0
3038,2934,L0_1024_s512,1024,512,0.15,153.6,76.8,-380545.65,-1194073.5,29183,13312,1024,1024,-380622.6,-1194150.2999999998,-380469.0,-1193996.7,p0003_0007,3,7,-385000.05,-1191999.9,600.0
3039,2935,L0_1024_s512,1024,512,0.15,153.6,76.8,-380545.65,-1194150.3,29183,13824,1024,1024,-380622.6,-1194227.1,-380469.0,-1194073.5,p0003_0007,3,7,-385000.05,-1191999.9,600.0
3040,2936,L0_1024_s512,1024,512,0.15,153.6,76.8,-380545.65,-1194227.1,29183,14336,1024,1024,-380622.6,-1194303.9,-380469.0,-1194150.2999999998,p0003_0007,3,7,-385000.05,-1191999.9,600.0
3041,2937,L0_1024_s512,1024,512,0.15,153.6,76.8,-380545.65,-1194303.9,29183,14848,1024,1024,-380622.6,-1194380.7,-380469.0,-1194227.1,p0003_0007,3,7,-385000.05,-1191999.9,600.0
3042,2938,L0_1024_s512,1024,512,0.15,153.6,76.8,-380545.65,-1194380.7,29183,15360,1024,1024,-380622.6,-1194457.5,-380469.0,-1194303.9,p0003_0007,3,7,-385000.05,-1191999.9,600.0
3043,2939,L0_1024_s512,1024,512,0.15,153.6,76.8,-380545.65,-1194457.5,29183,15872,1024,1024,-380622.6,-1194534.2999999998,-380469.0,-1194380.7,p0004_0007,4,7,-385000.05,-1191999.9,600.0
3044,2940,L0_1024_s512,1024,512,0.15,153.6,76.8,-380545.65,-1194534.3,29183,16384,1024,1024,-380622.6,-1194611.1,-380469.0,-1194457.5,p0004_0007,4,7,-385000.05,-1191999.9,600.0
3045,2941,L0_1024_s512,1024,512,0.15,153.6,76.8,-380545.65,-1194611.1,29183,16896,1024,1024,-380622.6,-1194687.9,-380469.0,-1194534.2999999998,p0004_0007,4,7,-385000.05,-1191999.9,600.0
3046,2942,L0_1024_s512,1024,512,0.15,153.6,76.8,-380545.65,-1194687.9,29183,17408,1024,1024,-380622.6,-1194764.7,-380469.0,-1194611.1,p0004_0007,4,7,-385000.05,-1191999.9,600.0
3047,2943,L0_1024_s512,1024,512,0.15,153.6,76.8,-380545.65,-1194764.7,29183,17920,1024,1024,-380622.6,-1194841.5,-380469.0,-1194687.9,p0004_0007,4,7,-385000.05,-1191999.9,600.0
3048,2944,L0_1024_s512,1024,512,0.15,153.6,76.8,-380545.65,-1194841.5,29183,18432,1024,1024,-380622.6,-1194918.2999999998,-380469.0,-1194764.7,p0004_0007,4,7,-385000.05,-1191999.9,600.0
3049,2945,L0_1024_s512,1024,512,0.15,153.6,76.8,-380545.65,-1194918.3,29183,18944,1024,1024,-380622.6,-1194995.1,-380469.0,-1194841.5,p0004_0007,4,7,-385000.05,-1191999.9,600.0
3050,2946,L0_1024_s512,1024,512,0.15,153.6,76.8,-380545.65,-1194995.1,29183,19456,1024,1024,-380622.6,-1195071.9,-380469.0,-1194918.2999999998,p0004_0007,4,7,-385000.05,-1191999.9,600.0
3051,2947,L0_1024_s512,1024,512,0.15,153.6,76.8,-380545.65,-1195071.9,29183,19968,1024,1024,-380622.6,-1195148.7,-380469.0,-1194995.1,p0005_0007,5,7,-385000.05,-1191999.9,600.0
3052,2948,L0_1024_s512,1024,512,0.15,153.6,76.8,-380545.65,-1195148.7,29183,20480,1024,1024,-380622.6,-1195225.5,-380469.0,-1195071.9,p0005_0007,5,7,-385000.05,-1191999.9,600.0
3053,2949,L0_1024_s512,1024,512,0.15,153.6,76.8,-380545.65,-1195225.5,29183,20992,1024,1024,-380622.6,-1195302.2999999998,-380469.0,-1195148.7,p0005_0007,5,7,-385000.05,-1191999.9,600.0
3054,2950,L0_1024_s512,1024,512,0.15,153.6,76.8,-380545.65,-1195302.3,29183,21504,1024,1024,-380622.6,-1195379.1,-380469.0,-1195225.5,p0005_0007,5,7,-385000.05,-1191999.9,600.0
3055,2951,L0_1024_s512,1024,512,0.15,153.6,76.8,-380545.65,-1195379.1,29183,22016,1024,1024,-380622.6,-1195455.9,-380469.0,-1195302.2999999998,p0005_0007,5,7,-385000.05,-1191999.9,600.0
3056,2952,L0_1024_s512,1024,512,0.15,153.6,76.8,-380545.65,-1195455.9,29183,22528,1024,1024,-380622.6,-1195532.7,-380469.0,-1195379.1,p0005_0007,5,7,-385000.05,-1191999.9,600.0
3057,2953,L0_1024_s512,1024,512,0.15,153.6,76.8,-380545.65,-1195532.7,29183,23040,1024,1024,-380622.6,-1195609.5,-380469.0,-1195455.9,p0005_0007,5,7,-385000.05,-1191999.9,600.0
3058,2954,L0_1024_s512,1024,512,0.15,153.6,76.8,-380545.65,-1195609.5,29183,23552,1024,1024,-380622.6,-1195686.2999999998,-380469.0,-1195532.7,p0006_0007,6,7,-385000.05,-1191999.9,600.0
3059,2955,L0_1024_s512,1024,512,0.15,153.6,76.8,-380545.65,-1195686.3,29183,24064,1024,1024,-380622.6,-1195763.1,-380469.0,-1195609.5,p0006_0007,6,7,-385000.05,-1191999.9,600.0
3060,2956,L0_1024_s512,1024,512,0.15,153.6,76.8,-380545.65,-1195763.1,29183,24576,1024,1024,-380622.6,-1195839.9,-380469.0,-1195686.2999999998,p0006_0007,6,7,-385000.05,-1191999.9,600.0
3061,2957,L0_1024_s512,1024,512,0.15,153.6,76.8,-380545.65,-1195839.9,29183,25088,1024,1024,-380622.6,-1195916.7,-380469.0,-1195763.1,p0006_0007,6,7,-385000.05,-1191999.9,600.0
3062,2958,L0_1024_s512,1024,512,0.15,153.6,76.8,-380545.65,-1195916.7,29183,25600,1024,1024,-380622.6,-1195993.5,-380469.0,-1195839.9,p0006_0007,6,7,-385000.05,-1191999.9,600.0
3063,2985,L0_1024_s512,1024,512,0.15,153.6,76.8,-380468.85,-1194073.5,29696,13312,1024,1024,-380545.65,-1194150.2999999998,-380392.05,-1193996.7,p0003_0007,3,7,-385000.05,-1191999.9,600.0
3064,2986,L0_1024_s512,1024,512,0.15,153.6,76.8,-380468.85,-1194150.3,29696,13824,1024,1024,-380545.65,-1194227.1,-380392.05,-1194073.5,p0003_0007,3,7,-385000.05,-1191999.9,600.0
3065,2987,L0_1024_s512,1024,512,0.15,153.6,76.8,-380468.85,-1194227.1,29696,14336,1024,1024,-380545.65,-1194303.9,-380392.05,-1194150.2999999998,p0003_0007,3,7,-385000.05,-1191999.9,600.0
3066,2988,L0_1024_s512,1024,512,0.15,153.6,76.8,-380468.85,-1194303.9,29696,14848,1024,1024,-380545.65,-1194380.7,-380392.05,-1194227.1,p0003_0007,3,7,-385000.05,-1191999.9,600.0
3067,2989,L0_1024_s512,1024,512,0.15,153.6,76.8,-380468.85,-1194380.7,29696,15360,1024,1024,-380545.65,-1194457.5,-380392.05,-1194303.9,p0003_0007,3,7,-385000.05,-1191999.9,600.0
3068,2990,L0_1024_s512,1024,512,0.15,153.6,76.8,-380468.85,-1194457.5,29696,15872,1024,1024,-380545.65,-1194534.2999999998,-380392.05,-1194380.7,p0004_0007,4,7,-385000.05,-1191999.9,600.0
3069,2991,L0_1024_s512,1024,512,0.15,153.6,76.8,-380468.85,-1194534.3,29696,16384,1024,1024,-380545.65,-1194611.1,-380392.05,-1194457.5,p0004_0007,4,7,-385000.05,-1191999.9,600.0
3070,2992,L0_1024_s512,1024,512,0.15,153.6,76.8,-380468.85,-1194611.1,29696,16896,1024,1024,-380545.65,-1194687.9,-380392.05,-1194534.2999999998,p0004_0007,4,7,-385000.05,-1191999.9,600.0
3071,2993,L0_1024_s512,1024,512,0.15,153.6,76.8,-380468.85,-1194687.9,29696,17408,1024,1024,-380545.65,-1194764.7,-380392.05,-1194611.1,p0004_0007,4,7,-385000.05,-1191999.9,600.0
3072,2994,L0_1024_s512,1024,512,0.15,153.6,76.8,-380468.85,-1194764.7,29696,17920,1024,1024,-380545.65,-1194841.5,-380392.05,-1194687.9,p0004_0007,4,7,-385000.05,-1191999.9,600.0
3073,2995,L0_1024_s512,1024,512,0.15,153.6,76.8,-380468.85,-1194841.5,29696,18432,1024,1024,-380545.65,-1194918.2999999998,-380392.05,-1194764.7,p0004_0007,4,7,-385000.05,-1191999.9,600.0
3074,2996,L0_1024_s512,1024,512,0.15,153.6,76.8,-380468.85,-1194918.3,29696,18944,1024,1024,-380545.65,-1194995.1,-380392.05,-1194841.5,p0004_0007,4,7,-385000.05,-1191999.9,600.0
3075,2997,L0_1024_s512,1024,512,0.15,153.6,76.8,-380468.85,-1194995.1,29696,19456,1024,1024,-380545.65,-1195071.9,-380392.05,-1194918.2999999998,p0004_0007,4,7,-385000.05,-1191999.9,600.0
3076,2998,L0_1024_s512,1024,512,0.15,153.6,76.8,-380468.85,-1195071.9,29696,19968,1024,1024,-380545.65,-1195148.7,-380392.05,-1194995.1,p0005_0007,5,7,-385000.05,-1191999.9,600.0
3077,2999,L0_1024_s512,1024,512,0.15,153.6,76.8,-380468.85,-1195148.7,29696,20480,1024,1024,-380545.65,-1195225.5,-380392.05,-1195071.9,p0005_0007,5,7,-385000.05,-1191999.9,600.0
3078,3000,L0_1024_s512,1024,512,0.15,153.6,76.8,-380468.85,-1195225.5,29696,20992,1024,1024,-380545.65,-1195302.2999999998,-380392.05,-1195148.7,p0005_0007,5,7,-385000.05,-1191999.9,600.0
3079,3001,L0_1024_s512,1024,512,0.15,153.6,76.8,-380468.85,-1195302.3,29696,21504,1024,1024,-380545.65,-1195379.1,-380392.05,-1195225.5,p0005_0007,5,7,-385000.05,-1191999.9,600.0
3080,3002,L0_1024_s512,1024,512,0.15,153.6,76.8,-380468.85,-1195379.1,29696,22016,1024,1024,-380545.65,-1195455.9,-380392.05,-1195302.2999999998,p0005_0007,5,7,-385000.05,-1191999.9,600.0
3081,3003,L0_1024_s512,1024,512,0.15,153.6,76.8,-380468.85,-1195455.9,29696,22528,1024,1024,-380545.65,-1195532.7,-380392.05,-1195379.1,p0005_0007,5,7,-385000.05,-1191999.9,600.0
3082,3004,L0_1024_s512,1024,512,0.15,153.6,76.8,-380468.85,-1195532.7,29696,23040,1024,1024,-380545.65,-1195609.5,-380392.05,-1195455.9,p0005_0007,5,7,-385000.05,-1191999.9,600.0
3083,3005,L0_1024_s512,1024,512,0.15,153.6,76.8,-380468.85,-1195609.5,29696,23552,1024,1024,-380545.65,-1195686.2999999998,-380392.05,-1195532.7,p0006_0007,6,7,-385000.05,-1191999.9,600.0
3084,3006,L0_1024_s512,1024,512,0.15,153.6,76.8,-380468.85,-1195686.3,29696,24064,1024,1024,-380545.65,-1195763.1,-380392.05,-1195609.5,p0006_0007,6,7,-385000.05,-1191999.9,600.0
3085,3007,L0_1024_s512,1024,512,0.15,153.6,76.8,-380468.85,-1195763.1,29696,24576,1024,1024,-380545.65,-1195839.9,-380392.05,-1195686.2999999998,p0006_0007,6,7,-385000.05,-1191999.9,600.0
3086,3008,L0_1024_s512,1024,512,0.15,153.6,76.8,-380468.85,-1195839.9,29696,25088,1024,1024,-380545.65,-1195916.7,-380392.05,-1195763.1,p0006_0007,6,7,-385000.05,-1191999.9,600.0
3087,3009,L0_1024_s512,1024,512,0.15,153.6,76.8,-380468.85,-1195916.7,29696,25600,1024,1024,-380545.65,-1195993.5,-380392.05,-1195839.9,p0006_0007,6,7,-385000.05,-1191999.9,600.0
3088,3095,L0_1024_s512,1024,512,0.15,153.6,76.8,-380315.25,-1194687.9,30719,17408,1024,1024,-380392.2,-1194764.7,-380238.6,-1194611.1,p0004_0007,4,7,-385000.05,-1191999.9,600.0
3089,3094,L0_1024_s512,1024,512,0.15,153.6,76.8,-380315.25,-1194611.1,30719,16896,1024,1024,-380392.2,-1194687.9,-380238.6,-1194534.2999999998,p0004_0007,4,7,-385000.05,-1191999.9,600.0
3090,3093,L0_1024_s512,1024,512,0.15,153.6,76.8,-380315.25,-1194534.3,30719,16384,1024,1024,-380392.2,-1194611.1,-380238.6,-1194457.5,p0004_0007,4,7,-385000.05,-1191999.9,600.0
3091,3092,L0_1024_s512,1024,512,0.15,153.6,76.8,-380315.25,-1194457.5,30719,15872,1024,1024,-380392.2,-1194534.2999999998,-380238.6,-1194380.7,p0004_0007,4,7,-385000.05,-1191999.9,600.0
3092,3091,L0_1024_s512,1024,512,0.15,153.6,76.8,-380315.25,-1194380.7,30719,15360,1024,1024,-380392.2,-1194457.5,-380238.6,-1194303.9,p0003_0007,3,7,-385000.05,-1191999.9,600.0
3093,3090,L0_1024_s512,1024,512,0.15,153.6,76.8,-380315.25,-1194303.9,30719,14848,1024,1024,-380392.2,-1194380.7,-380238.6,-1194227.1,p0003_0007,3,7,-385000.05,-1191999.9,600.0
3094,3089,L0_1024_s512,1024,512,0.15,153.6,76.8,-380315.25,-1194227.1,30719,14336,1024,1024,-380392.2,-1194303.9,-380238.6,-1194150.2999999998,p0003_0007,3,7,-385000.05,-1191999.9,600.0
3095,3088,L0_1024_s512,1024,512,0.15,153.6,76.8,-380315.25,-1194150.3,30719,13824,1024,1024,-380392.2,-1194227.1,-380238.6,-1194073.5,p0003_0007,3,7,-385000.05,-1191999.9,600.0
3096,3087,L0_1024_s512,1024,512,0.15,153.6,76.8,-380315.25,-1194073.5,30719,13312,1024,1024,-380392.2,-1194150.2999999998,-380238.6,-1193996.7,p0003_0007,3,7,-385000.05,-1191999.9,600.0
3097,3096,L0_1024_s512,1024,512,0.15,153.6,76.8,-380315.25,-1194764.7,30719,17920,1024,1024,-380392.2,-1194841.5,-380238.6,-1194687.9,p0004_0007,4,7,-385000.05,-1191999.9,600.0
3098,3097,L0_1024_s512,1024,512,0.15,153.6,76.8,-380315.25,-1194841.5,30719,18432,1024,1024,-380392.2,-1194918.2999999998,-380238.6,-1194764.7,p0004_0007,4,7,-385000.05,-1191999.9,600.0
3099,3098,L0_1024_s512,1024,512,0.15,153.6,76.8,-380315.25,-1194918.3,30719,18944,1024,1024,-380392.2,-1194995.1,-380238.6,-1194841.5,p0004_0007,4,7,-385000.05,-1191999.9,600.0
3100,3099,L0_1024_s512,1024,512,0.15,153.6,76.8,-380315.25,-1194995.1,30719,19456,1024,1024,-380392.2,-1195071.9,-380238.6,-1194918.2999999998,p0004_0007,4,7,-385000.05,-1191999.9,600.0
3101,3100,L0_1024_s512,1024,512,0.15,153.6,76.8,-380315.25,-1195071.9,30719,19968,1024,1024,-380392.2,-1195148.7,-380238.6,-1194995.1,p0005_0007,5,7,-385000.05,-1191999.9,600.0
3102,3101,L0_1024_s512,1024,512,0.15,153.6,76.8,-380315.25,-1195148.7,30719,20480,1024,1024,-380392.2,-1195225.5,-380238.6,-1195071.9,p0005_0007,5,7,-385000.05,-1191999.9,600.0
3103,3102,L0_1024_s512,1024,512,0.15,153.6,76.8,-380315.25,-1195225.5,30719,20992,1024,1024,-380392.2,-1195302.2999999998,-380238.6,-1195148.7,p0005_0007,5,7,-385000.05,-1191999.9,600.0
3104,3103,L0_1024_s512,1024,512,0.15,153.6,76.8,-380315.25,-1195302.3,30719,21504,1024,1024,-380392.2,-1195379.1,-380238.6,-1195225.5,p0005_0007,5,7,-385000.05,-1191999.9,600.0
3105,3104,L0_1024_s512,1024,512,0.15,153.6,76.8,-380315.25,-1195379.1,30719,22016,1024,1024,-380392.2,-1195455.9,-380238.6,-1195302.2999999998,p0005_0007,5,7,-385000.05,-1191999.9,600.0
3106,3105,L0_1024_s512,1024,512,0.15,153.6,76.8,-380315.25,-1195455.9,30719,22528,1024,1024,-380392.2,-1195532.7,-380238.6,-1195379.1,p0005_0007,5,7,-385000.05,-1191999.9,600.0
3107,3106,L0_1024_s512,1024,512,0.15,153.6,76.8,-380315.25,-1195532.7,30719,23040,1024,1024,-380392.2,-1195609.5,-380238.6,-1195455.9,p0005_0007,5,7,-385000.05,-1191999.9,600.0
3108,3107,L0_1024_s512,1024,512,0.15,153.6,76.8,-380315.25,-1195609.5,30719,23552,1024,1024,-380392.2,-1195686.2999999998,-380238.6,-1195532.7,p0006_0007,6,7,-385000.05,-1191999.9,600.0
3109,3108,L0_1024_s512,1024,512,0.15,153.6,76.8,-380315.25,-1195686.3,30719,24064,1024,1024,-380392.2,-1195763.1,-380238.6,-1195609.5,p0006_0007,6,7,-385000.05,-1191999.9,600.0
3110,3109,L0_1024_s512,1024,512,0.15,153.6,76.8,-380315.25,-1195763.1,30719,24576,1024,1024,-380392.2,-1195839.9,-380238.6,-1195686.2999999998,p0006_0007,6,7,-385000.05,-1191999.9,600.0
3111,3110,L0_1024_s512,1024,512,0.15,153.6,76.8,-380315.25,-1195839.9,30719,25088,1024,1024,-380392.2,-1195916.7,-380238.6,-1195763.1,p0006_0007,6,7,-385000.05,-1191999.9,600.0
3112,3111,L0_1024_s512,1024,512,0.15,153.6,76.8,-380315.25,-1195916.7,30719,25600,1024,1024,-380392.2,-1195993.5,-380238.6,-1195839.9,p0006_0007,6,7,-385000.05,-1191999.9,600.0
3113,3036,L0_1024_s512,1024,512,0.15,153.6,76.8,-380392.05,-1194073.5,30208,13312,1024,1024,-380468.85,-1194150.2999999998,-380315.25,-1193996.7,p0003_0007,3,7,-385000.05,-1191999.9,600.0
3114,3037,L0_1024_s512,1024,512,0.15,153.6,76.8,-380392.05,-1194150.3,30208,13824,1024,1024,-380468.85,-1194227.1,-380315.25,-1194073.5,p0003_0007,3,7,-385000.05,-1191999.9,600.0
3115,3038,L0_1024_s512,1024,512,0.15,153.6,76.8,-380392.05,-1194227.1,30208,14336,1024,1024,-380468.85,-1194303.9,-380315.25,-1194150.2999999998,p0003_0007,3,7,-385000.05,-1191999.9,600.0
3116,3039,L0_1024_s512,1024,512,0.15,153.6,76.8,-380392.05,-1194303.9,30208,14848,1024,1024,-380468.85,-1194380.7,-380315.25,-1194227.1,p0003_0007,3,7,-385000.05,-1191999.9,600.0
3117,3040,L0_1024_s512,1024,512,0.15,153.6,76.8,-380392.05,-1194380.7,30208,15360,1024,1024,-380468.85,-1194457.5,-380315.25,-1194303.9,p0003_0007,3,7,-385000.05,-1191999.9,600.0
3118,3041,L0_1024_s512,1024,512,0.15,153.6,76.8,-380392.05,-1194457.5,30208,15872,1024,1024,-380468.85,-1194534.2999999998,-380315.25,-1194380.7,p0004_0007,4,7,-385000.05,-1191999.9,600.0
3119,3042,L0_1024_s512,1024,512,0.15,153.6,76.8,-380392.05,-1194534.3,30208,16384,1024,1024,-380468.85,-1194611.1,-380315.25,-1194457.5,p0004_0007,4,7,-385000.05,-1191999.9,600.0
3120,3043,L0_1024_s512,1024,512,0.15,153.6,76.8,-380392.05,-1194611.1,30208,16896,1024,1024,-380468.85,-1194687.9,-380315.25,-1194534.2999999998,p0004_0007,4,7,-385000.05,-1191999.9,600.0
3121,3044,L0_1024_s512,1024,512,0.15,153.6,76.8,-380392.05,-1194687.9,30208,17408,1024,1024,-380468.85,-1194764.7,-380315.25,-1194611.1,p0004_0007,4,7,-385000.05,-1191999.9,600.0
3122,3045,L0_1024_s512,1024,512,0.15,153.6,76.8,-380392.05,-1194764.7,30208,17920,1024,1024,-380468.85,-1194841.5,-380315.25,-1194687.9,p0004_0007,4,7,-385000.05,-1191999.9,600.0
3123,3046,L0_1024_s512,1024,512,0.15,153.6,76.8,-380392.05,-1194841.5,30208,18432,1024,1024,-380468.85,-1194918.2999999998,-380315.25,-1194764.7,p0004_0007,4,7,-385000.05,-1191999.9,600.0
3124,3047,L0_1024_s512,1024,512,0.15,153.6,76.8,-380392.05,-1194918.3,30208,18944,1024,1024,-380468.85,-1194995.1,-380315.25,-1194841.5,p0004_0007,4,7,-385000.05,-1191999.9,600.0
3125,3048,L0_1024_s512,1024,512,0.15,153.6,76.8,-380392.05,-1194995.1,30208,19456,1024,1024,-380468.85,-1195071.9,-380315.25,-1194918.2999999998,p0004_0007,4,7,-385000.05,-1191999.9,600.0
3126,3049,L0_1024_s512,1024,512,0.15,153.6,76.8,-380392.05,-1195071.9,30208,19968,1024,1024,-380468.85,-1195148.7,-380315.25,-1194995.1,p0005_0007,5,7,-385000.05,-1191999.9,600.0
3127,3050,L0_1024_s512,1024,512,0.15,153.6,76.8,-380392.05,-1195148.7,30208,20480,1024,1024,-380468.85,-1195225.5,-380315.25,-1195071.9,p0005_0007,5,7,-385000.05,-1191999.9,600.0
3128,3051,L0_1024_s512,1024,512,0.15,153.6,76.8,-380392.05,-1195225.5,30208,20992,1024,1024,-380468.85,-1195302.2999999998,-380315.25,-1195148.7,p0005_0007,5,7,-385000.05,-1191999.9,600.0
3129,3052,L0_1024_s512,1024,512,0.15,153.6,76.8,-380392.05,-1195302.3,30208,21504,1024,1024,-380468.85,-1195379.1,-380315.25,-1195225.5,p0005_0007,5,7,-385000.05,-1191999.9,600.0
3130,3053,L0_1024_s512,1024,512,0.15,153.6,76.8,-380392.05,-1195379.1,30208,22016,1024,1024,-380468.85,-1195455.9,-380315.25,-1195302.2999999998,p0005_0007,5,7,-385000.05,-1191999.9,600.0
3131,3054,L0_1024_s512,1024,512,0.15,153.6,76.8,-380392.05,-1195455.9,30208,22528,1024,1024,-380468.85,-1195532.7,-380315.25,-1195379.1,p0005_0007,5,7,-385000.05,-1191999.9,600.0
3132,3055,L0_1024_s512,1024,512,0.15,153.6,76.8,-380392.05,-1195532.7,30208,23040,1024,1024,-380468.85,-1195609.5,-380315.25,-1195455.9,p0005_0007,5,7,-385000.05,-1191999.9,600.0
3133,3056,L0_1024_s512,1024,512,0.15,153.6,76.8,-380392.05,-1195609.5,30208,23552,1024,1024,-380468.85,-1195686.2999999998,-380315.25,-1195532.7,p0006_0007,6,7,-385000.05,-1191999.9,600.0
3134,3057,L0_1024_s512,1024,512,0.15,153.6,76.8,-380392.05,-1195686.3,30208,24064,1024,1024,-380468.85,-1195763.1,-380315.25,-1195609.5,p0006_0007,6,7,-385000.05,-1191999.9,600.0
3135,3058,L0_1024_s512,1024,512,0.15,153.6,76.8,-380392.05,-1195763.1,30208,24576,1024,1024,-380468.85,-1195839.9,-380315.25,-1195686.2999999998,p0006_0007,6,7,-385000.05,-1191999.9,600.0
3136,3059,L0_1024_s512,1024,512,0.15,153.6,76.8,-380392.05,-1195839.9,30208,25088,1024,1024,-380468.85,-1195916.7,-380315.25,-1195763.1,p0006_0007,6,7,-385000.05,-1191999.9,600.0
3137,3060,L0_1024_s512,1024,512,0.15,153.6,76.8,-380392.05,-1195916.7,30208,25600,1024,1024,-380468.85,-1195993.5,-380315.25,-1195839.9,p0006_0007,6,7,-385000.05,-1191999.9,600.0
3138,3138,L0_1024_s512,1024,512,0.15,153.6,76.8,-380238.45,-1194073.5,31231,13312,1024,1024,-380315.4,-1194150.2999999998,-380161.8,-1193996.7,p0003_0007,3,7,-385000.05,-1191999.9,600.0
3139,3139,L0_1024_s512,1024,512,0.15,153.6,76.8,-380238.45,-1194150.3,31231,13824,1024,1024,-380315.4,-1194227.1,-380161.8,-1194073.5,p0003_0007,3,7,-385000.05,-1191999.9,600.0
3140,3140,L0_1024_s512,1024,512,0.15,153.6,76.8,-380238.45,-1194227.1,31231,14336,1024,1024,-380315.4,-1194303.9,-380161.8,-1194150.2999999998,p0003_0007,3,7,-385000.05,-1191999.9,600.0
3141,3141,L0_1024_s512,1024,512,0.15,153.6,76.8,-380238.45,-1194303.9,31231,14848,1024,1024,-380315.4,-1194380.7,-380161.8,-1194227.1,p0003_0007,3,7,-385000.05,-1191999.9,600.0
3142,3142,L0_1024_s512,1024,512,0.15,153.6,76.8,-380238.45,-1194380.7,31231,15360,1024,1024,-380315.4,-1194457.5,-380161.8,-1194303.9,p0003_0007,3,7,-385000.05,-1191999.9,600.0
3143,3143,L0_1024_s512,1024,512,0.15,153.6,76.8,-380238.45,-1194457.5,31231,15872,1024,1024,-380315.4,-1194534.2999999998,-380161.8,-1194380.7,p0004_0007,4,7,-385000.05,-1191999.9,600.0
3144,3144,L0_1024_s512,1024,512,0.15,153.6,76.8,-380238.45,-1194534.3,31231,16384,1024,1024,-380315.4,-1194611.1,-380161.8,-1194457.5,p0004_0007,4,7,-385000.05,-1191999.9,600.0
3145,3145,L0_1024_s512,1024,512,0.15,153.6,76.8,-380238.45,-1194611.1,31231,16896,1024,1024,-380315.4,-1194687.9,-380161.8,-1194534.2999999998,p0004_0007,4,7,-385000.05,-1191999.9,600.0
3146,3146,L0_1024_s512,1024,512,0.15,153.6,76.8,-380238.45,-1194687.9,31231,17408,1024,1024,-380315.4,-1194764.7,-380161.8,-1194611.1,p0004_0007,4,7,-385000.05,-1191999.9,600.0
3147,3147,L0_1024_s512,1024,512,0.15,153.6,76.8,-380238.45,-1194764.7,31231,17920,1024,1024,-380315.4,-1194841.5,-380161.8,-1194687.9,p0004_0007,4,7,-385000.05,-1191999.9,600.0
3148,3148,L0_1024_s512,1024,512,0.15,153.6,76.8,-380238.45,-1194841.5,31231,18432,1024,1024,-380315.4,-1194918.2999999998,-380161.8,-1194764.7,p0004_0007,4,7,-385000.05,-1191999.9,600.0
3149,3149,L0_1024_s512,1024,512,0.15,153.6,76.8,-380238.45,-1194918.3,31231,18944,1024,1024,-380315.4,-1194995.1,-380161.8,-1194841.5,p0004_0007,4,7,-385000.05,-1191999.9,600.0
3150,3150,L0_1024_s512,1024,512,0.15,153.6,76.8,-380238.45,-1194995.1,31231,19456,1024,1024,-380315.4,-1195071.9,-380161.8,-1194918.2999999998,p0004_0007,4,7,-385000.05,-1191999.9,600.0
3151,3151,L0_1024_s512,1024,512,0.15,153.6,76.8,-380238.45,-1195071.9,31231,19968,1024,1024,-380315.4,-1195148.7,-380161.8,-1194995.1,p0005_0007,5,7,-385000.05,-1191999.9,600.0
3152,3152,L0_1024_s512,1024,512,0.15,153.6,76.8,-380238.45,-1195148.7,31231,20480,1024,1024,-380315.4,-1195225.5,-380161.8,-1195071.9,p0005_0007,5,7,-385000.05,-1191999.9,600.0
3153,3153,L0_1024_s512,1024,512,0.15,153.6,76.8,-380238.45,-1195225.5,31231,20992,1024,1024,-380315.4,-1195302.2999999998,-380161.8,-1195148.7,p0005_0007,5,7,-385000.05,-1191999.9,600.0
3154,3154,L0_1024_s512,1024,512,0.15,153.6,76.8,-380238.45,-1195302.3,31231,21504,1024,1024,-380315.4,-1195379.1,-380161.8,-1195225.5,p0005_0007,5,7,-385000.05,-1191999.9,600.0
3155,3155,L0_1024_s512,1024,512,0.15,153.6,76.8,-380238.45,-1195379.1,31231,22016,1024,1024,-380315.4,-1195455.9,-380161.8,-1195302.2999999998,p0005_0007,5,7,-385000.05,-1191999.9,600.0
3156,3156,L0_1024_s512,1024,512,0.15,153.6,76.8,-380238.45,-1195455.9,31231,22528,1024,1024,-380315.4,-1195532.7,-380161.8,-1195379.1,p0005_0007,5,7,-385000.05,-1191999.9,600.0
3157,3157,L0_1024_s512,1024,512,0.15,153.6,76.8,-380238.45,-1195532.7,31231,23040,1024,1024,-380315.4,-1195609.5,-380161.8,-1195455.9,p0005_0007,5,7,-385000.05,-1191999.9,600.0
3158,3158,L0_1024_s512,1024,512,0.15,153.6,76.8,-380238.45,-1195609.5,31231,23552,1024,1024,-380315.4,-1195686.2999999998,-380161.8,-1195532.7,p0006_0007,6,7,-385000.05,-1191999.9,600.0
3159,3159,L0_1024_s512,1024,512,0.15,153.6,76.8,-380238.45,-1195686.3,31231,24064,1024,1024,-380315.4,-1195763.1,-380161.8,-1195609.5,p0006_0007,6,7,-385000.05,-1191999.9,600.0
3160,3160,L0_1024_s512,1024,512,0.15,153.6,76.8,-380238.45,-1195763.1,31231,24576,1024,1024,-380315.4,-1195839.9,-380161.8,-1195686.2999999998,p0006_0007,6,7,-385000.05,-1191999.9,600.0
3161,3161,L0_1024_s512,1024,512,0.15,153.6,76.8,-380238.45,-1195839.9,31231,25088,1024,1024,-380315.4,-1195916.7,-380161.8,-1195763.1,p0006_0007,6,7,-385000.05,-1191999.9,600.0
3162,3162,L0_1024_s512,1024,512,0.15,153.6,76.8,-380238.45,-1195916.7,31231,25600,1024,1024,-380315.4,-1195993.5,-380161.8,-1195839.9,p0006_0007,6,7,-385000.05,-1191999.9,600.0
3163,3189,L0_1024_s512,1024,512,0.15,153.6,76.8,-380161.65,-1194073.5,31743,13312,1024,1024,-380238.6,-1194150.2999999998,-380085.0,-1193996.7,p0003_0008,3,8,-385000.05,-1191999.9,600.0
3164,3190,L0_1024_s512,1024,512,0.15,153.6,76.8,-380161.65,-1194150.3,31743,13824,1024,1024,-380238.6,-1194227.1,-380085.0,-1194073.5,p0003_0008,3,8,-385000.05,-1191999.9,600.0
3165,3191,L0_1024_s512,1024,512,0.15,153.6,76.8,-380161.65,-1194227.1,31743,14336,1024,1024,-380238.6,-1194303.9,-380085.0,-1194150.2999999998,p0003_0008,3,8,-385000.05,-1191999.9,600.0
3166,3192,L0_1024_s512,1024,512,0.15,153.6,76.8,-380161.65,-1194303.9,31743,14848,1024,1024,-380238.6,-1194380.7,-380085.0,-1194227.1,p0003_0008,3,8,-385000.05,-1191999.9,600.0
3167,3193,L0_1024_s512,1024,512,0.15,153.6,76.8,-380161.65,-1194380.7,31743,15360,1024,1024,-380238.6,-1194457.5,-380085.0,-1194303.9,p0003_0008,3,8,-385000.05,-1191999.9,600.0
3168,3194,L0_1024_s512,1024,512,0.15,153.6,76.8,-380161.65,-1194457.5,31743,15872,1024,1024,-380238.6,-1194534.2999999998,-380085.0,-1194380.7,p0004_0008,4,8,-385000.05,-1191999.9,600.0
3169,3195,L0_1024_s512,1024,512,0.15,153.6,76.8,-380161.65,-1194534.3,31743,16384,1024,1024,-380238.6,-1194611.1,-380085.0,-1194457.5,p0004_0008,4,8,-385000.05,-1191999.9,600.0
3170,3196,L0_1024_s512,1024,512,0.15,153.6,76.8,-380161.65,-1194611.1,31743,16896,1024,1024,-380238.6,-1194687.9,-380085.0,-1194534.2999999998,p0004_0008,4,8,-385000.05,-1191999.9,600.0
3171,3197,L0_1024_s512,1024,512,0.15,153.6,76.8,-380161.65,-1194687.9,31743,17408,1024,1024,-380238.6,-1194764.7,-380085.0,-1194611.1,p0004_0008,4,8,-385000.05,-1191999.9,600.0
3172,3198,L0_1024_s512,1024,512,0.15,153.6,76.8,-380161.65,-1194764.7,31743,17920,1024,1024,-380238.6,-1194841.5,-380085.0,-1194687.9,p0004_0008,4,8,-385000.05,-1191999.9,600.0
3173,3199,L0_1024_s512,1024,512,0.15,153.6,76.8,-380161.65,-1194841.5,31743,18432,1024,1024,-380238.6,-1194918.2999999998,-380085.0,-1194764.7,p0004_0008,4,8,-385000.05,-1191999.9,600.0
3174,3200,L0_1024_s512,1024,512,0.15,153.6,76.8,-380161.65,-1194918.3,31743,18944,1024,1024,-380238.6,-1194995.1,-380085.0,-1194841.5,p0004_0008,4,8,-385000.05,-1191999.9,600.0
3175,3201,L0_1024_s512,1024,512,0.15,153.6,76.8,-380161.65,-1194995.1,31743,19456,1024,1024,-380238.6,-1195071.9,-380085.0,-1194918.2999999998,p0004_0008,4,8,-385000.05,-1191999.9,600.0
3176,3202,L0_1024_s512,1024,512,0.15,153.6,76.8,-380161.65,-1195071.9,31743,19968,1024,1024,-380238.6,-1195148.7,-380085.0,-1194995.1,p0005_0008,5,8,-385000.05,-1191999.9,600.0
3177,3203,L0_1024_s512,1024,512,0.15,153.6,76.8,-380161.65,-1195148.7,31743,20480,1024,1024,-380238.6,-1195225.5,-380085.0,-1195071.9,p0005_0008,5,8,-385000.05,-1191999.9,600.0
3178,3204,L0_1024_s512,1024,512,0.15,153.6,76.8,-380161.65,-1195225.5,31743,20992,1024,1024,-380238.6,-1195302.2999999998,-380085.0,-1195148.7,p0005_0008,5,8,-385000.05,-1191999.9,600.0
3179,3205,L0_1024_s512,1024,512,0.15,153.6,76.8,-380161.65,-1195302.3,31743,21504,1024,1024,-380238.6,-1195379.1,-380085.0,-1195225.5,p0005_0008,5,8,-385000.05,-1191999.9,600.0
3180,3206,L0_1024_s512,1024,512,0.15,153.6,76.8,-380161.65,-1195379.1,31743,22016,1024,1024,-380238.6,-1195455.9,-380085.0,-1195302.2999999998,p0005_0008,5,8,-385000.05,-1191999.9,600.0
3181,3207,L0_1024_s512,1024,512,0.15,153.6,76.8,-380161.65,-1195455.9,31743,22528,1024,1024,-380238.6,-1195532.7,-380085.0,-1195379.1,p0005_0008,5,8,-385000.05,-1191999.9,600.0
3182,3208,L0_1024_s512,1024,512,0.15,153.6,76.8,-380161.65,-1195532.7,31743,23040,1024,1024,-380238.6,-1195609.5,-380085.0,-1195455.9,p0005_0008,5,8,-385000.05,-1191999.9,600.0
3183,3209,L0_1024_s512,1024,512,0.15,153.6,76.8,-380161.65,-1195609.5,31743,23552,1024,1024,-380238.6,-1195686.2999999998,-380085.0,-1195532.7,p0006_0008,6,8,-385000.05,-1191999.9,600.0
3184,3210,L0_1024_s512,1024,512,0.15,153.6,76.8,-380161.65,-1195686.3,31743,24064,1024,1024,-380238.6,-1195763.1,-380085.0,-1195609.5,p0006_0008,6,8,-385000.05,-1191999.9,600.0
3185,3211,L0_1024_s512,1024,512,0.15,153.6,76.8,-380161.65,-1195763.1,31743,24576,1024,1024,-380238.6,-1195839.9,-380085.0,-1195686.2999999998,p0006_0008,6,8,-385000.05,-1191999.9,600.0
3186,3212,L0_1024_s512,1024,512,0.15,153.6,76.8,-380161.65,-1195839.9,31743,25088,1024,1024,-380238.6,-1195916.7,-380085.0,-1195763.1,p0006_0008,6,8,-385000.05,-1191999.9,600.0
3187,3213,L0_1024_s512,1024,512,0.15,153.6,76.8,-380161.65,-1195916.7,31743,25600,1024,1024,-380238.6,-1195993.5,-380085.0,-1195839.9,p0006_0008,6,8,-385000.05,-1191999.9,600.0
3188,3240,L0_1024_s512,1024,512,0.15,153.6,76.8,-380084.85,-1194073.5,32256,13312,1024,1024,-380161.65,-1194150.2999999998,-380008.05,-1193996.7,p0003_0008,3,8,-385000.05,-1191999.9,600.0
3189,3241,L0_1024_s512,1024,512,0.15,153.6,76.8,-380084.85,-1194150.3,32256,13824,1024,1024,-380161.65,-1194227.1,-380008.05,-1194073.5,p0003_0008,3,8,-385000.05,-1191999.9,600.0
3190,3242,L0_1024_s512,1024,512,0.15,153.6,76.8,-380084.85,-1194227.1,32256,14336,1024,1024,-380161.65,-1194303.9,-380008.05,-1194150.2999999998,p0003_0008,3,8,-385000.05,-1191999.9,600.0
3191,3243,L0_1024_s512,1024,512,0.15,153.6,76.8,-380084.85,-1194303.9,32256,14848,1024,1024,-380161.65,-1194380.7,-380008.05,-1194227.1,p0003_0008,3,8,-385000.05,-1191999.9,600.0
3192,3244,L0_1024_s512,1024,512,0.15,153.6,76.8,-380084.85,-1194380.7,32256,15360,1024,1024,-380161.65,-1194457.5,-380008.05,-1194303.9,p0003_0008,3,8,-385000.05,-1191999.9,600.0
3193,3245,L0_1024_s512,1024,512,0.15,153.6,76.8,-380084.85,-1194457.5,32256,15872,1024,1024,-380161.65,-1194534.2999999998,-380008.05,-1194380.7,p0004_0008,4,8,-385000.05,-1191999.9,600.0
3194,3246,L0_1024_s512,1024,512,0.15,153.6,76.8,-380084.85,-1194534.3,32256,16384,1024,1024,-380161.65,-1194611.1,-380008.05,-1194457.5,p0004_0008,4,8,-385000.05,-1191999.9,600.0
3195,3247,L0_1024_s512,1024,512,0.15,153.6,76.8,-380084.85,-1194611.1,32256,16896,1024,1024,-380161.65,-1194687.9,-380008.05,-1194534.2999999998,p0004_0008,4,8,-385000.05,-1191999.9,600.0
3196,3248,L0_1024_s512,1024,512,0.15,153.6,76.8,-380084.85,-1194687.9,32256,17408,1024,1024,-380161.65,-1194764.7,-380008.05,-1194611.1,p0004_0008,4,8,-385000.05,-1191999.9,600.0
3197,3249,L0_1024_s512,1024,512,0.15,153.6,76.8,-380084.85,-1194764.7,32256,17920,1024,1024,-380161.65,-1194841.5,-380008.05,-1194687.9,p0004_0008,4,8,-385000.05,-1191999.9,600.0
3198,3250,L0_1024_s512,1024,512,0.15,153.6,76.8,-380084.85,-1194841.5,32256,18432,1024,1024,-380161.65,-1194918.2999999998,-380008.05,-1194764.7,p0004_0008,4,8,-385000.05,-1191999.9,600.0
3199,3251,L0_1024_s512,1024,512,0.15,153.6,76.8,-380084.85,-1194918.3,32256,18944,1024,1024,-380161.65,-1194995.1,-380008.05,-1194841.5,p0004_0008,4,8,-385000.05,-1191999.9,600.0
3200,3252,L0_1024_s512,1024,512,0.15,153.6,76.8,-380084.85,-1194995.1,32256,19456,1024,1024,-380161.65,-1195071.9,-380008.05,-1194918.2999999998,p0004_0008,4,8,-385000.05,-1191999.9,600.0
3201,3253,L0_1024_s512,1024,512,0.15,153.6,76.8,-380084.85,-1195071.9,32256,19968,1024,1024,-380161.65,-1195148.7,-380008.05,-1194995.1,p0005_0008,5,8,-385000.05,-1191999.9,600.0
3202,3254,L0_1024_s512,1024,512,0.15,153.6,76.8,-380084.85,-1195148.7,32256,20480,1024,1024,-380161.65,-1195225.5,-380008.05,-1195071.9,p0005_0008,5,8,-385000.05,-1191999.9,600.0
3203,3255,L0_1024_s512,1024,512,0.15,153.6,76.8,-380084.85,-1195225.5,32256,20992,1024,1024,-380161.65,-1195302.2999999998,-380008.05,-1195148.7,p0005_0008,5,8,-385000.05,-1191999.9,600.0
3204,3256,L0_1024_s512,1024,512,0.15,153.6,76.8,-380084.85,-1195302.3,32256,21504,1024,1024,-380161.65,-1195379.1,-380008.05,-1195225.5,p0005_0008,5,8,-385000.05,-1191999.9,600.0
3205,3257,L0_1024_s512,1024,512,0.15,153.6,76.8,-380084.85,-1195379.1,32256,22016,1024,1024,-380161.65,-1195455.9,-380008.05,-1195302.2999999998,p0005_0008,5,8,-385000.05,-1191999.9,600.0
3206,3258,L0_1024_s512,1024,512,0.15,153.6,76.8,-380084.85,-1195455.9,32256,22528,1024,1024,-380161.65,-1195532.7,-380008.05,-1195379.1,p0005_0008,5,8,-385000.05,-1191999.9,600.0
3207,3259,L0_1024_s512,1024,512,0.15,153.6,76.8,-380084.85,-1195532.7,32256,23040,1024,1024,-380161.65,-1195609.5,-380008.05,-1195455.9,p0005_0008,5,8,-385000.05,-1191999.9,600.0
3208,3260,L0_1024_s512,1024,512,0.15,153.6,76.8,-380084.85,-1195609.5,32256,23552,1024,1024,-380161.65,-1195686.2999999998,-380008.05,-1195532.7,p0006_0008,6,8,-385000.05,-1191999.9,600.0
3209,3261,L0_1024_s512,1024,512,0.15,153.6,76.8,-380084.85,-1195686.3,32256,24064,1024,1024,-380161.65,-1195763.1,-380008.05,-1195609.5,p0006_0008,6,8,-385000.05,-1191999.9,600.0
3210,3262,L0_1024_s512,1024,512,0.15,153.6,76.8,-380084.85,-1195763.1,32256,24576,1024,1024,-380161.65,-1195839.9,-380008.05,-1195686.2999999998,p0006_0008,6,8,-385000.05,-1191999.9,600.0
3211,3263,L0_1024_s512,1024,512,0.15,153.6,76.8,-380084.85,-1195839.9,32256,25088,1024,1024,-380161.65,-1195916.7,-380008.05,-1195763.1,p0006_0008,6,8,-385000.05,-1191999.9,600.0
3212,3264,L0_1024_s512,1024,512,0.15,153.6,76.8,-380084.85,-1195916.7,32256,25600,1024,1024,-380161.65,-1195993.5,-380008.05,-1195839.9,p0006_0008,6,8,-385000.05,-1191999.9,600.0
