X,Y,tile_id,center_x,center_y,tile_px,stride_px,gsd_m,tile_m,stride_m,config_name,page_int_id,page_id
-384923.25,-1193996.7,26,-384923.25,-1193996.7,1024,512,0.15,153.6,76.8,L0_1024_s512,1,page_00001
-384923.25,-1193919.9,25,-384923.25,-1193919.9,1024,512,0.15,153.6,76.8,L0_1024_s512,1,page_00001
-384923.25,-1193843.1,24,-384923.25,-1193843.1,1024,512,0.15,153.6,76.8,L0_1024_s512,1,page_00001
-384923.25,-1193766.3,23,-384923.25,-1193766.3,1024,512,0.15,153.6,76.8,L0_1024_s512,1,page_00001
-384923.25,-1193689.5,22,-384923.25,-1193689.5,1024,512,0.15,153.6,76.8,L0_1024_s512,1,page_00001
-384923.25,-1193612.7,21,-384923.25,-1193612.7,1024,512,0.15,153.6,76.8,L0_1024_s512,1,page_00001
-384923.25,-1193535.9,20,-384923.25,-1193535.9,1024,512,0.15,153.6,76.8,L0_1024_s512,1,page_00001
-384923.25,-1193459.1,19,-384923.25,-1193459.1,1024,512,0.15,153.6,76.8,L0_1024_s512,1,page_00001
-384923.25,-1193382.3,18,-384923.25,-1193382.3,1024,512,0.15,153.6,76.8,L0_1024_s512,1,page_00001
-384923.25,-1193305.5,17,-384923.25,-1193305.5,1024,512,0.15,153.6,76.8,L0_1024_s512,1,page_00001
-384769.65,-1193535.9,122,-384769.65,-1193535.9,1024,512,0.15,153.6,76.8,L0_1024_s512,1,page_00001
-384769.65,-1193459.1,121,-384769.65,-1193459.1,1024,512,0.15,153.6,76.8,L0_1024_s512,1,page_00001
-384769.65,-1193382.3,120,-384769.65,-1193382.3,1024,512,0.15,153.6,76.8,L0_1024_s512,1,page_00001
-384769.65,-1193305.5,119,-384769.65,-1193305.5,1024,512,0.15,153.6,76.8,L0_1024_s512,1,page_00001
-384923.25,-1193228.7,16,-384923.25,-1193228.7,1024,512,0.15,153.6,76.8,L0_1024_s512,1,page_00001
-384846.45,-1193228.7,67,-384846.45,-1193228.7,1024,512,0.15,153.6,76.8,L0_1024_s512,1,page_00001
-384769.65,-1193228.7,118,-384769.65,-1193228.7,1024,512,0.15,153.6,76.8,L0_1024_s512,1,page_00001
-384923.25,-1193151.9,15,-384923.25,-1193151.9,1024,512,0.15,153.6,76.8,L0_1024_s512,1,page_00001
-384846.45,-1193151.9,66,-384846.45,-1193151.9,1024,512,0.15,153.6,76.8,L0_1024_s512,1,page_00001
-384769.65,-1193151.9,117,-384769.65,-1193151.9,1024,512,0.15,153.6,76.8,L0_1024_s512,1,page_00001
-384923.25,-1193075.1,14,-384923.25,-1193075.1,1024,512,0.15,153.6,76.8,L0_1024_s512,1,page_00001
-384846.45,-1193075.1,65,-384846.45,-1193075.1,1024,512,0.15,153.6,76.8,L0_1024_s512,1,page_00001
-384769.65,-1193075.1,116,-384769.65,-1193075.1,1024,512,0.15,153.6,76.8,L0_1024_s512,1,page_00001
-384846.45,-1192998.3,64,-384846.45,-1192998.3,1024,512,0.15,153.6,76.8,L0_1024_s512,1,page_00001
-384923.25,-1192998.3,13,-384923.25,-1192998.3,1024,512,0.15,153.6,76.8,L0_1024_s512,1,page_00001
-384769.65,-1192998.3,115,-384769.65,-1192998.3,1024,512,0.15,153.6,76.8,L0_1024_s512,1,page_00001
-384923.25,-1192921.5,12,-384923.25,-1192921.5,1024,512,0.15,153.6,76.8,L0_1024_s512,1,page_00001
-384846.45,-1192921.5,63,-384846.45,-1192921.5,1024,512,0.15,153.6,76.8,L0_1024_s512,1,page_00001
-384769.65,-1192921.5,114,-384769.65,-1192921.5,1024,512,0.15,153.6,76.8,L0_1024_s512,1,page_00001
-384769.65,-1193612.7,123,-384769.65,-1193612.7,1024,512,0.15,153.6,76.8,L0_1024_s512,1,page_00001
-384769.65,-1193689.5,124,-384769.65,-1193689.5,1024,512,0.15,153.6,76.8,L0_1024_s512,1,page_00001
-384769.65,-1193766.3,125,-384769.65,-1193766.3,1024,512,0.15,153.6,76.8,L0_1024_s512,1,page_00001
-384769.65,-1193843.1,126,-384769.65,-1193843.1,1024,512,0.15,153.6,76.8,L0_1024_s512,1,page_00001
-384769.65,-1193919.9,127,-384769.65,-1193919.9,1024,512,0.15,153.6,76.8,L0_1024_s512,1,page_00001
-384769.65,-1193996.7,128,-384769.65,-1193996.7,1024,512,0.15,153.6,76.8,L0_1024_s512,1,page_00001
-384923.25,-1192844.7,11,-384923.25,-1192844.7,1024,512,0.15,153.6,76.8,L0_1024_s512,1,page_00001
-384923.25,-1192767.9,10,-384923.25,-1192767.9,1024,512,0.15,153.6,76.8,L0_1024_s512,1,page_00001
-384923.25,-1192691.1,9,-384923.25,-1192691.1,1024,512,0.15,153.6,76.8,L0_1024_s512,1,page_00001
-384923.25,-1192614.3,8,-384923.25,-1192614.3,1024,512,0.15,153.6,76.8,L0_1024_s512,1,page_00001
-384846.45,-1192691.1,60,-384846.45,-1192691.1,1024,512,0.15,153.6,76.8,L0_1024_s512,1,page_00001
-384846.45,-1192844.7,62,-384846.45,-1192844.7,1024,512,0.15,153.6,76.8,L0_1024_s512,1,page_00001
-384846.45,-1192767.9,61,-384846.45,-1192767.9,1024,512,0.15,153.6,76.8,L0_1024_s512,1,page_00001
-384846.45,-1192614.3,59,-384846.45,-1192614.3,1024,512,0.15,153.6,76.8,L0_1024_s512,1,page_00001
-384769.65,-1192844.7,113,-384769.65,-1192844.7,1024,512,0.15,153.6,76.8,L0_1024_s512,1,page_00001
-384769.65,-1192767.9,112,-384769.65,-1192767.9,1024,512,0.15,153.6,76.8,L0_1024_s512,1,page_00001
-384769.65,-1192691.1,111,-384769.65,-1192691.1,1024,512,0.15,153.6,76.8,L0_1024_s512,1,page_00001
-384769.65,-1192614.3,110,-384769.65,-1192614.3,1024,512,0.15,153.6,76.8,L0_1024_s512,1,page_00001
-384692.85,-1192844.7,164,-384692.85,-1192844.7,1024,512,0.15,153.6,76.8,L0_1024_s512,1,page_00001
-384692.85,-1192767.9,163,-384692.85,-1192767.9,1024,512,0.15,153.6,76.8,L0_1024_s512,1,page_00001
-384692.85,-1192691.1,162,-384692.85,-1192691.1,1024,512,0.15,153.6,76.8,L0_1024_s512,1,page_00001
-384692.85,-1192921.5,165,-384692.85,-1192921.5,1024,512,0.15,153.6,76.8,L0_1024_s512,1,page_00001
-384692.85,-1192614.3,161,-384692.85,-1192614.3,1024,512,0.15,153.6,76.8,L0_1024_s512,1,page_00001
-384923.25,-1192537.5,7,-384923.25,-1192537.5,1024,512,0.15,153.6,76.8,L0_1024_s512,1,page_00001
-384923.25,-1192460.7,6,-384923.25,-1192460.7,1024,512,0.15,153.6,76.8,L0_1024_s512,1,page_00001
-384923.25,-1192383.9,5,-384923.25,-1192383.9,1024,512,0.15,153.6,76.8,L0_1024_s512,1,page_00001
-384846.45,-1192537.5,58,-384846.45,-1192537.5,1024,512,0.15,153.6,76.8,L0_1024_s512,1,page_00001
-384846.45,-1192460.7,57,-384846.45,-1192460.7,1024,512,0.15,153.6,76.8,L0_1024_s512,1,page_00001
-384846.45,-1192383.9,56,-384846.45,-1192383.9,1024,512,0.15,153.6,76.8,L0_1024_s512,1,page_00001
-384769.65,-1192537.5,109,-384769.65,-1192537.5,1024,512,0.15,153.6,76.8,L0_1024_s512,1,page_00001
-384769.65,-1192460.7,108,-384769.65,-1192460.7,1024,512,0.15,153.6,76.8,L0_1024_s512,1,page_00001
-384769.65,-1192383.9,107,-384769.65,-1192383.9,1024,512,0.15,153.6,76.8,L0_1024_s512,1,page_00001
-384692.85,-1192383.9,158,-384692.85,-1192383.9,1024,512,0.15,153.6,76.8,L0_1024_s512,1,page_00001
-384692.85,-1192537.5,160,-384692.85,-1192537.5,1024,512,0.15,153.6,76.8,L0_1024_s512,1,page_00001
-384692.85,-1192460.7,159,-384692.85,-1192460.7,1024,512,0.15,153.6,76.8,L0_1024_s512,1,page_00001
-384616.05,-1192537.5,211,-384616.05,-1192537.5,1024,512,0.15,153.6,76.8,L0_1024_s512,1,page_00001
-384616.05,-1192460.7,210,-384616.05,-1192460.7,1024,512,0.15,153.6,76.8,L0_1024_s512,1,page_00001
-384616.05,-1192383.9,209,-384616.05,-1192383.9,1024,512,0.15,153.6,76.8,L0_1024_s512,1,page_00001
-384539.25,-1192537.5,262,-384539.25,-1192537.5,1024,512,0.15,153.6,76.8,L0_1024_s512,1,page_00001
-384539.25,-1192460.7,261,-384539.25,-1192460.7,1024,512,0.15,153.6,76.8,L0_1024_s512,1,page_00001
-384539.25,-1192383.9,260,-384539.25,-1192383.9,1024,512,0.15,153.6,76.8,L0_1024_s512,1,page_00001
-384923.25,-1192307.1,4,-384923.25,-1192307.1,1024,512,0.15,153.6,76.8,L0_1024_s512,1,page_00001
-384923.25,-1192230.3,3,-384923.25,-1192230.3,1024,512,0.15,153.6,76.8,L0_1024_s512,1,page_00001
-384923.25,-1192153.5,2,-384923.25,-1192153.5,1024,512,0.15,153.6,76.8,L0_1024_s512,1,page_00001
-384923.25,-1192076.7,1,-384923.25,-1192076.7,1024,512,0.15,153.6,76.8,L0_1024_s512,1,page_00001
-384846.45,-1192307.1,55,-384846.45,-1192307.1,1024,512,0.15,153.6,76.8,L0_1024_s512,1,page_00001
-384846.45,-1192230.3,54,-384846.45,-1192230.3,1024,512,0.15,153.6,76.8,L0_1024_s512,1,page_00001
-384846.45,-1192153.5,53,-384846.45,-1192153.5,1024,512,0.15,153.6,76.8,L0_1024_s512,1,page_00001
-384846.45,-1192076.7,52,-384846.45,-1192076.7,1024,512,0.15,153.6,76.8,L0_1024_s512,1,page_00001
-384769.65,-1192307.1,106,-384769.65,-1192307.1,1024,512,0.15,153.6,76.8,L0_1024_s512,1,page_00001
-384769.65,-1192230.3,105,-384769.65,-1192230.3,1024,512,0.15,153.6,76.8,L0_1024_s512,1,page_00001
-384769.65,-1192153.5,104,-384769.65,-1192153.5,1024,512,0.15,153.6,76.8,L0_1024_s512,1,page_00001
-384769.65,-1192076.7,103,-384769.65,-1192076.7,1024,512,0.15,153.6,76.8,L0_1024_s512,1,page_00001
-384692.85,-1192307.1,157,-384692.85,-1192307.1,1024,512,0.15,153.6,76.8,L0_1024_s512,1,page_00001
-384692.85,-1192230.3,156,-384692.85,-1192230.3,1024,512,0.15,153.6,76.8,L0_1024_s512,1,page_00001
-384692.85,-1192153.5,155,-384692.85,-1192153.5,1024,512,0.15,153.6,76.8,L0_1024_s512,1,page_00001
-384692.85,-1192076.7,154,-384692.85,-1192076.7,1024,512,0.15,153.6,76.8,L0_1024_s512,1,page_00001
-384616.05,-1192307.1,208,-384616.05,-1192307.1,1024,512,0.15,153.6,76.8,L0_1024_s512,1,page_00001
-384616.05,-1192230.3,207,-384616.05,-1192230.3,1024,512,0.15,153.6,76.8,L0_1024_s512,1,page_00001
-384616.05,-1192153.5,206,-384616.05,-1192153.5,1024,512,0.15,153.6,76.8,L0_1024_s512,1,page_00001
-384616.05,-1192076.7,205,-384616.05,-1192076.7,1024,512,0.15,153.6,76.8,L0_1024_s512,1,page_00001
-384539.25,-1192307.1,259,-384539.25,-1192307.1,1024,512,0.15,153.6,76.8,L0_1024_s512,1,page_00001
-384539.25,-1192230.3,258,-384539.25,-1192230.3,1024,512,0.15,153.6,76.8,L0_1024_s512,1,page_00001
-384539.25,-1192153.5,257,-384539.25,-1192153.5,1024,512,0.15,153.6,76.8,L0_1024_s512,1,page_00001
-384539.25,-1192076.7,256,-384539.25,-1192076.7,1024,512,0.15,153.6,76.8,L0_1024_s512,1,page_00001
-384462.45,-1192076.7,307,-384462.45,-1192076.7,1024,512,0.15,153.6,76.8,L0_1024_s512,1,page_00001
-384462.45,-1192153.5,308,-384462.45,-1192153.5,1024,512,0.15,153.6,76.8,L0_1024_s512,1,page_00001
-384462.45,-1192230.3,309,-384462.45,-1192230.3,1024,512,0.15,153.6,76.8,L0_1024_s512,1,page_00001
-384462.45,-1192307.1,310,-384462.45,-1192307.1,1024,512,0.15,153.6,76.8,L0_1024_s512,1,page_00001
-384385.65,-1192076.7,358,-384385.65,-1192076.7,1024,512,0.15,153.6,76.8,L0_1024_s512,1,page_00001
-384385.65,-1192153.5,359,-384385.65,-1192153.5,1024,512,0.15,153.6,76.8,L0_1024_s512,1,page_00001
-384385.65,-1192230.3,360,-384385.65,-1192230.3,1024,512,0.15,153.6,76.8,L0_1024_s512,1,page_00001
-384385.65,-1192307.1,361,-384385.65,-1192307.1,1024,512,0.15,153.6,76.8,L0_1024_s512,1,page_00001
-384846.45,-1193996.7,77,-384846.45,-1193996.7,1024,512,0.15,153.6,76.8,L0_1024_s512,1,page_00001
-384846.45,-1193919.9,76,-384846.45,-1193919.9,1024,512,0.15,153.6,76.8,L0_1024_s512,1,page_00001
-384846.45,-1193843.1,75,-384846.45,-1193843.1,1024,512,0.15,153.6,76.8,L0_1024_s512,1,page_00001
-384846.45,-1193766.3,74,-384846.45,-1193766.3,1024,512,0.15,153.6,76.8,L0_1024_s512,1,page_00001
-384846.45,-1193689.5,73,-384846.45,-1193689.5,1024,512,0.15,153.6,76.8,L0_1024_s512,1,page_00001
-384846.45,-1193612.7,72,-384846.45,-1193612.7,1024,512,0.15,153.6,76.8,L0_1024_s512,1,page_00001
-384846.45,-1193535.9,71,-384846.45,-1193535.9,1024,512,0.15,153.6,76.8,L0_1024_s512,1,page_00001
-384846.45,-1193459.1,70,-384846.45,-1193459.1,1024,512,0.15,153.6,76.8,L0_1024_s512,1,page_00001
-384846.45,-1193382.3,69,-384846.45,-1193382.3,1024,512,0.15,153.6,76.8,L0_1024_s512,1,page_00001
-384846.45,-1193305.5,68,-384846.45,-1193305.5,1024,512,0.15,153.6,76.8,L0_1024_s512,1,page_00001
-384692.85,-1193996.7,179,-384692.85,-1193996.7,1024,512,0.15,153.6,76.8,L0_1024_s512,1,page_00001
-384692.85,-1193919.9,178,-384692.85,-1193919.9,1024,512,0.15,153.6,76.8,L0_1024_s512,1,page_00001
-384692.85,-1193843.1,177,-384692.85,-1193843.1,1024,512,0.15,153.6,76.8,L0_1024_s512,1,page_00001
-384692.85,-1193766.3,176,-384692.85,-1193766.3,1024,512,0.15,153.6,76.8,L0_1024_s512,1,page_00001
-384692.85,-1193689.5,175,-384692.85,-1193689.5,1024,512,0.15,153.6,76.8,L0_1024_s512,1,page_00001
-384692.85,-1193612.7,174,-384692.85,-1193612.7,1024,512,0.15,153.6,76.8,L0_1024_s512,1,page_00001
-384692.85,-1193535.9,173,-384692.85,-1193535.9,1024,512,0.15,153.6,76.8,L0_1024_s512,1,page_00001
-384692.85,-1193459.1,172,-384692.85,-1193459.1,1024,512,0.15,153.6,76.8,L0_1024_s512,1,page_00001
-384692.85,-1193382.3,171,-384692.85,-1193382.3,1024,512,0.15,153.6,76.8,L0_1024_s512,1,page_00001
-384692.85,-1193305.5,170,-384692.85,-1193305.5,1024,512,0.15,153.6,76.8,L0_1024_s512,1,page_00001
-384692.85,-1193228.7,169,-384692.85,-1193228.7,1024,512,0.15,153.6,76.8,L0_1024_s512,1,page_00001
-384692.85,-1193151.9,168,-384692.85,-1193151.9,1024,512,0.15,153.6,76.8,L0_1024_s512,1,page_00001
-384692.85,-1193075.1,167,-384692.85,-1193075.1,1024,512,0.15,153.6,76.8,L0_1024_s512,1,page_00001
-384692.85,-1192998.3,166,-384692.85,-1192998.3,1024,512,0.15,153.6,76.8,L0_1024_s512,1,page_00001
-384616.05,-1192614.3,212,-384616.05,-1192614.3,1024,512,0.15,153.6,76.8,L0_1024_s512,1,page_00001
-384616.05,-1192691.1,213,-384616.05,-1192691.1,1024,512,0.15,153.6,76.8,L0_1024_s512,1,page_00001
-384616.05,-1192767.9,214,-384616.05,-1192767.9,1024,512,0.15,153.6,76.8,L0_1024_s512,1,page_00001
-384616.05,-1192844.7,215,-384616.05,-1192844.7,1024,512,0.15,153.6,76.8,L0_1024_s512,1,page_00001
-384616.05,-1192921.5,216,-384616.05,-1192921.5,1024,512,0.15,153.6,76.8,L0_1024_s512,1,page_00001
-384616.05,-1192998.3,217,-384616.05,-1192998.3,1024,512,0.15,153.6,76.8,L0_1024_s512,1,page_00001
-384616.05,-1193075.1,218,-384616.05,-1193075.1,1024,512,0.15,153.6,76.8,L0_1024_s512,1,page_00001
-384616.05,-1193151.9,219,-384616.05,-1193151.9,1024,512,0.15,153.6,76.8,L0_1024_s512,1,page_00001
-384616.05,-1193228.7,220,-384616.05,-1193228.7,1024,512,0.15,153.6,76.8,L0_1024_s512,1,page_00001
-384616.05,-1193305.5,221,-384616.05,-1193305.5,1024,512,0.15,153.6,76.8,L0_1024_s512,1,page_00001
-384616.05,-1193382.3,222,-384616.05,-1193382.3,1024,512,0.15,153.6,76.8,L0_1024_s512,1,page_00001
-384616.05,-1193459.1,223,-384616.05,-1193459.1,1024,512,0.15,153.6,76.8,L0_1024_s512,1,page_00001
-384616.05,-1193535.9,224,-384616.05,-1193535.9,1024,512,0.15,153.6,76.8,L0_1024_s512,1,page_00001
-384616.05,-1193612.7,225,-384616.05,-1193612.7,1024,512,0.15,153.6,76.8,L0_1024_s512,1,page_00001
-384616.05,-1193689.5,226,-384616.05,-1193689.5,1024,512,0.15,153.6,76.8,L0_1024_s512,1,page_00001
-384616.05,-1193766.3,227,-384616.05,-1193766.3,1024,512,0.15,153.6,76.8,L0_1024_s512,1,page_00001
-384616.05,-1193843.1,228,-384616.05,-1193843.1,1024,512,0.15,153.6,76.8,L0_1024_s512,1,page_00001
-384616.05,-1193919.9,229,-384616.05,-1193919.9,1024,512,0.15,153.6,76.8,L0_1024_s512,1,page_00001
-384616.05,-1193996.7,230,-384616.05,-1193996.7,1024,512,0.15,153.6,76.8,L0_1024_s512,1,page_00001
-384539.25,-1193996.7,281,-384539.25,-1193996.7,1024,512,0.15,153.6,76.8,L0_1024_s512,1,page_00001
-384539.25,-1193919.9,280,-384539.25,-1193919.9,1024,512,0.15,153.6,76.8,L0_1024_s512,1,page_00001
-384539.25,-1193843.1,279,-384539.25,-1193843.1,1024,512,0.15,153.6,76.8,L0_1024_s512,1,page_00001
-384539.25,-1193766.3,278,-384539.25,-1193766.3,1024,512,0.15,153.6,76.8,L0_1024_s512,1,page_00001
-384539.25,-1193689.5,277,-384539.25,-1193689.5,1024,512,0.15,153.6,76.8,L0_1024_s512,1,page_00001
-384539.25,-1193612.7,276,-384539.25,-1193612.7,1024,512,0.15,153.6,76.8,L0_1024_s512,1,page_00001
-384539.25,-1193535.9,275,-384539.25,-1193535.9,1024,512,0.15,153.6,76.8,L0_1024_s512,1,page_00001
-384539.25,-1193459.1,274,-384539.25,-1193459.1,1024,512,0.15,153.6,76.8,L0_1024_s512,1,page_00001
-384539.25,-1193382.3,273,-384539.25,-1193382.3,1024,512,0.15,153.6,76.8,L0_1024_s512,1,page_00001
-384539.25,-1193305.5,272,-384539.25,-1193305.5,1024,512,0.15,153.6,76.8,L0_1024_s512,1,page_00001
-384539.25,-1193228.7,271,-384539.25,-1193228.7,1024,512,0.15,153.6,76.8,L0_1024_s512,1,page_00001
-384539.25,-1193151.9,270,-384539.25,-1193151.9,1024,512,0.15,153.6,76.8,L0_1024_s512,1,page_00001
-384539.25,-1193075.1,269,-384539.25,-1193075.1,1024,512,0.15,153.6,76.8,L0_1024_s512,1,page_00001
-384539.25,-1192998.3,268,-384539.25,-1192998.3,1024,512,0.15,153.6,76.8,L0_1024_s512,1,page_00001
-384539.25,-1192921.5,267,-384539.25,-1192921.5,1024,512,0.15,153.6,76.8,L0_1024_s512,1,page_00001
-384539.25,-1192844.7,266,-384539.25,-1192844.7,1024,512,0.15,153.6,76.8,L0_1024_s512,1,page_00001
-384539.25,-1192767.9,265,-384539.25,-1192767.9,1024,512,0.15,153.6,76.8,L0_1024_s512,1,page_00001
-384539.25,-1192691.1,264,-384539.25,-1192691.1,1024,512,0.15,153.6,76.8,L0_1024_s512,1,page_00001
-384539.25,-1192614.3,263,-384539.25,-1192614.3,1024,512,0.15,153.6,76.8,L0_1024_s512,1,page_00001
-384462.45,-1192383.9,311,-384462.45,-1192383.9,1024,512,0.15,153.6,76.8,L0_1024_s512,1,page_00001
-384462.45,-1192460.7,312,-384462.45,-1192460.7,1024,512,0.15,153.6,76.8,L0_1024_s512,1,page_00001
-384462.45,-1192537.5,313,-384462.45,-1192537.5,1024,512,0.15,153.6,76.8,L0_1024_s512,1,page_00001
-384462.45,-1192614.3,314,-384462.45,-1192614.3,1024,512,0.15,153.6,76.8,L0_1024_s512,1,page_00001
-384462.45,-1192691.1,315,-384462.45,-1192691.1,1024,512,0.15,153.6,76.8,L0_1024_s512,1,page_00001
-384462.45,-1192767.9,316,-384462.45,-1192767.9,1024,512,0.15,153.6,76.8,L0_1024_s512,1,page_00001
-384462.45,-1192844.7,317,-384462.45,-1192844.7,1024,512,0.15,153.6,76.8,L0_1024_s512,1,page_00001
-384462.45,-1192921.5,318,-384462.45,-1192921.5,1024,512,0.15,153.6,76.8,L0_1024_s512,1,page_00001
-384462.45,-1192998.3,319,-384462.45,-1192998.3,1024,512,0.15,153.6,76.8,L0_1024_s512,1,page_00001
-384462.45,-1193075.1,320,-384462.45,-1193075.1,1024,512,0.15,153.6,76.8,L0_1024_s512,1,page_00001
-384462.45,-1193151.9,321,-384462.45,-1193151.9,1024,512,0.15,153.6,76.8,L0_1024_s512,1,page_00001
-384462.45,-1193228.7,322,-384462.45,-1193228.7,1024,512,0.15,153.6,76.8,L0_1024_s512,1,page_00001
-384462.45,-1193305.5,323,-384462.45,-1193305.5,1024,512,0.15,153.6,76.8,L0_1024_s512,1,page_00001
-384462.45,-1193382.3,324,-384462.45,-1193382.3,1024,512,0.15,153.6,76.8,L0_1024_s512,1,page_00001
-384462.45,-1193459.1,325,-384462.45,-1193459.1,1024,512,0.15,153.6,76.8,L0_1024_s512,1,page_00001
-384462.45,-1193535.9,326,-384462.45,-1193535.9,1024,512,0.15,153.6,76.8,L0_1024_s512,1,page_00001
-384462.45,-1193612.7,327,-384462.45,-1193612.7,1024,512,0.15,153.6,76.8,L0_1024_s512,1,page_00001
-384462.45,-1193689.5,328,-384462.45,-1193689.5,1024,512,0.15,153.6,76.8,L0_1024_s512,1,page_00001
-384462.45,-1193766.3,329,-384462.45,-1193766.3,1024,512,0.15,153.6,76.8,L0_1024_s512,1,page_00001
-384462.45,-1193843.1,330,-384462.45,-1193843.1,1024,512,0.15,153.6,76.8,L0_1024_s512,1,page_00001
-384462.45,-1193919.9,331,-384462.45,-1193919.9,1024,512,0.15,153.6,76.8,L0_1024_s512,1,page_00001
-384462.45,-1193996.7,332,-384462.45,-1193996.7,1024,512,0.15,153.6,76.8,L0_1024_s512,1,page_00001
-384385.65,-1192383.9,362,-384385.65,-1192383.9,1024,512,0.15,153.6,76.8,L0_1024_s512,1,page_00001
-384385.65,-1192460.7,363,-384385.65,-1192460.7,1024,512,0.15,153.6,76.8,L0_1024_s512,1,page_00001
-384385.65,-1192537.5,364,-384385.65,-1192537.5,1024,512,0.15,153.6,76.8,L0_1024_s512,1,page_00001
-384385.65,-1192614.3,365,-384385.65,-1192614.3,1024,512,0.15,153.6,76.8,L0_1024_s512,1,page_00001
-384385.65,-1192691.1,366,-384385.65,-1192691.1,1024,512,0.15,153.6,76.8,L0_1024_s512,1,page_00001
-384385.65,-1192767.9,367,-384385.65,-1192767.9,1024,512,0.15,153.6,76.8,L0_1024_s512,1,page_00001
-384385.65,-1192844.7,368,-384385.65,-1192844.7,1024,512,0.15,153.6,76.8,L0_1024_s512,1,page_00001
-384385.65,-1192921.5,369,-384385.65,-1192921.5,1024,512,0.15,153.6,76.8,L0_1024_s512,1,page_00001
-384385.65,-1192998.3,370,-384385.65,-1192998.3,1024,512,0.15,153.6,76.8,L0_1024_s512,1,page_00001
-384385.65,-1193075.1,371,-384385.65,-1193075.1,1024,512,0.15,153.6,76.8,L0_1024_s512,1,page_00001
-384385.65,-1193151.9,372,-384385.65,-1193151.9,1024,512,0.15,153.6,76.8,L0_1024_s512,1,page_00001
-384385.65,-1193228.7,373,-384385.65,-1193228.7,1024,512,0.15,153.6,76.8,L0_1024_s512,1,page_00001
-384385.65,-1193305.5,374,-384385.65,-1193305.5,1024,512,0.15,153.6,76.8,L0_1024_s512,1,page_00001
-384385.65,-1193382.3,375,-384385.65,-1193382.3,1024,512,0.15,153.6,76.8,L0_1024_s512,1,page_00001
-384385.65,-1193459.1,376,-384385.65,-1193459.1,1024,512,0.15,153.6,76.8,L0_1024_s512,1,page_00001
-384385.65,-1193535.9,377,-384385.65,-1193535.9,1024,512,0.15,153.6,76.8,L0_1024_s512,1,page_00001
-384385.65,-1193612.7,378,-384385.65,-1193612.7,1024,512,0.15,153.6,76.8,L0_1024_s512,1,page_00001
-384385.65,-1193689.5,379,-384385.65,-1193689.5,1024,512,0.15,153.6,76.8,L0_1024_s512,1,page_00001
-384385.65,-1193766.3,380,-384385.65,-1193766.3,1024,512,0.15,153.6,76.8,L0_1024_s512,1,page_00001
-384385.65,-1193843.1,381,-384385.65,-1193843.1,1024,512,0.15,153.6,76.8,L0_1024_s512,1,page_00001
-384385.65,-1193919.9,382,-384385.65,-1193919.9,1024,512,0.15,153.6,76.8,L0_1024_s512,1,page_00001
-384385.65,-1193996.7,383,-384385.65,-1193996.7,1024,512,0.15,153.6,76.8,L0_1024_s512,1,page_00001
-384308.85,-1192383.9,413,-384308.85,-1192383.9,1024,512,0.15,153.6,76.8,L0_1024_s512,1,page_00001
-384308.85,-1192460.7,414,-384308.85,-1192460.7,1024,512,0.15,153.6,76.8,L0_1024_s512,1,page_00001
-384308.85,-1192537.5,415,-384308.85,-1192537.5,1024,512,0.15,153.6,76.8,L0_1024_s512,1,page_00001
-384308.85,-1192614.3,416,-384308.85,-1192614.3,1024,512,0.15,153.6,76.8,L0_1024_s512,1,page_00001
-384308.85,-1192691.1,417,-384308.85,-1192691.1,1024,512,0.15,153.6,76.8,L0_1024_s512,1,page_00001
-384308.85,-1192767.9,418,-384308.85,-1192767.9,1024,512,0.15,153.6,76.8,L0_1024_s512,1,page_00001
-384308.85,-1192844.7,419,-384308.85,-1192844.7,1024,512,0.15,153.6,76.8,L0_1024_s512,1,page_00001
-384308.85,-1192921.5,420,-384308.85,-1192921.5,1024,512,0.15,153.6,76.8,L0_1024_s512,1,page_00001
-384308.85,-1192998.3,421,-384308.85,-1192998.3,1024,512,0.15,153.6,76.8,L0_1024_s512,1,page_00001
-384308.85,-1193075.1,422,-384308.85,-1193075.1,1024,512,0.15,153.6,76.8,L0_1024_s512,1,page_00001
-384308.85,-1193151.9,423,-384308.85,-1193151.9,1024,512,0.15,153.6,76.8,L0_1024_s512,1,page_00001
-384308.85,-1193228.7,424,-384308.85,-1193228.7,1024,512,0.15,153.6,76.8,L0_1024_s512,1,page_00001
-384308.85,-1193305.5,425,-384308.85,-1193305.5,1024,512,0.15,153.6,76.8,L0_1024_s512,1,page_00001
-384308.85,-1193382.3,426,-384308.85,-1193382.3,1024,512,0.15,153.6,76.8,L0_1024_s512,1,page_00001
-384308.85,-1193459.1,427,-384308.85,-1193459.1,1024,512,0.15,153.6,76.8,L0_1024_s512,1,page_00001
-384308.85,-1193535.9,428,-384308.85,-1193535.9,1024,512,0.15,153.6,76.8,L0_1024_s512,1,page_00001
-384308.85,-1193612.7,429,-384308.85,-1193612.7,1024,512,0.15,153.6,76.8,L0_1024_s512,1,page_00001
-384308.85,-1193689.5,430,-384308.85,-1193689.5,1024,512,0.15,153.6,76.8,L0_1024_s512,1,page_00001
-384308.85,-1193766.3,431,-384308.85,-1193766.3,1024,512,0.15,153.6,76.8,L0_1024_s512,1,page_00001
-384308.85,-1193843.1,432,-384308.85,-1193843.1,1024,512,0.15,153.6,76.8,L0_1024_s512,1,page_00001
-384308.85,-1193919.9,433,-384308.85,-1193919.9,1024,512,0.15,153.6,76.8,L0_1024_s512,1,page_00001
-384308.85,-1193996.7,434,-384308.85,-1193996.7,1024,512,0.15,153.6,76.8,L0_1024_s512,1,page_00001
-384308.85,-1192307.1,412,-384308.85,-1192307.1,1024,512,0.15,153.6,76.8,L0_1024_s512,1,page_00001
-384308.85,-1192230.3,411,-384308.85,-1192230.3,1024,512,0.15,153.6,76.8,L0_1024_s512,1,page_00001
-384308.85,-1192153.5,410,-384308.85,-1192153.5,1024,512,0.15,153.6,76.8,L0_1024_s512,1,page_00001
-384308.85,-1192076.7,409,-384308.85,-1192076.7,1024,512,0.15,153.6,76.8,L0_1024_s512,1,page_00001
-384232.05,-1192307.1,463,-384232.05,-1192307.1,1024,512,0.15,153.6,76.8,L0_1024_s512,1,page_00001
-384232.05,-1192230.3,462,-384232.05,-1192230.3,1024,512,0.15,153.6,76.8,L0_1024_s512,1,page_00001
-384232.05,-1192153.5,461,-384232.05,-1192153.5,1024,512,0.15,153.6,76.8,L0_1024_s512,1,page_00001
-384232.05,-1192076.7,460,-384232.05,-1192076.7,1024,512,0.15,153.6,76.8,L0_1024_s512,1,page_00001
-384155.25,-1192307.1,514,-384155.25,-1192307.1,1024,512,0.15,153.6,76.8,L0_1024_s512,1,page_00001
-384155.25,-1192230.3,513,-384155.25,-1192230.3,1024,512,0.15,153.6,76.8,L0_1024_s512,1,page_00001
-384155.25,-1192153.5,512,-384155.25,-1192153.5,1024,512,0.15,153.6,76.8,L0_1024_s512,1,page_00001
-384155.25,-1192076.7,511,-384155.25,-1192076.7,1024,512,0.15,153.6,76.8,L0_1024_s512,1,page_00001
-384078.45,-1192383.9,566,-384078.45,-1192383.9,1024,512,0.15,153.6,76.8,L0_1024_s512,1,page_00001
-384078.45,-1192307.1,565,-384078.45,-1192307.1,1024,512,0.15,153.6,76.8,L0_1024_s512,1,page_00001
-384078.45,-1192230.3,564,-384078.45,-1192230.3,1024,512,0.15,153.6,76.8,L0_1024_s512,1,page_00001
-384078.45,-1192153.5,563,-384078.45,-1192153.5,1024,512,0.15,153.6,76.8,L0_1024_s512,1,page_00001
-384078.45,-1192076.7,562,-384078.45,-1192076.7,1024,512,0.15,153.6,76.8,L0_1024_s512,1,page_00001
-384001.65,-1192307.1,616,-384001.65,-1192307.1,1024,512,0.15,153.6,76.8,L0_1024_s512,1,page_00001
-384001.65,-1192383.9,617,-384001.65,-1192383.9,1024,512,0.15,153.6,76.8,L0_1024_s512,1,page_00001
-384001.65,-1192230.3,615,-384001.65,-1192230.3,1024,512,0.15,153.6,76.8,L0_1024_s512,1,page_00001
-384001.65,-1192153.5,614,-384001.65,-1192153.5,1024,512,0.15,153.6,76.8,L0_1024_s512,1,page_00001
-384001.65,-1192076.7,613,-384001.65,-1192076.7,1024,512,0.15,153.6,76.8,L0_1024_s512,1,page_00001
-384232.05,-1192383.9,464,-384232.05,-1192383.9,1024,512,0.15,153.6,76.8,L0_1024_s512,1,page_00001
-384232.05,-1192460.7,465,-384232.05,-1192460.7,1024,512,0.15,153.6,76.8,L0_1024_s512,1,page_00001
-384232.05,-1192537.5,466,-384232.05,-1192537.5,1024,512,0.15,153.6,76.8,L0_1024_s512,1,page_00001
-384232.05,-1192614.3,467,-384232.05,-1192614.3,1024,512,0.15,153.6,76.8,L0_1024_s512,1,page_00001
-384232.05,-1192691.1,468,-384232.05,-1192691.1,1024,512,0.15,153.6,76.8,L0_1024_s512,1,page_00001
-384232.05,-1192767.9,469,-384232.05,-1192767.9,1024,512,0.15,153.6,76.8,L0_1024_s512,1,page_00001
-384232.05,-1192844.7,470,-384232.05,-1192844.7,1024,512,0.15,153.6,76.8,L0_1024_s512,1,page_00001
-384232.05,-1192921.5,471,-384232.05,-1192921.5,1024,512,0.15,153.6,76.8,L0_1024_s512,1,page_00001
-384232.05,-1192998.3,472,-384232.05,-1192998.3,1024,512,0.15,153.6,76.8,L0_1024_s512,1,page_00001
-384232.05,-1193075.1,473,-384232.05,-1193075.1,1024,512,0.15,153.6,76.8,L0_1024_s512,1,page_00001
-384232.05,-1193151.9,474,-384232.05,-1193151.9,1024,512,0.15,153.6,76.8,L0_1024_s512,1,page_00001
-384232.05,-1193228.7,475,-384232.05,-1193228.7,1024,512,0.15,153.6,76.8,L0_1024_s512,1,page_00001
-384232.05,-1193305.5,476,-384232.05,-1193305.5,1024,512,0.15,153.6,76.8,L0_1024_s512,1,page_00001
-384232.05,-1193382.3,477,-384232.05,-1193382.3,1024,512,0.15,153.6,76.8,L0_1024_s512,1,page_00001
-384232.05,-1193459.1,478,-384232.05,-1193459.1,1024,512,0.15,153.6,76.8,L0_1024_s512,1,page_00001
-384232.05,-1193535.9,479,-384232.05,-1193535.9,1024,512,0.15,153.6,76.8,L0_1024_s512,1,page_00001
-384232.05,-1193612.7,480,-384232.05,-1193612.7,1024,512,0.15,153.6,76.8,L0_1024_s512,1,page_00001
-384232.05,-1193689.5,481,-384232.05,-1193689.5,1024,512,0.15,153.6,76.8,L0_1024_s512,1,page_00001
-384232.05,-1193766.3,482,-384232.05,-1193766.3,1024,512,0.15,153.6,76.8,L0_1024_s512,1,page_00001
-384232.05,-1193843.1,483,-384232.05,-1193843.1,1024,512,0.15,153.6,76.8,L0_1024_s512,1,page_00001
-384232.05,-1193919.9,484,-384232.05,-1193919.9,1024,512,0.15,153.6,76.8,L0_1024_s512,1,page_00001
-384232.05,-1193996.7,485,-384232.05,-1193996.7,1024,512,0.15,153.6,76.8,L0_1024_s512,1,page_00001
-384155.25,-1192383.9,515,-384155.25,-1192383.9,1024,512,0.15,153.6,76.8,L0_1024_s512,1,page_00001
-384155.25,-1192460.7,516,-384155.25,-1192460.7,1024,512,0.15,153.6,76.8,L0_1024_s512,1,page_00001
-384155.25,-1192537.5,517,-384155.25,-1192537.5,1024,512,0.15,153.6,76.8,L0_1024_s512,1,page_00001
-384155.25,-1192614.3,518,-384155.25,-1192614.3,1024,512,0.15,153.6,76.8,L0_1024_s512,1,page_00001
-384155.25,-1192691.1,519,-384155.25,-1192691.1,1024,512,0.15,153.6,76.8,L0_1024_s512,1,page_00001
-384155.25,-1192767.9,520,-384155.25,-1192767.9,1024,512,0.15,153.6,76.8,L0_1024_s512,1,page_00001
-384155.25,-1192844.7,521,-384155.25,-1192844.7,1024,512,0.15,153.6,76.8,L0_1024_s512,1,page_00001
-384155.25,-1192921.5,522,-384155.25,-1192921.5,1024,512,0.15,153.6,76.8,L0_1024_s512,1,page_00001
-384155.25,-1192998.3,523,-384155.25,-1192998.3,1024,512,0.15,153.6,76.8,L0_1024_s512,1,page_00001
-384155.25,-1193075.1,524,-384155.25,-1193075.1,1024,512,0.15,153.6,76.8,L0_1024_s512,1,page_00001
-384155.25,-1193151.9,525,-384155.25,-1193151.9,1024,512,0.15,153.6,76.8,L0_1024_s512,1,page_00001
-384155.25,-1193228.7,526,-384155.25,-1193228.7,1024,512,0.15,153.6,76.8,L0_1024_s512,1,page_00001
-384155.25,-1193305.5,527,-384155.25,-1193305.5,1024,512,0.15,153.6,76.8,L0_1024_s512,1,page_00001
-384155.25,-1193382.3,528,-384155.25,-1193382.3,1024,512,0.15,153.6,76.8,L0_1024_s512,1,page_00001
-384155.25,-1193459.1,529,-384155.25,-1193459.1,1024,512,0.15,153.6,76.8,L0_1024_s512,1,page_00001
-384155.25,-1193535.9,530,-384155.25,-1193535.9,1024,512,0.15,153.6,76.8,L0_1024_s512,1,page_00001
-384155.25,-1193612.7,531,-384155.25,-1193612.7,1024,512,0.15,153.6,76.8,L0_1024_s512,1,page_00001
-384155.25,-1193689.5,532,-384155.25,-1193689.5,1024,512,0.15,153.6,76.8,L0_1024_s512,1,page_00001
-384155.25,-1193766.3,533,-384155.25,-1193766.3,1024,512,0.15,153.6,76.8,L0_1024_s512,1,page_00001
-384155.25,-1193843.1,534,-384155.25,-1193843.1,1024,512,0.15,153.6,76.8,L0_1024_s512,1,page_00001
-384155.25,-1193919.9,535,-384155.25,-1193919.9,1024,512,0.15,153.6,76.8,L0_1024_s512,1,page_00001
-384155.25,-1193996.7,536,-384155.25,-1193996.7,1024,512,0.15,153.6,76.8,L0_1024_s512,1,page_00001
-384078.45,-1192460.7,567,-384078.45,-1192460.7,1024,512,0.15,153.6,76.8,L0_1024_s512,1,page_00001
-384078.45,-1192537.5,568,-384078.45,-1192537.5,1024,512,0.15,153.6,76.8,L0_1024_s512,1,page_00001
-384078.45,-1192614.3,569,-384078.45,-1192614.3,1024,512,0.15,153.6,76.8,L0_1024_s512,1,page_00001
-384078.45,-1192691.1,570,-384078.45,-1192691.1,1024,512,0.15,153.6,76.8,L0_1024_s512,1,page_00001
-384078.45,-1192767.9,571,-384078.45,-1192767.9,1024,512,0.15,153.6,76.8,L0_1024_s512,1,page_00001
-384078.45,-1192844.7,572,-384078.45,-1192844.7,1024,512,0.15,153.6,76.8,L0_1024_s512,1,page_00001
-384078.45,-1192921.5,573,-384078.45,-1192921.5,1024,512,0.15,153.6,76.8,L0_1024_s512,1,page_00001
-384078.45,-1192998.3,574,-384078.45,-1192998.3,1024,512,0.15,153.6,76.8,L0_1024_s512,1,page_00001
-384078.45,-1193075.1,575,-384078.45,-1193075.1,1024,512,0.15,153.6,76.8,L0_1024_s512,1,page_00001
-384078.45,-1193151.9,576,-384078.45,-1193151.9,1024,512,0.15,153.6,76.8,L0_1024_s512,1,page_00001
-384078.45,-1193228.7,577,-384078.45,-1193228.7,1024,512,0.15,153.6,76.8,L0_1024_s512,1,page_00001
-384078.45,-1193305.5,578,-384078.45,-1193305.5,1024,512,0.15,153.6,76.8,L0_1024_s512,1,page_00001
-384078.45,-1193382.3,579,-384078.45,-1193382.3,1024,512,0.15,153.6,76.8,L0_1024_s512,1,page_00001
-384078.45,-1193459.1,580,-384078.45,-1193459.1,1024,512,0.15,153.6,76.8,L0_1024_s512,1,page_00001
-384078.45,-1193535.9,581,-384078.45,-1193535.9,1024,512,0.15,153.6,76.8,L0_1024_s512,1,page_00001
-384078.45,-1193612.7,582,-384078.45,-1193612.7,1024,512,0.15,153.6,76.8,L0_1024_s512,1,page_00001
-384078.45,-1193689.5,583,-384078.45,-1193689.5,1024,512,0.15,153.6,76.8,L0_1024_s512,1,page_00001
-384078.45,-1193766.3,584,-384078.45,-1193766.3,1024,512,0.15,153.6,76.8,L0_1024_s512,1,page_00001
-384078.45,-1193843.1,585,-384078.45,-1193843.1,1024,512,0.15,153.6,76.8,L0_1024_s512,1,page_00001
-384078.45,-1193919.9,586,-384078.45,-1193919.9,1024,512,0.15,153.6,76.8,L0_1024_s512,1,page_00001
-384078.45,-1193996.7,587,-384078.45,-1193996.7,1024,512,0.15,153.6,76.8,L0_1024_s512,1,page_00001
-384001.65,-1193996.7,638,-384001.65,-1193996.7,1024,512,0.15,153.6,76.8,L0_1024_s512,1,page_00001
-384001.65,-1193919.9,637,-384001.65,-1193919.9,1024,512,0.15,153.6,76.8,L0_1024_s512,1,page_00001
-384001.65,-1193843.1,636,-384001.65,-1193843.1,1024,512,0.15,153.6,76.8,L0_1024_s512,1,page_00001
-384001.65,-1193766.3,635,-384001.65,-1193766.3,1024,512,0.15,153.6,76.8,L0_1024_s512,1,page_00001
-384001.65,-1193689.5,634,-384001.65,-1193689.5,1024,512,0.15,153.6,76.8,L0_1024_s512,1,page_00001
-384001.65,-1193612.7,633,-384001.65,-1193612.7,1024,512,0.15,153.6,76.8,L0_1024_s512,1,page_00001
-384001.65,-1193535.9,632,-384001.65,-1193535.9,1024,512,0.15,153.6,76.8,L0_1024_s512,1,page_00001
-384001.65,-1193459.1,631,-384001.65,-1193459.1,1024,512,0.15,153.6,76.8,L0_1024_s512,1,page_00001
-384001.65,-1193382.3,630,-384001.65,-1193382.3,1024,512,0.15,153.6,76.8,L0_1024_s512,1,page_00001
-384001.65,-1193305.5,629,-384001.65,-1193305.5,1024,512,0.15,153.6,76.8,L0_1024_s512,1,page_00001
-384001.65,-1193228.7,628,-384001.65,-1193228.7,1024,512,0.15,153.6,76.8,L0_1024_s512,1,page_00001
-384001.65,-1193151.9,627,-384001.65,-1193151.9,1024,512,0.15,153.6,76.8,L0_1024_s512,1,page_00001
-384001.65,-1193075.1,626,-384001.65,-1193075.1,1024,512,0.15,153.6,76.8,L0_1024_s512,1,page_00001
-384001.65,-1192998.3,625,-384001.65,-1192998.3,1024,512,0.15,153.6,76.8,L0_1024_s512,1,page_00001
-384001.65,-1192921.5,624,-384001.65,-1192921.5,1024,512,0.15,153.6,76.8,L0_1024_s512,1,page_00001
-384001.65,-1192844.7,623,-384001.65,-1192844.7,1024,512,0.15,153.6,76.8,L0_1024_s512,1,page_00001
-384001.65,-1192767.9,622,-384001.65,-1192767.9,1024,512,0.15,153.6,76.8,L0_1024_s512,1,page_00001
-384001.65,-1192691.1,621,-384001.65,-1192691.1,1024,512,0.15,153.6,76.8,L0_1024_s512,1,page_00001
-384001.65,-1192614.3,620,-384001.65,-1192614.3,1024,512,0.15,153.6,76.8,L0_1024_s512,1,page_00001
-384001.65,-1192537.5,619,-384001.65,-1192537.5,1024,512,0.15,153.6,76.8,L0_1024_s512,1,page_00001
-384001.65,-1192460.7,618,-384001.65,-1192460.7,1024,512,0.15,153.6,76.8,L0_1024_s512,1,page_00001
-383924.85,-1192076.7,664,-383924.85,-1192076.7,1024,512,0.15,153.6,76.8,L0_1024_s512,1,page_00001
-383924.85,-1192153.5,665,-383924.85,-1192153.5,1024,512,0.15,153.6,76.8,L0_1024_s512,1,page_00001
-383924.85,-1192230.3,666,-383924.85,-1192230.3,1024,512,0.15,153.6,76.8,L0_1024_s512,1,page_00001
-383924.85,-1192307.1,667,-383924.85,-1192307.1,1024,512,0.15,153.6,76.8,L0_1024_s512,1,page_00001
-383924.85,-1192383.9,668,-383924.85,-1192383.9,1024,512,0.15,153.6,76.8,L0_1024_s512,1,page_00001
-383924.85,-1192460.7,669,-383924.85,-1192460.7,1024,512,0.15,153.6,76.8,L0_1024_s512,1,page_00001
-383924.85,-1192537.5,670,-383924.85,-1192537.5,1024,512,0.15,153.6,76.8,L0_1024_s512,1,page_00001
-383924.85,-1192614.3,671,-383924.85,-1192614.3,1024,512,0.15,153.6,76.8,L0_1024_s512,1,page_00001
-383924.85,-1192691.1,672,-383924.85,-1192691.1,1024,512,0.15,153.6,76.8,L0_1024_s512,1,page_00001
-383924.85,-1192767.9,673,-383924.85,-1192767.9,1024,512,0.15,153.6,76.8,L0_1024_s512,1,page_00001
-383924.85,-1192844.7,674,-383924.85,-1192844.7,1024,512,0.15,153.6,76.8,L0_1024_s512,1,page_00001
-383924.85,-1192921.5,675,-383924.85,-1192921.5,1024,512,0.15,153.6,76.8,L0_1024_s512,1,page_00001
-383924.85,-1192998.3,676,-383924.85,-1192998.3,1024,512,0.15,153.6,76.8,L0_1024_s512,1,page_00001
-383924.85,-1193075.1,677,-383924.85,-1193075.1,1024,512,0.15,153.6,76.8,L0_1024_s512,1,page_00001
-383924.85,-1193151.9,678,-383924.85,-1193151.9,1024,512,0.15,153.6,76.8,L0_1024_s512,1,page_00001
-383924.85,-1193228.7,679,-383924.85,-1193228.7,1024,512,0.15,153.6,76.8,L0_1024_s512,1,page_00001
-383924.85,-1193305.5,680,-383924.85,-1193305.5,1024,512,0.15,153.6,76.8,L0_1024_s512,1,page_00001
-383924.85,-1193382.3,681,-383924.85,-1193382.3,1024,512,0.15,153.6,76.8,L0_1024_s512,1,page_00001
-383924.85,-1193459.1,682,-383924.85,-1193459.1,1024,512,0.15,153.6,76.8,L0_1024_s512,1,page_00001
-383924.85,-1193535.9,683,-383924.85,-1193535.9,1024,512,0.15,153.6,76.8,L0_1024_s512,1,page_00001
-383924.85,-1193612.7,684,-383924.85,-1193612.7,1024,512,0.15,153.6,76.8,L0_1024_s512,1,page_00001
-383924.85,-1193689.5,685,-383924.85,-1193689.5,1024,512,0.15,153.6,76.8,L0_1024_s512,1,page_00001
-383924.85,-1193766.3,686,-383924.85,-1193766.3,1024,512,0.15,153.6,76.8,L0_1024_s512,1,page_00001
-383924.85,-1193843.1,687,-383924.85,-1193843.1,1024,512,0.15,153.6,76.8,L0_1024_s512,1,page_00001
-383924.85,-1193919.9,688,-383924.85,-1193919.9,1024,512,0.15,153.6,76.8,L0_1024_s512,1,page_00001
-383924.85,-1193996.7,689,-383924.85,-1193996.7,1024,512,0.15,153.6,76.8,L0_1024_s512,1,page_00001
-383848.05,-1192076.7,715,-383848.05,-1192076.7,1024,512,0.15,153.6,76.8,L0_1024_s512,1,page_00001
-383848.05,-1192153.5,716,-383848.05,-1192153.5,1024,512,0.15,153.6,76.8,L0_1024_s512,1,page_00001
-383848.05,-1192230.3,717,-383848.05,-1192230.3,1024,512,0.15,153.6,76.8,L0_1024_s512,1,page_00001
-383848.05,-1192307.1,718,-383848.05,-1192307.1,1024,512,0.15,153.6,76.8,L0_1024_s512,1,page_00001
-383848.05,-1192383.9,719,-383848.05,-1192383.9,1024,512,0.15,153.6,76.8,L0_1024_s512,1,page_00001
-383848.05,-1192460.7,720,-383848.05,-1192460.7,1024,512,0.15,153.6,76.8,L0_1024_s512,1,page_00001
-383848.05,-1192537.5,721,-383848.05,-1192537.5,1024,512,0.15,153.6,76.8,L0_1024_s512,1,page_00001
-383848.05,-1192614.3,722,-383848.05,-1192614.3,1024,512,0.15,153.6,76.8,L0_1024_s512,1,page_00001
-383848.05,-1192691.1,723,-383848.05,-1192691.1,1024,512,0.15,153.6,76.8,L0_1024_s512,1,page_00001
-383848.05,-1192767.9,724,-383848.05,-1192767.9,1024,512,0.15,153.6,76.8,L0_1024_s512,1,page_00001
-383848.05,-1192844.7,725,-383848.05,-1192844.7,1024,512,0.15,153.6,76.8,L0_1024_s512,1,page_00001
-383848.05,-1192921.5,726,-383848.05,-1192921.5,1024,512,0.15,153.6,76.8,L0_1024_s512,1,page_00001
-383848.05,-1192998.3,727,-383848.05,-1192998.3,1024,512,0.15,153.6,76.8,L0_1024_s512,1,page_00001
-383848.05,-1193075.1,728,-383848.05,-1193075.1,1024,512,0.15,153.6,76.8,L0_1024_s512,1,page_00001
-383848.05,-1193151.9,729,-383848.05,-1193151.9,1024,512,0.15,153.6,76.8,L0_1024_s512,1,page_00001
-383848.05,-1193228.7,730,-383848.05,-1193228.7,1024,512,0.15,153.6,76.8,L0_1024_s512,1,page_00001
-383848.05,-1193305.5,731,-383848.05,-1193305.5,1024,512,0.15,153.6,76.8,L0_1024_s512,1,page_00001
-383848.05,-1193382.3,732,-383848.05,-1193382.3,1024,512,0.15,153.6,76.8,L0_1024_s512,1,page_00001
-383848.05,-1193459.1,733,-383848.05,-1193459.1,1024,512,0.15,153.6,76.8,L0_1024_s512,1,page_00001
-383848.05,-1193535.9,734,-383848.05,-1193535.9,1024,512,0.15,153.6,76.8,L0_1024_s512,1,page_00001
-383848.05,-1193612.7,735,-383848.05,-1193612.7,1024,512,0.15,153.6,76.8,L0_1024_s512,1,page_00001
-383848.05,-1193689.5,736,-383848.05,-1193689.5,1024,512,0.15,153.6,76.8,L0_1024_s512,1,page_00001
-383848.05,-1193766.3,737,-383848.05,-1193766.3,1024,512,0.15,153.6,76.8,L0_1024_s512,1,page_00001
-383848.05,-1193843.1,738,-383848.05,-1193843.1,1024,512,0.15,153.6,76.8,L0_1024_s512,1,page_00001
-383848.05,-1193919.9,739,-383848.05,-1193919.9,1024,512,0.15,153.6,76.8,L0_1024_s512,1,page_00001
-383848.05,-1193996.7,740,-383848.05,-1193996.7,1024,512,0.15,153.6,76.8,L0_1024_s512,1,page_00001
-383771.25,-1192076.7,766,-383771.25,-1192076.7,1024,512,0.15,153.6,76.8,L0_1024_s512,1,page_00001
-383771.25,-1192153.5,767,-383771.25,-1192153.5,1024,512,0.15,153.6,76.8,L0_1024_s512,1,page_00001
-383771.25,-1192230.3,768,-383771.25,-1192230.3,1024,512,0.15,153.6,76.8,L0_1024_s512,1,page_00001
-383771.25,-1192307.1,769,-383771.25,-1192307.1,1024,512,0.15,153.6,76.8,L0_1024_s512,1,page_00001
-383771.25,-1192383.9,770,-383771.25,-1192383.9,1024,512,0.15,153.6,76.8,L0_1024_s512,1,page_00001
-383771.25,-1192460.7,771,-383771.25,-1192460.7,1024,512,0.15,153.6,76.8,L0_1024_s512,1,page_00001
-383771.25,-1192537.5,772,-383771.25,-1192537.5,1024,512,0.15,153.6,76.8,L0_1024_s512,1,page_00001
-383771.25,-1192614.3,773,-383771.25,-1192614.3,1024,512,0.15,153.6,76.8,L0_1024_s512,1,page_00001
-383771.25,-1192691.1,774,-383771.25,-1192691.1,1024,512,0.15,153.6,76.8,L0_1024_s512,1,page_00001
-383771.25,-1192767.9,775,-383771.25,-1192767.9,1024,512,0.15,153.6,76.8,L0_1024_s512,1,page_00001
-383771.25,-1192844.7,776,-383771.25,-1192844.7,1024,512,0.15,153.6,76.8,L0_1024_s512,1,page_00001
-383771.25,-1192921.5,777,-383771.25,-1192921.5,1024,512,0.15,153.6,76.8,L0_1024_s512,1,page_00001
-383771.25,-1192998.3,778,-383771.25,-1192998.3,1024,512,0.15,153.6,76.8,L0_1024_s512,1,page_00001
-383771.25,-1193075.1,779,-383771.25,-1193075.1,1024,512,0.15,153.6,76.8,L0_1024_s512,1,page_00001
-383771.25,-1193151.9,780,-383771.25,-1193151.9,1024,512,0.15,153.6,76.8,L0_1024_s512,1,page_00001
-383771.25,-1193228.7,781,-383771.25,-1193228.7,1024,512,0.15,153.6,76.8,L0_1024_s512,1,page_00001
-383771.25,-1193305.5,782,-383771.25,-1193305.5,1024,512,0.15,153.6,76.8,L0_1024_s512,1,page_00001
-383771.25,-1193382.3,783,-383771.25,-1193382.3,1024,512,0.15,153.6,76.8,L0_1024_s512,1,page_00001
-383771.25,-1193459.1,784,-383771.25,-1193459.1,1024,512,0.15,153.6,76.8,L0_1024_s512,1,page_00001
-383771.25,-1193535.9,785,-383771.25,-1193535.9,1024,512,0.15,153.6,76.8,L0_1024_s512,1,page_00001
-383771.25,-1193612.7,786,-383771.25,-1193612.7,1024,512,0.15,153.6,76.8,L0_1024_s512,1,page_00001
-383771.25,-1193689.5,787,-383771.25,-1193689.5,1024,512,0.15,153.6,76.8,L0_1024_s512,1,page_00001
-383771.25,-1193766.3,788,-383771.25,-1193766.3,1024,512,0.15,153.6,76.8,L0_1024_s512,1,page_00001
-383771.25,-1193843.1,789,-383771.25,-1193843.1,1024,512,0.15,153.6,76.8,L0_1024_s512,1,page_00001
-383771.25,-1193919.9,790,-383771.25,-1193919.9,1024,512,0.15,153.6,76.8,L0_1024_s512,1,page_00001
-383771.25,-1193996.7,791,-383771.25,-1193996.7,1024,512,0.15,153.6,76.8,L0_1024_s512,1,page_00001
-383694.45,-1192076.7,817,-383694.45,-1192076.7,1024,512,0.15,153.6,76.8,L0_1024_s512,1,page_00001
-383694.45,-1192153.5,818,-383694.45,-1192153.5,1024,512,0.15,153.6,76.8,L0_1024_s512,1,page_00001
-383694.45,-1192230.3,819,-383694.45,-1192230.3,1024,512,0.15,153.6,76.8,L0_1024_s512,1,page_00001
-383694.45,-1192307.1,820,-383694.45,-1192307.1,1024,512,0.15,153.6,76.8,L0_1024_s512,1,page_00001
-383694.45,-1192383.9,821,-383694.45,-1192383.9,1024,512,0.15,153.6,76.8,L0_1024_s512,1,page_00001
-383694.45,-1192460.7,822,-383694.45,-1192460.7,1024,512,0.15,153.6,76.8,L0_1024_s512,1,page_00001
-383694.45,-1192537.5,823,-383694.45,-1192537.5,1024,512,0.15,153.6,76.8,L0_1024_s512,1,page_00001
-383694.45,-1192614.3,824,-383694.45,-1192614.3,1024,512,0.15,153.6,76.8,L0_1024_s512,1,page_00001
-383694.45,-1192691.1,825,-383694.45,-1192691.1,1024,512,0.15,153.6,76.8,L0_1024_s512,1,page_00001
-383694.45,-1192767.9,826,-383694.45,-1192767.9,1024,512,0.15,153.6,76.8,L0_1024_s512,1,page_00001
-383694.45,-1192844.7,827,-383694.45,-1192844.7,1024,512,0.15,153.6,76.8,L0_1024_s512,1,page_00001
-383694.45,-1192921.5,828,-383694.45,-1192921.5,1024,512,0.15,153.6,76.8,L0_1024_s512,1,page_00001
-383694.45,-1192998.3,829,-383694.45,-1192998.3,1024,512,0.15,153.6,76.8,L0_1024_s512,1,page_00001
-383694.45,-1193075.1,830,-383694.45,-1193075.1,1024,512,0.15,153.6,76.8,L0_1024_s512,1,page_00001
-383694.45,-1193151.9,831,-383694.45,-1193151.9,1024,512,0.15,153.6,76.8,L0_1024_s512,1,page_00001
-383694.45,-1193228.7,832,-383694.45,-1193228.7,1024,512,0.15,153.6,76.8,L0_1024_s512,1,page_00001
-383694.45,-1193305.5,833,-383694.45,-1193305.5,1024,512,0.15,153.6,76.8,L0_1024_s512,1,page_00001
-383694.45,-1193382.3,834,-383694.45,-1193382.3,1024,512,0.15,153.6,76.8,L0_1024_s512,1,page_00001
-383694.45,-1193459.1,835,-383694.45,-1193459.1,1024,512,0.15,153.6,76.8,L0_1024_s512,1,page_00001
-383694.45,-1193535.9,836,-383694.45,-1193535.9,1024,512,0.15,153.6,76.8,L0_1024_s512,1,page_00001
-383694.45,-1193612.7,837,-383694.45,-1193612.7,1024,512,0.15,153.6,76.8,L0_1024_s512,1,page_00001
-383694.45,-1193689.5,838,-383694.45,-1193689.5,1024,512,0.15,153.6,76.8,L0_1024_s512,1,page_00001
-383694.45,-1193766.3,839,-383694.45,-1193766.3,1024,512,0.15,153.6,76.8,L0_1024_s512,1,page_00001
-383694.45,-1193843.1,840,-383694.45,-1193843.1,1024,512,0.15,153.6,76.8,L0_1024_s512,1,page_00001
-383694.45,-1193919.9,841,-383694.45,-1193919.9,1024,512,0.15,153.6,76.8,L0_1024_s512,1,page_00001
-383694.45,-1193996.7,842,-383694.45,-1193996.7,1024,512,0.15,153.6,76.8,L0_1024_s512,1,page_00001
-383617.65,-1192076.7,868,-383617.65,-1192076.7,1024,512,0.15,153.6,76.8,L0_1024_s512,1,page_00001
-383617.65,-1192153.5,869,-383617.65,-1192153.5,1024,512,0.15,153.6,76.8,L0_1024_s512,1,page_00001
-383617.65,-1192230.3,870,-383617.65,-1192230.3,1024,512,0.15,153.6,76.8,L0_1024_s512,1,page_00001
-383617.65,-1192307.1,871,-383617.65,-1192307.1,1024,512,0.15,153.6,76.8,L0_1024_s512,1,page_00001
-383617.65,-1192383.9,872,-383617.65,-1192383.9,1024,512,0.15,153.6,76.8,L0_1024_s512,1,page_00001
-383617.65,-1192460.7,873,-383617.65,-1192460.7,1024,512,0.15,153.6,76.8,L0_1024_s512,1,page_00001
-383617.65,-1192537.5,874,-383617.65,-1192537.5,1024,512,0.15,153.6,76.8,L0_1024_s512,1,page_00001
-383617.65,-1192614.3,875,-383617.65,-1192614.3,1024,512,0.15,153.6,76.8,L0_1024_s512,1,page_00001
-383617.65,-1192691.1,876,-383617.65,-1192691.1,1024,512,0.15,153.6,76.8,L0_1024_s512,1,page_00001
-383617.65,-1192767.9,877,-383617.65,-1192767.9,1024,512,0.15,153.6,76.8,L0_1024_s512,1,page_00001
-383617.65,-1192844.7,878,-383617.65,-1192844.7,1024,512,0.15,153.6,76.8,L0_1024_s512,1,page_00001
-383617.65,-1192921.5,879,-383617.65,-1192921.5,1024,512,0.15,153.6,76.8,L0_1024_s512,1,page_00001
-383617.65,-1192998.3,880,-383617.65,-1192998.3,1024,512,0.15,153.6,76.8,L0_1024_s512,1,page_00001
-383617.65,-1193075.1,881,-383617.65,-1193075.1,1024,512,0.15,153.6,76.8,L0_1024_s512,1,page_00001
-383617.65,-1193151.9,882,-383617.65,-1193151.9,1024,512,0.15,153.6,76.8,L0_1024_s512,1,page_00001
-383617.65,-1193228.7,883,-383617.65,-1193228.7,1024,512,0.15,153.6,76.8,L0_1024_s512,1,page_00001
-383617.65,-1193305.5,884,-383617.65,-1193305.5,1024,512,0.15,153.6,76.8,L0_1024_s512,1,page_00001
-383617.65,-1193382.3,885,-383617.65,-1193382.3,1024,512,0.15,153.6,76.8,L0_1024_s512,1,page_00001
-383617.65,-1193459.1,886,-383617.65,-1193459.1,1024,512,0.15,153.6,76.8,L0_1024_s512,1,page_00001
-383617.65,-1193535.9,887,-383617.65,-1193535.9,1024,512,0.15,153.6,76.8,L0_1024_s512,1,page_00001
-383617.65,-1193612.7,888,-383617.65,-1193612.7,1024,512,0.15,153.6,76.8,L0_1024_s512,1,page_00001
-383617.65,-1193689.5,889,-383617.65,-1193689.5,1024,512,0.15,153.6,76.8,L0_1024_s512,1,page_00001
-383617.65,-1193766.3,890,-383617.65,-1193766.3,1024,512,0.15,153.6,76.8,L0_1024_s512,1,page_00001
-383617.65,-1193843.1,891,-383617.65,-1193843.1,1024,512,0.15,153.6,76.8,L0_1024_s512,1,page_00001
-383617.65,-1193919.9,892,-383617.65,-1193919.9,1024,512,0.15,153.6,76.8,L0_1024_s512,1,page_00001
-383617.65,-1193996.7,893,-383617.65,-1193996.7,1024,512,0.15,153.6,76.8,L0_1024_s512,1,page_00001
-383540.85,-1192076.7,919,-383540.85,-1192076.7,1024,512,0.15,153.6,76.8,L0_1024_s512,1,page_00001
-383540.85,-1192153.5,920,-383540.85,-1192153.5,1024,512,0.15,153.6,76.8,L0_1024_s512,1,page_00001
-383540.85,-1192230.3,921,-383540.85,-1192230.3,1024,512,0.15,153.6,76.8,L0_1024_s512,1,page_00001
-383540.85,-1192307.1,922,-383540.85,-1192307.1,1024,512,0.15,153.6,76.8,L0_1024_s512,1,page_00001
-383540.85,-1192383.9,923,-383540.85,-1192383.9,1024,512,0.15,153.6,76.8,L0_1024_s512,1,page_00001
-383540.85,-1192460.7,924,-383540.85,-1192460.7,1024,512,0.15,153.6,76.8,L0_1024_s512,1,page_00001
-383540.85,-1192537.5,925,-383540.85,-1192537.5,1024,512,0.15,153.6,76.8,L0_1024_s512,1,page_00001
-383540.85,-1192614.3,926,-383540.85,-1192614.3,1024,512,0.15,153.6,76.8,L0_1024_s512,1,page_00001
-383540.85,-1192691.1,927,-383540.85,-1192691.1,1024,512,0.15,153.6,76.8,L0_1024_s512,1,page_00001
-383540.85,-1192767.9,928,-383540.85,-1192767.9,1024,512,0.15,153.6,76.8,L0_1024_s512,1,page_00001
-383540.85,-1192844.7,929,-383540.85,-1192844.7,1024,512,0.15,153.6,76.8,L0_1024_s512,1,page_00001
-383540.85,-1192921.5,930,-383540.85,-1192921.5,1024,512,0.15,153.6,76.8,L0_1024_s512,1,page_00001
-383540.85,-1192998.3,931,-383540.85,-1192998.3,1024,512,0.15,153.6,76.8,L0_1024_s512,1,page_00001
-383540.85,-1193075.1,932,-383540.85,-1193075.1,1024,512,0.15,153.6,76.8,L0_1024_s512,1,page_00001
-383540.85,-1193151.9,933,-383540.85,-1193151.9,1024,512,0.15,153.6,76.8,L0_1024_s512,1,page_00001
-383540.85,-1193228.7,934,-383540.85,-1193228.7,1024,512,0.15,153.6,76.8,L0_1024_s512,1,page_00001
-383540.85,-1193305.5,935,-383540.85,-1193305.5,1024,512,0.15,153.6,76.8,L0_1024_s512,1,page_00001
-383540.85,-1193382.3,936,-383540.85,-1193382.3,1024,512,0.15,153.6,76.8,L0_1024_s512,1,page_00001
-383540.85,-1193459.1,937,-383540.85,-1193459.1,1024,512,0.15,153.6,76.8,L0_1024_s512,1,page_00001
-383540.85,-1193535.9,938,-383540.85,-1193535.9,1024,512,0.15,153.6,76.8,L0_1024_s512,1,page_00001
-383540.85,-1193612.7,939,-383540.85,-1193612.7,1024,512,0.15,153.6,76.8,L0_1024_s512,1,page_00001
-383540.85,-1193689.5,940,-383540.85,-1193689.5,1024,512,0.15,153.6,76.8,L0_1024_s512,1,page_00001
-383540.85,-1193766.3,941,-383540.85,-1193766.3,1024,512,0.15,153.6,76.8,L0_1024_s512,1,page_00001
-383540.85,-1193843.1,942,-383540.85,-1193843.1,1024,512,0.15,153.6,76.8,L0_1024_s512,1,page_00001
-383540.85,-1193919.9,943,-383540.85,-1193919.9,1024,512,0.15,153.6,76.8,L0_1024_s512,1,page_00001
-383540.85,-1193996.7,944,-383540.85,-1193996.7,1024,512,0.15,153.6,76.8,L0_1024_s512,1,page_00001
-383464.05,-1192076.7,970,-383464.05,-1192076.7,1024,512,0.15,153.6,76.8,L0_1024_s512,1,page_00001
-383464.05,-1192153.5,971,-383464.05,-1192153.5,1024,512,0.15,153.6,76.8,L0_1024_s512,1,page_00001
-383464.05,-1192230.3,972,-383464.05,-1192230.3,1024,512,0.15,153.6,76.8,L0_1024_s512,1,page_00001
-383464.05,-1192307.1,973,-383464.05,-1192307.1,1024,512,0.15,153.6,76.8,L0_1024_s512,1,page_00001
-383464.05,-1192383.9,974,-383464.05,-1192383.9,1024,512,0.15,153.6,76.8,L0_1024_s512,1,page_00001
-383464.05,-1192460.7,975,-383464.05,-1192460.7,1024,512,0.15,153.6,76.8,L0_1024_s512,1,page_00001
-383464.05,-1192537.5,976,-383464.05,-1192537.5,1024,512,0.15,153.6,76.8,L0_1024_s512,1,page_00001
-383464.05,-1192614.3,977,-383464.05,-1192614.3,1024,512,0.15,153.6,76.8,L0_1024_s512,1,page_00001
-383464.05,-1192691.1,978,-383464.05,-1192691.1,1024,512,0.15,153.6,76.8,L0_1024_s512,1,page_00001
-383464.05,-1192767.9,979,-383464.05,-1192767.9,1024,512,0.15,153.6,76.8,L0_1024_s512,1,page_00001
-383464.05,-1192844.7,980,-383464.05,-1192844.7,1024,512,0.15,153.6,76.8,L0_1024_s512,1,page_00001
-383464.05,-1192921.5,981,-383464.05,-1192921.5,1024,512,0.15,153.6,76.8,L0_1024_s512,1,page_00001
-383464.05,-1192998.3,982,-383464.05,-1192998.3,1024,512,0.15,153.6,76.8,L0_1024_s512,1,page_00001
-383464.05,-1193075.1,983,-383464.05,-1193075.1,1024,512,0.15,153.6,76.8,L0_1024_s512,1,page_00001
-383464.05,-1193151.9,984,-383464.05,-1193151.9,1024,512,0.15,153.6,76.8,L0_1024_s512,1,page_00001
-383464.05,-1193228.7,985,-383464.05,-1193228.7,1024,512,0.15,153.6,76.8,L0_1024_s512,1,page_00001
-383464.05,-1193305.5,986,-383464.05,-1193305.5,1024,512,0.15,153.6,76.8,L0_1024_s512,1,page_00001
-383464.05,-1193382.3,987,-383464.05,-1193382.3,1024,512,0.15,153.6,76.8,L0_1024_s512,1,page_00001
-383464.05,-1193459.1,988,-383464.05,-1193459.1,1024,512,0.15,153.6,76.8,L0_1024_s512,1,page_00001
-383464.05,-1193535.9,989,-383464.05,-1193535.9,1024,512,0.15,153.6,76.8,L0_1024_s512,1,page_00001
-383464.05,-1193612.7,990,-383464.05,-1193612.7,1024,512,0.15,153.6,76.8,L0_1024_s512,1,page_00001
-383464.05,-1193689.5,991,-383464.05,-1193689.5,1024,512,0.15,153.6,76.8,L0_1024_s512,1,page_00001
-383464.05,-1193766.3,992,-383464.05,-1193766.3,1024,512,0.15,153.6,76.8,L0_1024_s512,1,page_00001
-383464.05,-1193843.1,993,-383464.05,-1193843.1,1024,512,0.15,153.6,76.8,L0_1024_s512,1,page_00001
-383464.05,-1193919.9,994,-383464.05,-1193919.9,1024,512,0.15,153.6,76.8,L0_1024_s512,1,page_00001
-383464.05,-1193996.7,995,-383464.05,-1193996.7,1024,512,0.15,153.6,76.8,L0_1024_s512,1,page_00001
-383387.25,-1192076.7,1021,-383387.25,-1192076.7,1024,512,0.15,153.6,76.8,L0_1024_s512,1,page_00001
-383387.25,-1192153.5,1022,-383387.25,-1192153.5,1024,512,0.15,153.6,76.8,L0_1024_s512,1,page_00001
-383387.25,-1192230.3,1023,-383387.25,-1192230.3,1024,512,0.15,153.6,76.8,L0_1024_s512,1,page_00001
-383387.25,-1192307.1,1024,-383387.25,-1192307.1,1024,512,0.15,153.6,76.8,L0_1024_s512,1,page_00001
-383387.25,-1192383.9,1025,-383387.25,-1192383.9,1024,512,0.15,153.6,76.8,L0_1024_s512,1,page_00001
-383387.25,-1192460.7,1026,-383387.25,-1192460.7,1024,512,0.15,153.6,76.8,L0_1024_s512,1,page_00001
-383387.25,-1192537.5,1027,-383387.25,-1192537.5,1024,512,0.15,153.6,76.8,L0_1024_s512,1,page_00001
-383387.25,-1192614.3,1028,-383387.25,-1192614.3,1024,512,0.15,153.6,76.8,L0_1024_s512,1,page_00001
-383387.25,-1192691.1,1029,-383387.25,-1192691.1,1024,512,0.15,153.6,76.8,L0_1024_s512,1,page_00001
-383387.25,-1192767.9,1030,-383387.25,-1192767.9,1024,512,0.15,153.6,76.8,L0_1024_s512,1,page_00001
-383387.25,-1192844.7,1031,-383387.25,-1192844.7,1024,512,0.15,153.6,76.8,L0_1024_s512,1,page_00001
-383387.25,-1192921.5,1032,-383387.25,-1192921.5,1024,512,0.15,153.6,76.8,L0_1024_s512,1,page_00001
-383387.25,-1192998.3,1033,-383387.25,-1192998.3,1024,512,0.15,153.6,76.8,L0_1024_s512,1,page_00001
-383387.25,-1193075.1,1034,-383387.25,-1193075.1,1024,512,0.15,153.6,76.8,L0_1024_s512,1,page_00001
-383387.25,-1193151.9,1035,-383387.25,-1193151.9,1024,512,0.15,153.6,76.8,L0_1024_s512,1,page_00001
-383387.25,-1193228.7,1036,-383387.25,-1193228.7,1024,512,0.15,153.6,76.8,L0_1024_s512,1,page_00001
-383387.25,-1193305.5,1037,-383387.25,-1193305.5,1024,512,0.15,153.6,76.8,L0_1024_s512,1,page_00001
-383387.25,-1193382.3,1038,-383387.25,-1193382.3,1024,512,0.15,153.6,76.8,L0_1024_s512,1,page_00001
-383387.25,-1193459.1,1039,-383387.25,-1193459.1,1024,512,0.15,153.6,76.8,L0_1024_s512,1,page_00001
-383387.25,-1193535.9,1040,-383387.25,-1193535.9,1024,512,0.15,153.6,76.8,L0_1024_s512,1,page_00001
-383387.25,-1193612.7,1041,-383387.25,-1193612.7,1024,512,0.15,153.6,76.8,L0_1024_s512,1,page_00001
-383387.25,-1193689.5,1042,-383387.25,-1193689.5,1024,512,0.15,153.6,76.8,L0_1024_s512,1,page_00001
-383387.25,-1193766.3,1043,-383387.25,-1193766.3,1024,512,0.15,153.6,76.8,L0_1024_s512,1,page_00001
-383387.25,-1193843.1,1044,-383387.25,-1193843.1,1024,512,0.15,153.6,76.8,L0_1024_s512,1,page_00001
-383387.25,-1193919.9,1045,-383387.25,-1193919.9,1024,512,0.15,153.6,76.8,L0_1024_s512,1,page_00001
-383387.25,-1193996.7,1046,-383387.25,-1193996.7,1024,512,0.15,153.6,76.8,L0_1024_s512,1,page_00001
-383310.45,-1192076.7,1072,-383310.45,-1192076.7,1024,512,0.15,153.6,76.8,L0_1024_s512,1,page_00001
-383310.45,-1192153.5,1073,-383310.45,-1192153.5,1024,512,0.15,153.6,76.8,L0_1024_s512,1,page_00001
-383310.45,-1192230.3,1074,-383310.45,-1192230.3,1024,512,0.15,153.6,76.8,L0_1024_s512,1,page_00001
-383310.45,-1192307.1,1075,-383310.45,-1192307.1,1024,512,0.15,153.6,76.8,L0_1024_s512,1,page_00001
-383310.45,-1192383.9,1076,-383310.45,-1192383.9,1024,512,0.15,153.6,76.8,L0_1024_s512,1,page_00001
-383310.45,-1192460.7,1077,-383310.45,-1192460.7,1024,512,0.15,153.6,76.8,L0_1024_s512,1,page_00001
-383310.45,-1192537.5,1078,-383310.45,-1192537.5,1024,512,0.15,153.6,76.8,L0_1024_s512,1,page_00001
-383310.45,-1192614.3,1079,-383310.45,-1192614.3,1024,512,0.15,153.6,76.8,L0_1024_s512,1,page_00001
-383310.45,-1192691.1,1080,-383310.45,-1192691.1,1024,512,0.15,153.6,76.8,L0_1024_s512,1,page_00001
-383310.45,-1192767.9,1081,-383310.45,-1192767.9,1024,512,0.15,153.6,76.8,L0_1024_s512,1,page_00001
-383310.45,-1192844.7,1082,-383310.45,-1192844.7,1024,512,0.15,153.6,76.8,L0_1024_s512,1,page_00001
-383310.45,-1192921.5,1083,-383310.45,-1192921.5,1024,512,0.15,153.6,76.8,L0_1024_s512,1,page_00001
-383310.45,-1192998.3,1084,-383310.45,-1192998.3,1024,512,0.15,153.6,76.8,L0_1024_s512,1,page_00001
-383310.45,-1193075.1,1085,-383310.45,-1193075.1,1024,512,0.15,153.6,76.8,L0_1024_s512,1,page_00001
-383310.45,-1193151.9,1086,-383310.45,-1193151.9,1024,512,0.15,153.6,76.8,L0_1024_s512,1,page_00001
-383310.45,-1193228.7,1087,-383310.45,-1193228.7,1024,512,0.15,153.6,76.8,L0_1024_s512,1,page_00001
-383310.45,-1193305.5,1088,-383310.45,-1193305.5,1024,512,0.15,153.6,76.8,L0_1024_s512,1,page_00001
-383310.45,-1193382.3,1089,-383310.45,-1193382.3,1024,512,0.15,153.6,76.8,L0_1024_s512,1,page_00001
-383310.45,-1193459.1,1090,-383310.45,-1193459.1,1024,512,0.15,153.6,76.8,L0_1024_s512,1,page_00001
-383310.45,-1193535.9,1091,-383310.45,-1193535.9,1024,512,0.15,153.6,76.8,L0_1024_s512,1,page_00001
-383310.45,-1193612.7,1092,-383310.45,-1193612.7,1024,512,0.15,153.6,76.8,L0_1024_s512,1,page_00001
-383310.45,-1193689.5,1093,-383310.45,-1193689.5,1024,512,0.15,153.6,76.8,L0_1024_s512,1,page_00001
-383310.45,-1193766.3,1094,-383310.45,-1193766.3,1024,512,0.15,153.6,76.8,L0_1024_s512,1,page_00001
-383310.45,-1193843.1,1095,-383310.45,-1193843.1,1024,512,0.15,153.6,76.8,L0_1024_s512,1,page_00001
-383310.45,-1193919.9,1096,-383310.45,-1193919.9,1024,512,0.15,153.6,76.8,L0_1024_s512,1,page_00001
-383310.45,-1193996.7,1097,-383310.45,-1193996.7,1024,512,0.15,153.6,76.8,L0_1024_s512,1,page_00001
-383233.65,-1192076.7,1123,-383233.65,-1192076.7,1024,512,0.15,153.6,76.8,L0_1024_s512,1,page_00001
-383233.65,-1192153.5,1124,-383233.65,-1192153.5,1024,512,0.15,153.6,76.8,L0_1024_s512,1,page_00001
-383233.65,-1192230.3,1125,-383233.65,-1192230.3,1024,512,0.15,153.6,76.8,L0_1024_s512,1,page_00001
-383233.65,-1192307.1,1126,-383233.65,-1192307.1,1024,512,0.15,153.6,76.8,L0_1024_s512,1,page_00001
-383233.65,-1192383.9,1127,-383233.65,-1192383.9,1024,512,0.15,153.6,76.8,L0_1024_s512,1,page_00001
-383233.65,-1192460.7,1128,-383233.65,-1192460.7,1024,512,0.15,153.6,76.8,L0_1024_s512,1,page_00001
-383233.65,-1192537.5,1129,-383233.65,-1192537.5,1024,512,0.15,153.6,76.8,L0_1024_s512,1,page_00001
-383233.65,-1192614.3,1130,-383233.65,-1192614.3,1024,512,0.15,153.6,76.8,L0_1024_s512,1,page_00001
-383233.65,-1192691.1,1131,-383233.65,-1192691.1,1024,512,0.15,153.6,76.8,L0_1024_s512,1,page_00001
-383233.65,-1192767.9,1132,-383233.65,-1192767.9,1024,512,0.15,153.6,76.8,L0_1024_s512,1,page_00001
-383233.65,-1192844.7,1133,-383233.65,-1192844.7,1024,512,0.15,153.6,76.8,L0_1024_s512,1,page_00001
-383233.65,-1192921.5,1134,-383233.65,-1192921.5,1024,512,0.15,153.6,76.8,L0_1024_s512,1,page_00001
-383233.65,-1192998.3,1135,-383233.65,-1192998.3,1024,512,0.15,153.6,76.8,L0_1024_s512,1,page_00001
-383233.65,-1193075.1,1136,-383233.65,-1193075.1,1024,512,0.15,153.6,76.8,L0_1024_s512,1,page_00001
-383233.65,-1193151.9,1137,-383233.65,-1193151.9,1024,512,0.15,153.6,76.8,L0_1024_s512,1,page_00001
-383233.65,-1193228.7,1138,-383233.65,-1193228.7,1024,512,0.15,153.6,76.8,L0_1024_s512,1,page_00001
-383233.65,-1193305.5,1139,-383233.65,-1193305.5,1024,512,0.15,153.6,76.8,L0_1024_s512,1,page_00001
-383233.65,-1193382.3,1140,-383233.65,-1193382.3,1024,512,0.15,153.6,76.8,L0_1024_s512,1,page_00001
-383233.65,-1193459.1,1141,-383233.65,-1193459.1,1024,512,0.15,153.6,76.8,L0_1024_s512,1,page_00001
-383233.65,-1193535.9,1142,-383233.65,-1193535.9,1024,512,0.15,153.6,76.8,L0_1024_s512,1,page_00001
-383233.65,-1193612.7,1143,-383233.65,-1193612.7,1024,512,0.15,153.6,76.8,L0_1024_s512,1,page_00001
-383233.65,-1193689.5,1144,-383233.65,-1193689.5,1024,512,0.15,153.6,76.8,L0_1024_s512,1,page_00001
-383233.65,-1193766.3,1145,-383233.65,-1193766.3,1024,512,0.15,153.6,76.8,L0_1024_s512,1,page_00001
-383233.65,-1193843.1,1146,-383233.65,-1193843.1,1024,512,0.15,153.6,76.8,L0_1024_s512,1,page_00001
-383233.65,-1193919.9,1147,-383233.65,-1193919.9,1024,512,0.15,153.6,76.8,L0_1024_s512,1,page_00001
-383233.65,-1193996.7,1148,-383233.65,-1193996.7,1024,512,0.15,153.6,76.8,L0_1024_s512,1,page_00001
-383156.85,-1192076.7,1174,-383156.85,-1192076.7,1024,512,0.15,153.6,76.8,L0_1024_s512,1,page_00001
-383156.85,-1192153.5,1175,-383156.85,-1192153.5,1024,512,0.15,153.6,76.8,L0_1024_s512,1,page_00001
-383156.85,-1192230.3,1176,-383156.85,-1192230.3,1024,512,0.15,153.6,76.8,L0_1024_s512,1,page_00001
-383156.85,-1192307.1,1177,-383156.85,-1192307.1,1024,512,0.15,153.6,76.8,L0_1024_s512,1,page_00001
-383156.85,-1192383.9,1178,-383156.85,-1192383.9,1024,512,0.15,153.6,76.8,L0_1024_s512,1,page_00001
-383156.85,-1192460.7,1179,-383156.85,-1192460.7,1024,512,0.15,153.6,76.8,L0_1024_s512,1,page_00001
-383156.85,-1192537.5,1180,-383156.85,-1192537.5,1024,512,0.15,153.6,76.8,L0_1024_s512,1,page_00001
-383156.85,-1192614.3,1181,-383156.85,-1192614.3,1024,512,0.15,153.6,76.8,L0_1024_s512,1,page_00001
-383156.85,-1192691.1,1182,-383156.85,-1192691.1,1024,512,0.15,153.6,76.8,L0_1024_s512,1,page_00001
-383156.85,-1192767.9,1183,-383156.85,-1192767.9,1024,512,0.15,153.6,76.8,L0_1024_s512,1,page_00001
-383156.85,-1192844.7,1184,-383156.85,-1192844.7,1024,512,0.15,153.6,76.8,L0_1024_s512,1,page_00001
-383156.85,-1192921.5,1185,-383156.85,-1192921.5,1024,512,0.15,153.6,76.8,L0_1024_s512,1,page_00001
-383156.85,-1192998.3,1186,-383156.85,-1192998.3,1024,512,0.15,153.6,76.8,L0_1024_s512,1,page_00001
-383156.85,-1193075.1,1187,-383156.85,-1193075.1,1024,512,0.15,153.6,76.8,L0_1024_s512,1,page_00001
-383156.85,-1193151.9,1188,-383156.85,-1193151.9,1024,512,0.15,153.6,76.8,L0_1024_s512,1,page_00001
-383156.85,-1193228.7,1189,-383156.85,-1193228.7,1024,512,0.15,153.6,76.8,L0_1024_s512,1,page_00001
-383156.85,-1193305.5,1190,-383156.85,-1193305.5,1024,512,0.15,153.6,76.8,L0_1024_s512,1,page_00001
-383156.85,-1193382.3,1191,-383156.85,-1193382.3,1024,512,0.15,153.6,76.8,L0_1024_s512,1,page_00001
-383156.85,-1193459.1,1192,-383156.85,-1193459.1,1024,512,0.15,153.6,76.8,L0_1024_s512,1,page_00001
-383156.85,-1193535.9,1193,-383156.85,-1193535.9,1024,512,0.15,153.6,76.8,L0_1024_s512,1,page_00001
-383156.85,-1193612.7,1194,-383156.85,-1193612.7,1024,512,0.15,153.6,76.8,L0_1024_s512,1,page_00001
-383156.85,-1193689.5,1195,-383156.85,-1193689.5,1024,512,0.15,153.6,76.8,L0_1024_s512,1,page_00001
-383156.85,-1193766.3,1196,-383156.85,-1193766.3,1024,512,0.15,153.6,76.8,L0_1024_s512,1,page_00001
-383156.85,-1193843.1,1197,-383156.85,-1193843.1,1024,512,0.15,153.6,76.8,L0_1024_s512,1,page_00001
-383156.85,-1193919.9,1198,-383156.85,-1193919.9,1024,512,0.15,153.6,76.8,L0_1024_s512,1,page_00001
-383156.85,-1193996.7,1199,-383156.85,-1193996.7,1024,512,0.15,153.6,76.8,L0_1024_s512,1,page_00001
-383080.05,-1193996.7,1250,-383080.05,-1193996.7,1024,512,0.15,153.6,76.8,L0_1024_s512,1,page_00001
-383080.05,-1193919.9,1249,-383080.05,-1193919.9,1024,512,0.15,153.6,76.8,L0_1024_s512,1,page_00001
-383080.05,-1193843.1,1248,-383080.05,-1193843.1,1024,512,0.15,153.6,76.8,L0_1024_s512,1,page_00001
-383080.05,-1193766.3,1247,-383080.05,-1193766.3,1024,512,0.15,153.6,76.8,L0_1024_s512,1,page_00001
-383080.05,-1193689.5,1246,-383080.05,-1193689.5,1024,512,0.15,153.6,76.8,L0_1024_s512,1,page_00001
-383080.05,-1193612.7,1245,-383080.05,-1193612.7,1024,512,0.15,153.6,76.8,L0_1024_s512,1,page_00001
-383080.05,-1193535.9,1244,-383080.05,-1193535.9,1024,512,0.15,153.6,76.8,L0_1024_s512,1,page_00001
-383080.05,-1193459.1,1243,-383080.05,-1193459.1,1024,512,0.15,153.6,76.8,L0_1024_s512,1,page_00001
-383080.05,-1193382.3,1242,-383080.05,-1193382.3,1024,512,0.15,153.6,76.8,L0_1024_s512,1,page_00001
-383080.05,-1193305.5,1241,-383080.05,-1193305.5,1024,512,0.15,153.6,76.8,L0_1024_s512,1,page_00001
-383080.05,-1193228.7,1240,-383080.05,-1193228.7,1024,512,0.15,153.6,76.8,L0_1024_s512,1,page_00001
-383003.25,-1193228.7,1291,-383003.25,-1193228.7,1024,512,0.15,153.6,76.8,L0_1024_s512,1,page_00001
-383080.05,-1193151.9,1239,-383080.05,-1193151.9,1024,512,0.15,153.6,76.8,L0_1024_s512,1,page_00001
-383003.25,-1193151.9,1290,-383003.25,-1193151.9,1024,512,0.15,153.6,76.8,L0_1024_s512,1,page_00001
-383080.05,-1193075.1,1238,-383080.05,-1193075.1,1024,512,0.15,153.6,76.8,L0_1024_s512,1,page_00001
-383003.25,-1193075.1,1289,-383003.25,-1193075.1,1024,512,0.15,153.6,76.8,L0_1024_s512,1,page_00001
-383003.25,-1192998.3,1288,-383003.25,-1192998.3,1024,512,0.15,153.6,76.8,L0_1024_s512,1,page_00001
-383080.05,-1192998.3,1237,-383080.05,-1192998.3,1024,512,0.15,153.6,76.8,L0_1024_s512,1,page_00001
-383080.05,-1192921.5,1236,-383080.05,-1192921.5,1024,512,0.15,153.6,76.8,L0_1024_s512,1,page_00001
-383003.25,-1192921.5,1287,-383003.25,-1192921.5,1024,512,0.15,153.6,76.8,L0_1024_s512,1,page_00001
-383080.05,-1192844.7,1235,-383080.05,-1192844.7,1024,512,0.15,153.6,76.8,L0_1024_s512,1,page_00001
-383080.05,-1192767.9,1234,-383080.05,-1192767.9,1024,512,0.15,153.6,76.8,L0_1024_s512,1,page_00001
-383080.05,-1192691.1,1233,-383080.05,-1192691.1,1024,512,0.15,153.6,76.8,L0_1024_s512,1,page_00001
-383080.05,-1192614.3,1232,-383080.05,-1192614.3,1024,512,0.15,153.6,76.8,L0_1024_s512,1,page_00001
-383003.25,-1192691.1,1284,-383003.25,-1192691.1,1024,512,0.15,153.6,76.8,L0_1024_s512,1,page_00001
-383003.25,-1192844.7,1286,-383003.25,-1192844.7,1024,512,0.15,153.6,76.8,L0_1024_s512,1,page_00001
-383003.25,-1192767.9,1285,-383003.25,-1192767.9,1024,512,0.15,153.6,76.8,L0_1024_s512,1,page_00001
-383003.25,-1192614.3,1283,-383003.25,-1192614.3,1024,512,0.15,153.6,76.8,L0_1024_s512,1,page_00001
-383080.05,-1192537.5,1231,-383080.05,-1192537.5,1024,512,0.15,153.6,76.8,L0_1024_s512,1,page_00001
-383080.05,-1192460.7,1230,-383080.05,-1192460.7,1024,512,0.15,153.6,76.8,L0_1024_s512,1,page_00001
-383080.05,-1192383.9,1229,-383080.05,-1192383.9,1024,512,0.15,153.6,76.8,L0_1024_s512,1,page_00001
-383003.25,-1192537.5,1282,-383003.25,-1192537.5,1024,512,0.15,153.6,76.8,L0_1024_s512,1,page_00001
-383003.25,-1192460.7,1281,-383003.25,-1192460.7,1024,512,0.15,153.6,76.8,L0_1024_s512,1,page_00001
-383003.25,-1192383.9,1280,-383003.25,-1192383.9,1024,512,0.15,153.6,76.8,L0_1024_s512,1,page_00001
-383080.05,-1192307.1,1228,-383080.05,-1192307.1,1024,512,0.15,153.6,76.8,L0_1024_s512,1,page_00001
-383080.05,-1192230.3,1227,-383080.05,-1192230.3,1024,512,0.15,153.6,76.8,L0_1024_s512,1,page_00001
-383080.05,-1192153.5,1226,-383080.05,-1192153.5,1024,512,0.15,153.6,76.8,L0_1024_s512,1,page_00001
-383080.05,-1192076.7,1225,-383080.05,-1192076.7,1024,512,0.15,153.6,76.8,L0_1024_s512,1,page_00001
-383003.25,-1192307.1,1279,-383003.25,-1192307.1,1024,512,0.15,153.6,76.8,L0_1024_s512,1,page_00001
-383003.25,-1192230.3,1278,-383003.25,-1192230.3,1024,512,0.15,153.6,76.8,L0_1024_s512,1,page_00001
-383003.25,-1192153.5,1277,-383003.25,-1192153.5,1024,512,0.15,153.6,76.8,L0_1024_s512,1,page_00001
-383003.25,-1192076.7,1276,-383003.25,-1192076.7,1024,512,0.15,153.6,76.8,L0_1024_s512,1,page_00001
-383003.25,-1193996.7,1301,-383003.25,-1193996.7,1024,512,0.15,153.6,76.8,L0_1024_s512,1,page_00001
-383003.25,-1193919.9,1300,-383003.25,-1193919.9,1024,512,0.15,153.6,76.8,L0_1024_s512,1,page_00001
-383003.25,-1193843.1,1299,-383003.25,-1193843.1,1024,512,0.15,153.6,76.8,L0_1024_s512,1,page_00001
-383003.25,-1193766.3,1298,-383003.25,-1193766.3,1024,512,0.15,153.6,76.8,L0_1024_s512,1,page_00001
-383003.25,-1193689.5,1297,-383003.25,-1193689.5,1024,512,0.15,153.6,76.8,L0_1024_s512,1,page_00001
-383003.25,-1193612.7,1296,-383003.25,-1193612.7,1024,512,0.15,153.6,76.8,L0_1024_s512,1,page_00001
-383003.25,-1193535.9,1295,-383003.25,-1193535.9,1024,512,0.15,153.6,76.8,L0_1024_s512,1,page_00001
-383003.25,-1193459.1,1294,-383003.25,-1193459.1,1024,512,0.15,153.6,76.8,L0_1024_s512,1,page_00001
-383003.25,-1193382.3,1293,-383003.25,-1193382.3,1024,512,0.15,153.6,76.8,L0_1024_s512,1,page_00001
-383003.25,-1193305.5,1292,-383003.25,-1193305.5,1024,512,0.15,153.6,76.8,L0_1024_s512,1,page_00001
-384923.25,-1195916.7,51,-384923.25,-1195916.7,1024,512,0.15,153.6,76.8,L0_1024_s512,2,page_00002
-384923.25,-1195839.9,50,-384923.25,-1195839.9,1024,512,0.15,153.6,76.8,L0_1024_s512,2,page_00002
-384923.25,-1195763.1,49,-384923.25,-1195763.1,1024,512,0.15,153.6,76.8,L0_1024_s512,2,page_00002
-384923.25,-1195686.3,48,-384923.25,-1195686.3,1024,512,0.15,153.6,76.8,L0_1024_s512,2,page_00002
-384923.25,-1195609.5,47,-384923.25,-1195609.5,1024,512,0.15,153.6,76.8,L0_1024_s512,2,page_00002
-384923.25,-1195532.7,46,-384923.25,-1195532.7,1024,512,0.15,153.6,76.8,L0_1024_s512,2,page_00002
-384923.25,-1195455.9,45,-384923.25,-1195455.9,1024,512,0.15,153.6,76.8,L0_1024_s512,2,page_00002
-384923.25,-1195379.1,44,-384923.25,-1195379.1,1024,512,0.15,153.6,76.8,L0_1024_s512,2,page_00002
-384923.25,-1195302.3,43,-384923.25,-1195302.3,1024,512,0.15,153.6,76.8,L0_1024_s512,2,page_00002
-384923.25,-1195225.5,42,-384923.25,-1195225.5,1024,512,0.15,153.6,76.8,L0_1024_s512,2,page_00002
-384923.25,-1195148.7,41,-384923.25,-1195148.7,1024,512,0.15,153.6,76.8,L0_1024_s512,2,page_00002
-384923.25,-1195071.9,40,-384923.25,-1195071.9,1024,512,0.15,153.6,76.8,L0_1024_s512,2,page_00002
-384923.25,-1194995.1,39,-384923.25,-1194995.1,1024,512,0.15,153.6,76.8,L0_1024_s512,2,page_00002
-384923.25,-1194918.3,38,-384923.25,-1194918.3,1024,512,0.15,153.6,76.8,L0_1024_s512,2,page_00002
-384923.25,-1194841.5,37,-384923.25,-1194841.5,1024,512,0.15,153.6,76.8,L0_1024_s512,2,page_00002
-384923.25,-1194764.7,36,-384923.25,-1194764.7,1024,512,0.15,153.6,76.8,L0_1024_s512,2,page_00002
-384923.25,-1194687.9,35,-384923.25,-1194687.9,1024,512,0.15,153.6,76.8,L0_1024_s512,2,page_00002
-384923.25,-1194611.1,34,-384923.25,-1194611.1,1024,512,0.15,153.6,76.8,L0_1024_s512,2,page_00002
-384923.25,-1194534.3,33,-384923.25,-1194534.3,1024,512,0.15,153.6,76.8,L0_1024_s512,2,page_00002
-384923.25,-1194457.5,32,-384923.25,-1194457.5,1024,512,0.15,153.6,76.8,L0_1024_s512,2,page_00002
-384923.25,-1194380.7,31,-384923.25,-1194380.7,1024,512,0.15,153.6,76.8,L0_1024_s512,2,page_00002
-384923.25,-1194303.9,30,-384923.25,-1194303.9,1024,512,0.15,153.6,76.8,L0_1024_s512,2,page_00002
-384923.25,-1194227.1,29,-384923.25,-1194227.1,1024,512,0.15,153.6,76.8,L0_1024_s512,2,page_00002
-384923.25,-1194150.3,28,-384923.25,-1194150.3,1024,512,0.15,153.6,76.8,L0_1024_s512,2,page_00002
-384923.25,-1194073.5,27,-384923.25,-1194073.5,1024,512,0.15,153.6,76.8,L0_1024_s512,2,page_00002
-384769.65,-1194073.5,129,-384769.65,-1194073.5,1024,512,0.15,153.6,76.8,L0_1024_s512,2,page_00002
-384769.65,-1194150.3,130,-384769.65,-1194150.3,1024,512,0.15,153.6,76.8,L0_1024_s512,2,page_00002
-384769.65,-1194227.1,131,-384769.65,-1194227.1,1024,512,0.15,153.6,76.8,L0_1024_s512,2,page_00002
-384769.65,-1194303.9,132,-384769.65,-1194303.9,1024,512,0.15,153.6,76.8,L0_1024_s512,2,page_00002
-384769.65,-1194380.7,133,-384769.65,-1194380.7,1024,512,0.15,153.6,76.8,L0_1024_s512,2,page_00002
-384769.65,-1194457.5,134,-384769.65,-1194457.5,1024,512,0.15,153.6,76.8,L0_1024_s512,2,page_00002
-384769.65,-1194534.3,135,-384769.65,-1194534.3,1024,512,0.15,153.6,76.8,L0_1024_s512,2,page_00002
-384769.65,-1194611.1,136,-384769.65,-1194611.1,1024,512,0.15,153.6,76.8,L0_1024_s512,2,page_00002
-384769.65,-1194687.9,137,-384769.65,-1194687.9,1024,512,0.15,153.6,76.8,L0_1024_s512,2,page_00002
-384769.65,-1194764.7,138,-384769.65,-1194764.7,1024,512,0.15,153.6,76.8,L0_1024_s512,2,page_00002
-384769.65,-1194841.5,139,-384769.65,-1194841.5,1024,512,0.15,153.6,76.8,L0_1024_s512,2,page_00002
-384769.65,-1194918.3,140,-384769.65,-1194918.3,1024,512,0.15,153.6,76.8,L0_1024_s512,2,page_00002
-384769.65,-1194995.1,141,-384769.65,-1194995.1,1024,512,0.15,153.6,76.8,L0_1024_s512,2,page_00002
-384769.65,-1195071.9,142,-384769.65,-1195071.9,1024,512,0.15,153.6,76.8,L0_1024_s512,2,page_00002
-384769.65,-1195148.7,143,-384769.65,-1195148.7,1024,512,0.15,153.6,76.8,L0_1024_s512,2,page_00002
-384769.65,-1195225.5,144,-384769.65,-1195225.5,1024,512,0.15,153.6,76.8,L0_1024_s512,2,page_00002
-384769.65,-1195302.3,145,-384769.65,-1195302.3,1024,512,0.15,153.6,76.8,L0_1024_s512,2,page_00002
-384769.65,-1195379.1,146,-384769.65,-1195379.1,1024,512,0.15,153.6,76.8,L0_1024_s512,2,page_00002
-384769.65,-1195455.9,147,-384769.65,-1195455.9,1024,512,0.15,153.6,76.8,L0_1024_s512,2,page_00002
-384769.65,-1195532.7,148,-384769.65,-1195532.7,1024,512,0.15,153.6,76.8,L0_1024_s512,2,page_00002
-384769.65,-1195609.5,149,-384769.65,-1195609.5,1024,512,0.15,153.6,76.8,L0_1024_s512,2,page_00002
-384769.65,-1195686.3,150,-384769.65,-1195686.3,1024,512,0.15,153.6,76.8,L0_1024_s512,2,page_00002
-384769.65,-1195763.1,151,-384769.65,-1195763.1,1024,512,0.15,153.6,76.8,L0_1024_s512,2,page_00002
-384769.65,-1195839.9,152,-384769.65,-1195839.9,1024,512,0.15,153.6,76.8,L0_1024_s512,2,page_00002
-384769.65,-1195916.7,153,-384769.65,-1195916.7,1024,512,0.15,153.6,76.8,L0_1024_s512,2,page_00002
-384846.45,-1194764.7,87,-384846.45,-1194764.7,1024,512,0.15,153.6,76.8,L0_1024_s512,2,page_00002
-384846.45,-1194687.9,86,-384846.45,-1194687.9,1024,512,0.15,153.6,76.8,L0_1024_s512,2,page_00002
-384846.45,-1194611.1,85,-384846.45,-1194611.1,1024,512,0.15,153.6,76.8,L0_1024_s512,2,page_00002
-384846.45,-1194534.3,84,-384846.45,-1194534.3,1024,512,0.15,153.6,76.8,L0_1024_s512,2,page_00002
-384846.45,-1194457.5,83,-384846.45,-1194457.5,1024,512,0.15,153.6,76.8,L0_1024_s512,2,page_00002
-384846.45,-1194380.7,82,-384846.45,-1194380.7,1024,512,0.15,153.6,76.8,L0_1024_s512,2,page_00002
-384846.45,-1194303.9,81,-384846.45,-1194303.9,1024,512,0.15,153.6,76.8,L0_1024_s512,2,page_00002
-384846.45,-1194227.1,80,-384846.45,-1194227.1,1024,512,0.15,153.6,76.8,L0_1024_s512,2,page_00002
-384846.45,-1194150.3,79,-384846.45,-1194150.3,1024,512,0.15,153.6,76.8,L0_1024_s512,2,page_00002
-384846.45,-1194073.5,78,-384846.45,-1194073.5,1024,512,0.15,153.6,76.8,L0_1024_s512,2,page_00002
-384846.45,-1194841.5,88,-384846.45,-1194841.5,1024,512,0.15,153.6,76.8,L0_1024_s512,2,page_00002
-384846.45,-1194918.3,89,-384846.45,-1194918.3,1024,512,0.15,153.6,76.8,L0_1024_s512,2,page_00002
-384846.45,-1194995.1,90,-384846.45,-1194995.1,1024,512,0.15,153.6,76.8,L0_1024_s512,2,page_00002
-384846.45,-1195071.9,91,-384846.45,-1195071.9,1024,512,0.15,153.6,76.8,L0_1024_s512,2,page_00002
-384846.45,-1195148.7,92,-384846.45,-1195148.7,1024,512,0.15,153.6,76.8,L0_1024_s512,2,page_00002
-384846.45,-1195225.5,93,-384846.45,-1195225.5,1024,512,0.15,153.6,76.8,L0_1024_s512,2,page_00002
-384846.45,-1195302.3,94,-384846.45,-1195302.3,1024,512,0.15,153.6,76.8,L0_1024_s512,2,page_00002
-384846.45,-1195379.1,95,-384846.45,-1195379.1,1024,512,0.15,153.6,76.8,L0_1024_s512,2,page_00002
-384846.45,-1195455.9,96,-384846.45,-1195455.9,1024,512,0.15,153.6,76.8,L0_1024_s512,2,page_00002
-384846.45,-1195532.7,97,-384846.45,-1195532.7,1024,512,0.15,153.6,76.8,L0_1024_s512,2,page_00002
-384846.45,-1195609.5,98,-384846.45,-1195609.5,1024,512,0.15,153.6,76.8,L0_1024_s512,2,page_00002
-384846.45,-1195686.3,99,-384846.45,-1195686.3,1024,512,0.15,153.6,76.8,L0_1024_s512,2,page_00002
-384846.45,-1195763.1,100,-384846.45,-1195763.1,1024,512,0.15,153.6,76.8,L0_1024_s512,2,page_00002
-384846.45,-1195839.9,101,-384846.45,-1195839.9,1024,512,0.15,153.6,76.8,L0_1024_s512,2,page_00002
-384846.45,-1195916.7,102,-384846.45,-1195916.7,1024,512,0.15,153.6,76.8,L0_1024_s512,2,page_00002
-384692.85,-1195609.5,200,-384692.85,-1195609.5,1024,512,0.15,153.6,76.8,L0_1024_s512,2,page_00002
-384692.85,-1195532.7,199,-384692.85,-1195532.7,1024,512,0.15,153.6,76.8,L0_1024_s512,2,page_00002
-384692.85,-1195455.9,198,-384692.85,-1195455.9,1024,512,0.15,153.6,76.8,L0_1024_s512,2,page_00002
-384692.85,-1195379.1,197,-384692.85,-1195379.1,1024,512,0.15,153.6,76.8,L0_1024_s512,2,page_00002
-384692.85,-1195302.3,196,-384692.85,-1195302.3,1024,512,0.15,153.6,76.8,L0_1024_s512,2,page_00002
-384692.85,-1195225.5,195,-384692.85,-1195225.5,1024,512,0.15,153.6,76.8,L0_1024_s512,2,page_00002
-384692.85,-1195148.7,194,-384692.85,-1195148.7,1024,512,0.15,153.6,76.8,L0_1024_s512,2,page_00002
-384692.85,-1195071.9,193,-384692.85,-1195071.9,1024,512,0.15,153.6,76.8,L0_1024_s512,2,page_00002
-384692.85,-1194995.1,192,-384692.85,-1194995.1,1024,512,0.15,153.6,76.8,L0_1024_s512,2,page_00002
-384692.85,-1194918.3,191,-384692.85,-1194918.3,1024,512,0.15,153.6,76.8,L0_1024_s512,2,page_00002
-384692.85,-1194841.5,190,-384692.85,-1194841.5,1024,512,0.15,153.6,76.8,L0_1024_s512,2,page_00002
-384692.85,-1194764.7,189,-384692.85,-1194764.7,1024,512,0.15,153.6,76.8,L0_1024_s512,2,page_00002
-384692.85,-1194687.9,188,-384692.85,-1194687.9,1024,512,0.15,153.6,76.8,L0_1024_s512,2,page_00002
-384692.85,-1194611.1,187,-384692.85,-1194611.1,1024,512,0.15,153.6,76.8,L0_1024_s512,2,page_00002
-384692.85,-1194534.3,186,-384692.85,-1194534.3,1024,512,0.15,153.6,76.8,L0_1024_s512,2,page_00002
-384692.85,-1194457.5,185,-384692.85,-1194457.5,1024,512,0.15,153.6,76.8,L0_1024_s512,2,page_00002
-384692.85,-1194380.7,184,-384692.85,-1194380.7,1024,512,0.15,153.6,76.8,L0_1024_s512,2,page_00002
-384692.85,-1194303.9,183,-384692.85,-1194303.9,1024,512,0.15,153.6,76.8,L0_1024_s512,2,page_00002
-384692.85,-1194227.1,182,-384692.85,-1194227.1,1024,512,0.15,153.6,76.8,L0_1024_s512,2,page_00002
-384692.85,-1194150.3,181,-384692.85,-1194150.3,1024,512,0.15,153.6,76.8,L0_1024_s512,2,page_00002
-384692.85,-1194073.5,180,-384692.85,-1194073.5,1024,512,0.15,153.6,76.8,L0_1024_s512,2,page_00002
-384692.85,-1195686.3,201,-384692.85,-1195686.3,1024,512,0.15,153.6,76.8,L0_1024_s512,2,page_00002
-384692.85,-1195763.1,202,-384692.85,-1195763.1,1024,512,0.15,153.6,76.8,L0_1024_s512,2,page_00002
-384692.85,-1195839.9,203,-384692.85,-1195839.9,1024,512,0.15,153.6,76.8,L0_1024_s512,2,page_00002
-384692.85,-1195916.7,204,-384692.85,-1195916.7,1024,512,0.15,153.6,76.8,L0_1024_s512,2,page_00002
-384616.05,-1194073.5,231,-384616.05,-1194073.5,1024,512,0.15,153.6,76.8,L0_1024_s512,2,page_00002
-384616.05,-1194150.3,232,-384616.05,-1194150.3,1024,512,0.15,153.6,76.8,L0_1024_s512,2,page_00002
-384616.05,-1194227.1,233,-384616.05,-1194227.1,1024,512,0.15,153.6,76.8,L0_1024_s512,2,page_00002
-384616.05,-1194303.9,234,-384616.05,-1194303.9,1024,512,0.15,153.6,76.8,L0_1024_s512,2,page_00002
-384616.05,-1194380.7,235,-384616.05,-1194380.7,1024,512,0.15,153.6,76.8,L0_1024_s512,2,page_00002
-384616.05,-1194457.5,236,-384616.05,-1194457.5,1024,512,0.15,153.6,76.8,L0_1024_s512,2,page_00002
-384616.05,-1194534.3,237,-384616.05,-1194534.3,1024,512,0.15,153.6,76.8,L0_1024_s512,2,page_00002
-384616.05,-1194611.1,238,-384616.05,-1194611.1,1024,512,0.15,153.6,76.8,L0_1024_s512,2,page_00002
-384616.05,-1194687.9,239,-384616.05,-1194687.9,1024,512,0.15,153.6,76.8,L0_1024_s512,2,page_00002
-384616.05,-1194764.7,240,-384616.05,-1194764.7,1024,512,0.15,153.6,76.8,L0_1024_s512,2,page_00002
-384616.05,-1194841.5,241,-384616.05,-1194841.5,1024,512,0.15,153.6,76.8,L0_1024_s512,2,page_00002
-384616.05,-1194918.3,242,-384616.05,-1194918.3,1024,512,0.15,153.6,76.8,L0_1024_s512,2,page_00002
-384616.05,-1194995.1,243,-384616.05,-1194995.1,1024,512,0.15,153.6,76.8,L0_1024_s512,2,page_00002
-384616.05,-1195071.9,244,-384616.05,-1195071.9,1024,512,0.15,153.6,76.8,L0_1024_s512,2,page_00002
-384616.05,-1195148.7,245,-384616.05,-1195148.7,1024,512,0.15,153.6,76.8,L0_1024_s512,2,page_00002
-384616.05,-1195225.5,246,-384616.05,-1195225.5,1024,512,0.15,153.6,76.8,L0_1024_s512,2,page_00002
-384616.05,-1195302.3,247,-384616.05,-1195302.3,1024,512,0.15,153.6,76.8,L0_1024_s512,2,page_00002
-384616.05,-1195379.1,248,-384616.05,-1195379.1,1024,512,0.15,153.6,76.8,L0_1024_s512,2,page_00002
-384616.05,-1195455.9,249,-384616.05,-1195455.9,1024,512,0.15,153.6,76.8,L0_1024_s512,2,page_00002
-384616.05,-1195532.7,250,-384616.05,-1195532.7,1024,512,0.15,153.6,76.8,L0_1024_s512,2,page_00002
-384616.05,-1195609.5,251,-384616.05,-1195609.5,1024,512,0.15,153.6,76.8,L0_1024_s512,2,page_00002
-384616.05,-1195686.3,252,-384616.05,-1195686.3,1024,512,0.15,153.6,76.8,L0_1024_s512,2,page_00002
-384616.05,-1195763.1,253,-384616.05,-1195763.1,1024,512,0.15,153.6,76.8,L0_1024_s512,2,page_00002
-384616.05,-1195839.9,254,-384616.05,-1195839.9,1024,512,0.15,153.6,76.8,L0_1024_s512,2,page_00002
-384616.05,-1195916.7,255,-384616.05,-1195916.7,1024,512,0.15,153.6,76.8,L0_1024_s512,2,page_00002
-384539.25,-1195148.7,296,-384539.25,-1195148.7,1024,512,0.15,153.6,76.8,L0_1024_s512,2,page_00002
-384539.25,-1195071.9,295,-384539.25,-1195071.9,1024,512,0.15,153.6,76.8,L0_1024_s512,2,page_00002
-384539.25,-1194995.1,294,-384539.25,-1194995.1,1024,512,0.15,153.6,76.8,L0_1024_s512,2,page_00002
-384539.25,-1194918.3,293,-384539.25,-1194918.3,1024,512,0.15,153.6,76.8,L0_1024_s512,2,page_00002
-384539.25,-1194841.5,292,-384539.25,-1194841.5,1024,512,0.15,153.6,76.8,L0_1024_s512,2,page_00002
-384539.25,-1194764.7,291,-384539.25,-1194764.7,1024,512,0.15,153.6,76.8,L0_1024_s512,2,page_00002
-384539.25,-1194687.9,290,-384539.25,-1194687.9,1024,512,0.15,153.6,76.8,L0_1024_s512,2,page_00002
-384539.25,-1194611.1,289,-384539.25,-1194611.1,1024,512,0.15,153.6,76.8,L0_1024_s512,2,page_00002
-384539.25,-1194534.3,288,-384539.25,-1194534.3,1024,512,0.15,153.6,76.8,L0_1024_s512,2,page_00002
-384539.25,-1194457.5,287,-384539.25,-1194457.5,1024,512,0.15,153.6,76.8,L0_1024_s512,2,page_00002
-384539.25,-1194380.7,286,-384539.25,-1194380.7,1024,512,0.15,153.6,76.8,L0_1024_s512,2,page_00002
-384539.25,-1194303.9,285,-384539.25,-1194303.9,1024,512,0.15,153.6,76.8,L0_1024_s512,2,page_00002
-384539.25,-1194227.1,284,-384539.25,-1194227.1,1024,512,0.15,153.6,76.8,L0_1024_s512,2,page_00002
-384539.25,-1194150.3,283,-384539.25,-1194150.3,1024,512,0.15,153.6,76.8,L0_1024_s512,2,page_00002
-384539.25,-1194073.5,282,-384539.25,-1194073.5,1024,512,0.15,153.6,76.8,L0_1024_s512,2,page_00002
-384539.25,-1195225.5,297,-384539.25,-1195225.5,1024,512,0.15,153.6,76.8,L0_1024_s512,2,page_00002
-384539.25,-1195302.3,298,-384539.25,-1195302.3,1024,512,0.15,153.6,76.8,L0_1024_s512,2,page_00002
-384539.25,-1195379.1,299,-384539.25,-1195379.1,1024,512,0.15,153.6,76.8,L0_1024_s512,2,page_00002
-384539.25,-1195455.9,300,-384539.25,-1195455.9,1024,512,0.15,153.6,76.8,L0_1024_s512,2,page_00002
-384539.25,-1195532.7,301,-384539.25,-1195532.7,1024,512,0.15,153.6,76.8,L0_1024_s512,2,page_00002
-384539.25,-1195609.5,302,-384539.25,-1195609.5,1024,512,0.15,153.6,76.8,L0_1024_s512,2,page_00002
-384539.25,-1195686.3,303,-384539.25,-1195686.3,1024,512,0.15,153.6,76.8,L0_1024_s512,2,page_00002
-384539.25,-1195763.1,304,-384539.25,-1195763.1,1024,512,0.15,153.6,76.8,L0_1024_s512,2,page_00002
-384539.25,-1195839.9,305,-384539.25,-1195839.9,1024,512,0.15,153.6,76.8,L0_1024_s512,2,page_00002
-384539.25,-1195916.7,306,-384539.25,-1195916.7,1024,512,0.15,153.6,76.8,L0_1024_s512,2,page_00002
-384462.45,-1194073.5,333,-384462.45,-1194073.5,1024,512,0.15,153.6,76.8,L0_1024_s512,2,page_00002
-384462.45,-1194150.3,334,-384462.45,-1194150.3,1024,512,0.15,153.6,76.8,L0_1024_s512,2,page_00002
-384462.45,-1194227.1,335,-384462.45,-1194227.1,1024,512,0.15,153.6,76.8,L0_1024_s512,2,page_00002
-384462.45,-1194303.9,336,-384462.45,-1194303.9,1024,512,0.15,153.6,76.8,L0_1024_s512,2,page_00002
-384462.45,-1194380.7,337,-384462.45,-1194380.7,1024,512,0.15,153.6,76.8,L0_1024_s512,2,page_00002
-384462.45,-1194457.5,338,-384462.45,-1194457.5,1024,512,0.15,153.6,76.8,L0_1024_s512,2,page_00002
-384462.45,-1194534.3,339,-384462.45,-1194534.3,1024,512,0.15,153.6,76.8,L0_1024_s512,2,page_00002
-384462.45,-1194611.1,340,-384462.45,-1194611.1,1024,512,0.15,153.6,76.8,L0_1024_s512,2,page_00002
-384462.45,-1194687.9,341,-384462.45,-1194687.9,1024,512,0.15,153.6,76.8,L0_1024_s512,2,page_00002
-384462.45,-1194764.7,342,-384462.45,-1194764.7,1024,512,0.15,153.6,76.8,L0_1024_s512,2,page_00002
-384462.45,-1194841.5,343,-384462.45,-1194841.5,1024,512,0.15,153.6,76.8,L0_1024_s512,2,page_00002
-384462.45,-1194918.3,344,-384462.45,-1194918.3,1024,512,0.15,153.6,76.8,L0_1024_s512,2,page_00002
-384462.45,-1194995.1,345,-384462.45,-1194995.1,1024,512,0.15,153.6,76.8,L0_1024_s512,2,page_00002
-384462.45,-1195071.9,346,-384462.45,-1195071.9,1024,512,0.15,153.6,76.8,L0_1024_s512,2,page_00002
-384462.45,-1195148.7,347,-384462.45,-1195148.7,1024,512,0.15,153.6,76.8,L0_1024_s512,2,page_00002
-384462.45,-1195225.5,348,-384462.45,-1195225.5,1024,512,0.15,153.6,76.8,L0_1024_s512,2,page_00002
-384462.45,-1195302.3,349,-384462.45,-1195302.3,1024,512,0.15,153.6,76.8,L0_1024_s512,2,page_00002
-384462.45,-1195379.1,350,-384462.45,-1195379.1,1024,512,0.15,153.6,76.8,L0_1024_s512,2,page_00002
-384462.45,-1195455.9,351,-384462.45,-1195455.9,1024,512,0.15,153.6,76.8,L0_1024_s512,2,page_00002
-384462.45,-1195532.7,352,-384462.45,-1195532.7,1024,512,0.15,153.6,76.8,L0_1024_s512,2,page_00002
-384462.45,-1195609.5,353,-384462.45,-1195609.5,1024,512,0.15,153.6,76.8,L0_1024_s512,2,page_00002
-384462.45,-1195686.3,354,-384462.45,-1195686.3,1024,512,0.15,153.6,76.8,L0_1024_s512,2,page_00002
-384462.45,-1195763.1,355,-384462.45,-1195763.1,1024,512,0.15,153.6,76.8,L0_1024_s512,2,page_00002
-384462.45,-1195839.9,356,-384462.45,-1195839.9,1024,512,0.15,153.6,76.8,L0_1024_s512,2,page_00002
-384462.45,-1195916.7,357,-384462.45,-1195916.7,1024,512,0.15,153.6,76.8,L0_1024_s512,2,page_00002
-384385.65,-1194073.5,384,-384385.65,-1194073.5,1024,512,0.15,153.6,76.8,L0_1024_s512,2,page_00002
-384385.65,-1194150.3,385,-384385.65,-1194150.3,1024,512,0.15,153.6,76.8,L0_1024_s512,2,page_00002
-384385.65,-1194227.1,386,-384385.65,-1194227.1,1024,512,0.15,153.6,76.8,L0_1024_s512,2,page_00002
-384385.65,-1194303.9,387,-384385.65,-1194303.9,1024,512,0.15,153.6,76.8,L0_1024_s512,2,page_00002
-384385.65,-1194380.7,388,-384385.65,-1194380.7,1024,512,0.15,153.6,76.8,L0_1024_s512,2,page_00002
-384385.65,-1194457.5,389,-384385.65,-1194457.5,1024,512,0.15,153.6,76.8,L0_1024_s512,2,page_00002
-384385.65,-1194534.3,390,-384385.65,-1194534.3,1024,512,0.15,153.6,76.8,L0_1024_s512,2,page_00002
-384385.65,-1194611.1,391,-384385.65,-1194611.1,1024,512,0.15,153.6,76.8,L0_1024_s512,2,page_00002
-384385.65,-1194687.9,392,-384385.65,-1194687.9,1024,512,0.15,153.6,76.8,L0_1024_s512,2,page_00002
-384385.65,-1194764.7,393,-384385.65,-1194764.7,1024,512,0.15,153.6,76.8,L0_1024_s512,2,page_00002
-384385.65,-1194841.5,394,-384385.65,-1194841.5,1024,512,0.15,153.6,76.8,L0_1024_s512,2,page_00002
-384385.65,-1194918.3,395,-384385.65,-1194918.3,1024,512,0.15,153.6,76.8,L0_1024_s512,2,page_00002
-384385.65,-1194995.1,396,-384385.65,-1194995.1,1024,512,0.15,153.6,76.8,L0_1024_s512,2,page_00002
-384385.65,-1195071.9,397,-384385.65,-1195071.9,1024,512,0.15,153.6,76.8,L0_1024_s512,2,page_00002
-384385.65,-1195148.7,398,-384385.65,-1195148.7,1024,512,0.15,153.6,76.8,L0_1024_s512,2,page_00002
-384385.65,-1195225.5,399,-384385.65,-1195225.5,1024,512,0.15,153.6,76.8,L0_1024_s512,2,page_00002
-384385.65,-1195302.3,400,-384385.65,-1195302.3,1024,512,0.15,153.6,76.8,L0_1024_s512,2,page_00002
-384385.65,-1195379.1,401,-384385.65,-1195379.1,1024,512,0.15,153.6,76.8,L0_1024_s512,2,page_00002
-384385.65,-1195455.9,402,-384385.65,-1195455.9,1024,512,0.15,153.6,76.8,L0_1024_s512,2,page_00002
-384385.65,-1195532.7,403,-384385.65,-1195532.7,1024,512,0.15,153.6,76.8,L0_1024_s512,2,page_00002
-384385.65,-1195609.5,404,-384385.65,-1195609.5,1024,512,0.15,153.6,76.8,L0_1024_s512,2,page_00002
-384385.65,-1195686.3,405,-384385.65,-1195686.3,1024,512,0.15,153.6,76.8,L0_1024_s512,2,page_00002
-384385.65,-1195763.1,406,-384385.65,-1195763.1,1024,512,0.15,153.6,76.8,L0_1024_s512,2,page_00002
-384385.65,-1195839.9,407,-384385.65,-1195839.9,1024,512,0.15,153.6,76.8,L0_1024_s512,2,page_00002
-384385.65,-1195916.7,408,-384385.65,-1195916.7,1024,512,0.15,153.6,76.8,L0_1024_s512,2,page_00002
-384308.85,-1194073.5,435,-384308.85,-1194073.5,1024,512,0.15,153.6,76.8,L0_1024_s512,2,page_00002
-384308.85,-1194150.3,436,-384308.85,-1194150.3,1024,512,0.15,153.6,76.8,L0_1024_s512,2,page_00002
-384308.85,-1194227.1,437,-384308.85,-1194227.1,1024,512,0.15,153.6,76.8,L0_1024_s512,2,page_00002
-384308.85,-1194303.9,438,-384308.85,-1194303.9,1024,512,0.15,153.6,76.8,L0_1024_s512,2,page_00002
-384308.85,-1194380.7,439,-384308.85,-1194380.7,1024,512,0.15,153.6,76.8,L0_1024_s512,2,page_00002
-384308.85,-1194457.5,440,-384308.85,-1194457.5,1024,512,0.15,153.6,76.8,L0_1024_s512,2,page_00002
-384308.85,-1194534.3,441,-384308.85,-1194534.3,1024,512,0.15,153.6,76.8,L0_1024_s512,2,page_00002
-384308.85,-1194611.1,442,-384308.85,-1194611.1,1024,512,0.15,153.6,76.8,L0_1024_s512,2,page_00002
-384308.85,-1194687.9,443,-384308.85,-1194687.9,1024,512,0.15,153.6,76.8,L0_1024_s512,2,page_00002
-384308.85,-1194764.7,444,-384308.85,-1194764.7,1024,512,0.15,153.6,76.8,L0_1024_s512,2,page_00002
-384308.85,-1194841.5,445,-384308.85,-1194841.5,1024,512,0.15,153.6,76.8,L0_1024_s512,2,page_00002
-384308.85,-1194918.3,446,-384308.85,-1194918.3,1024,512,0.15,153.6,76.8,L0_1024_s512,2,page_00002
-384308.85,-1194995.1,447,-384308.85,-1194995.1,1024,512,0.15,153.6,76.8,L0_1024_s512,2,page_00002
-384308.85,-1195071.9,448,-384308.85,-1195071.9,1024,512,0.15,153.6,76.8,L0_1024_s512,2,page_00002
-384308.85,-1195148.7,449,-384308.85,-1195148.7,1024,512,0.15,153.6,76.8,L0_1024_s512,2,page_00002
-384308.85,-1195225.5,450,-384308.85,-1195225.5,1024,512,0.15,153.6,76.8,L0_1024_s512,2,page_00002
-384308.85,-1195302.3,451,-384308.85,-1195302.3,1024,512,0.15,153.6,76.8,L0_1024_s512,2,page_00002
-384308.85,-1195379.1,452,-384308.85,-1195379.1,1024,512,0.15,153.6,76.8,L0_1024_s512,2,page_00002
-384308.85,-1195455.9,453,-384308.85,-1195455.9,1024,512,0.15,153.6,76.8,L0_1024_s512,2,page_00002
-384308.85,-1195532.7,454,-384308.85,-1195532.7,1024,512,0.15,153.6,76.8,L0_1024_s512,2,page_00002
-384308.85,-1195609.5,455,-384308.85,-1195609.5,1024,512,0.15,153.6,76.8,L0_1024_s512,2,page_00002
-384308.85,-1195686.3,456,-384308.85,-1195686.3,1024,512,0.15,153.6,76.8,L0_1024_s512,2,page_00002
-384308.85,-1195763.1,457,-384308.85,-1195763.1,1024,512,0.15,153.6,76.8,L0_1024_s512,2,page_00002
-384308.85,-1195839.9,458,-384308.85,-1195839.9,1024,512,0.15,153.6,76.8,L0_1024_s512,2,page_00002
-384308.85,-1195916.7,459,-384308.85,-1195916.7,1024,512,0.15,153.6,76.8,L0_1024_s512,2,page_00002
-384232.05,-1194073.5,486,-384232.05,-1194073.5,1024,512,0.15,153.6,76.8,L0_1024_s512,2,page_00002
-384232.05,-1194150.3,487,-384232.05,-1194150.3,1024,512,0.15,153.6,76.8,L0_1024_s512,2,page_00002
-384232.05,-1194227.1,488,-384232.05,-1194227.1,1024,512,0.15,153.6,76.8,L0_1024_s512,2,page_00002
-384232.05,-1194303.9,489,-384232.05,-1194303.9,1024,512,0.15,153.6,76.8,L0_1024_s512,2,page_00002
-384232.05,-1194380.7,490,-384232.05,-1194380.7,1024,512,0.15,153.6,76.8,L0_1024_s512,2,page_00002
-384232.05,-1194457.5,491,-384232.05,-1194457.5,1024,512,0.15,153.6,76.8,L0_1024_s512,2,page_00002
-384232.05,-1194534.3,492,-384232.05,-1194534.3,1024,512,0.15,153.6,76.8,L0_1024_s512,2,page_00002
-384232.05,-1194611.1,493,-384232.05,-1194611.1,1024,512,0.15,153.6,76.8,L0_1024_s512,2,page_00002
-384232.05,-1194687.9,494,-384232.05,-1194687.9,1024,512,0.15,153.6,76.8,L0_1024_s512,2,page_00002
-384232.05,-1194764.7,495,-384232.05,-1194764.7,1024,512,0.15,153.6,76.8,L0_1024_s512,2,page_00002
-384232.05,-1194841.5,496,-384232.05,-1194841.5,1024,512,0.15,153.6,76.8,L0_1024_s512,2,page_00002
-384232.05,-1194918.3,497,-384232.05,-1194918.3,1024,512,0.15,153.6,76.8,L0_1024_s512,2,page_00002
-384232.05,-1194995.1,498,-384232.05,-1194995.1,1024,512,0.15,153.6,76.8,L0_1024_s512,2,page_00002
-384232.05,-1195071.9,499,-384232.05,-1195071.9,1024,512,0.15,153.6,76.8,L0_1024_s512,2,page_00002
-384232.05,-1195148.7,500,-384232.05,-1195148.7,1024,512,0.15,153.6,76.8,L0_1024_s512,2,page_00002
-384232.05,-1195225.5,501,-384232.05,-1195225.5,1024,512,0.15,153.6,76.8,L0_1024_s512,2,page_00002
-384232.05,-1195302.3,502,-384232.05,-1195302.3,1024,512,0.15,153.6,76.8,L0_1024_s512,2,page_00002
-384232.05,-1195379.1,503,-384232.05,-1195379.1,1024,512,0.15,153.6,76.8,L0_1024_s512,2,page_00002
-384232.05,-1195455.9,504,-384232.05,-1195455.9,1024,512,0.15,153.6,76.8,L0_1024_s512,2,page_00002
-384232.05,-1195532.7,505,-384232.05,-1195532.7,1024,512,0.15,153.6,76.8,L0_1024_s512,2,page_00002
-384232.05,-1195609.5,506,-384232.05,-1195609.5,1024,512,0.15,153.6,76.8,L0_1024_s512,2,page_00002
-384232.05,-1195686.3,507,-384232.05,-1195686.3,1024,512,0.15,153.6,76.8,L0_1024_s512,2,page_00002
-384232.05,-1195763.1,508,-384232.05,-1195763.1,1024,512,0.15,153.6,76.8,L0_1024_s512,2,page_00002
-384232.05,-1195839.9,509,-384232.05,-1195839.9,1024,512,0.15,153.6,76.8,L0_1024_s512,2,page_00002
-384232.05,-1195916.7,510,-384232.05,-1195916.7,1024,512,0.15,153.6,76.8,L0_1024_s512,2,page_00002
-384155.25,-1194073.5,537,-384155.25,-1194073.5,1024,512,0.15,153.6,76.8,L0_1024_s512,2,page_00002
-384155.25,-1194150.3,538,-384155.25,-1194150.3,1024,512,0.15,153.6,76.8,L0_1024_s512,2,page_00002
-384155.25,-1194227.1,539,-384155.25,-1194227.1,1024,512,0.15,153.6,76.8,L0_1024_s512,2,page_00002
-384155.25,-1194303.9,540,-384155.25,-1194303.9,1024,512,0.15,153.6,76.8,L0_1024_s512,2,page_00002
-384155.25,-1194380.7,541,-384155.25,-1194380.7,1024,512,0.15,153.6,76.8,L0_1024_s512,2,page_00002
-384155.25,-1194457.5,542,-384155.25,-1194457.5,1024,512,0.15,153.6,76.8,L0_1024_s512,2,page_00002
-384155.25,-1194534.3,543,-384155.25,-1194534.3,1024,512,0.15,153.6,76.8,L0_1024_s512,2,page_00002
-384155.25,-1194611.1,544,-384155.25,-1194611.1,1024,512,0.15,153.6,76.8,L0_1024_s512,2,page_00002
-384155.25,-1194687.9,545,-384155.25,-1194687.9,1024,512,0.15,153.6,76.8,L0_1024_s512,2,page_00002
-384155.25,-1194764.7,546,-384155.25,-1194764.7,1024,512,0.15,153.6,76.8,L0_1024_s512,2,page_00002
-384155.25,-1194841.5,547,-384155.25,-1194841.5,1024,512,0.15,153.6,76.8,L0_1024_s512,2,page_00002
-384155.25,-1194918.3,548,-384155.25,-1194918.3,1024,512,0.15,153.6,76.8,L0_1024_s512,2,page_00002
-384155.25,-1194995.1,549,-384155.25,-1194995.1,1024,512,0.15,153.6,76.8,L0_1024_s512,2,page_00002
-384155.25,-1195071.9,550,-384155.25,-1195071.9,1024,512,0.15,153.6,76.8,L0_1024_s512,2,page_00002
-384155.25,-1195148.7,551,-384155.25,-1195148.7,1024,512,0.15,153.6,76.8,L0_1024_s512,2,page_00002
-384155.25,-1195225.5,552,-384155.25,-1195225.5,1024,512,0.15,153.6,76.8,L0_1024_s512,2,page_00002
-384155.25,-1195302.3,553,-384155.25,-1195302.3,1024,512,0.15,153.6,76.8,L0_1024_s512,2,page_00002
-384155.25,-1195379.1,554,-384155.25,-1195379.1,1024,512,0.15,153.6,76.8,L0_1024_s512,2,page_00002
-384155.25,-1195455.9,555,-384155.25,-1195455.9,1024,512,0.15,153.6,76.8,L0_1024_s512,2,page_00002
-384155.25,-1195532.7,556,-384155.25,-1195532.7,1024,512,0.15,153.6,76.8,L0_1024_s512,2,page_00002
-384155.25,-1195609.5,557,-384155.25,-1195609.5,1024,512,0.15,153.6,76.8,L0_1024_s512,2,page_00002
-384155.25,-1195686.3,558,-384155.25,-1195686.3,1024,512,0.15,153.6,76.8,L0_1024_s512,2,page_00002
-384155.25,-1195763.1,559,-384155.25,-1195763.1,1024,512,0.15,153.6,76.8,L0_1024_s512,2,page_00002
-384155.25,-1195839.9,560,-384155.25,-1195839.9,1024,512,0.15,153.6,76.8,L0_1024_s512,2,page_00002
-384155.25,-1195916.7,561,-384155.25,-1195916.7,1024,512,0.15,153.6,76.8,L0_1024_s512,2,page_00002
-384078.45,-1194073.5,588,-384078.45,-1194073.5,1024,512,0.15,153.6,76.8,L0_1024_s512,2,page_00002
-384078.45,-1194150.3,589,-384078.45,-1194150.3,1024,512,0.15,153.6,76.8,L0_1024_s512,2,page_00002
-384078.45,-1194227.1,590,-384078.45,-1194227.1,1024,512,0.15,153.6,76.8,L0_1024_s512,2,page_00002
-384078.45,-1194303.9,591,-384078.45,-1194303.9,1024,512,0.15,153.6,76.8,L0_1024_s512,2,page_00002
-384078.45,-1194380.7,592,-384078.45,-1194380.7,1024,512,0.15,153.6,76.8,L0_1024_s512,2,page_00002
-384078.45,-1194457.5,593,-384078.45,-1194457.5,1024,512,0.15,153.6,76.8,L0_1024_s512,2,page_00002
-384078.45,-1194534.3,594,-384078.45,-1194534.3,1024,512,0.15,153.6,76.8,L0_1024_s512,2,page_00002
-384078.45,-1194611.1,595,-384078.45,-1194611.1,1024,512,0.15,153.6,76.8,L0_1024_s512,2,page_00002
-384078.45,-1194687.9,596,-384078.45,-1194687.9,1024,512,0.15,153.6,76.8,L0_1024_s512,2,page_00002
-384078.45,-1194764.7,597,-384078.45,-1194764.7,1024,512,0.15,153.6,76.8,L0_1024_s512,2,page_00002
-384078.45,-1194841.5,598,-384078.45,-1194841.5,1024,512,0.15,153.6,76.8,L0_1024_s512,2,page_00002
-384078.45,-1194918.3,599,-384078.45,-1194918.3,1024,512,0.15,153.6,76.8,L0_1024_s512,2,page_00002
-384078.45,-1194995.1,600,-384078.45,-1194995.1,1024,512,0.15,153.6,76.8,L0_1024_s512,2,page_00002
-384078.45,-1195071.9,601,-384078.45,-1195071.9,1024,512,0.15,153.6,76.8,L0_1024_s512,2,page_00002
-384078.45,-1195148.7,602,-384078.45,-1195148.7,1024,512,0.15,153.6,76.8,L0_1024_s512,2,page_00002
-384078.45,-1195225.5,603,-384078.45,-1195225.5,1024,512,0.15,153.6,76.8,L0_1024_s512,2,page_00002
-384078.45,-1195302.3,604,-384078.45,-1195302.3,1024,512,0.15,153.6,76.8,L0_1024_s512,2,page_00002
-384078.45,-1195379.1,605,-384078.45,-1195379.1,1024,512,0.15,153.6,76.8,L0_1024_s512,2,page_00002
-384078.45,-1195455.9,606,-384078.45,-1195455.9,1024,512,0.15,153.6,76.8,L0_1024_s512,2,page_00002
-384078.45,-1195532.7,607,-384078.45,-1195532.7,1024,512,0.15,153.6,76.8,L0_1024_s512,2,page_00002
-384078.45,-1195609.5,608,-384078.45,-1195609.5,1024,512,0.15,153.6,76.8,L0_1024_s512,2,page_00002
-384078.45,-1195686.3,609,-384078.45,-1195686.3,1024,512,0.15,153.6,76.8,L0_1024_s512,2,page_00002
-384078.45,-1195763.1,610,-384078.45,-1195763.1,1024,512,0.15,153.6,76.8,L0_1024_s512,2,page_00002
-384078.45,-1195839.9,611,-384078.45,-1195839.9,1024,512,0.15,153.6,76.8,L0_1024_s512,2,page_00002
-384078.45,-1195916.7,612,-384078.45,-1195916.7,1024,512,0.15,153.6,76.8,L0_1024_s512,2,page_00002
-384001.65,-1194687.9,647,-384001.65,-1194687.9,1024,512,0.15,153.6,76.8,L0_1024_s512,2,page_00002
-384001.65,-1194611.1,646,-384001.65,-1194611.1,1024,512,0.15,153.6,76.8,L0_1024_s512,2,page_00002
-384001.65,-1194534.3,645,-384001.65,-1194534.3,1024,512,0.15,153.6,76.8,L0_1024_s512,2,page_00002
-384001.65,-1194457.5,644,-384001.65,-1194457.5,1024,512,0.15,153.6,76.8,L0_1024_s512,2,page_00002
-384001.65,-1194380.7,643,-384001.65,-1194380.7,1024,512,0.15,153.6,76.8,L0_1024_s512,2,page_00002
-384001.65,-1194303.9,642,-384001.65,-1194303.9,1024,512,0.15,153.6,76.8,L0_1024_s512,2,page_00002
-384001.65,-1194227.1,641,-384001.65,-1194227.1,1024,512,0.15,153.6,76.8,L0_1024_s512,2,page_00002
-384001.65,-1194150.3,640,-384001.65,-1194150.3,1024,512,0.15,153.6,76.8,L0_1024_s512,2,page_00002
-384001.65,-1194073.5,639,-384001.65,-1194073.5,1024,512,0.15,153.6,76.8,L0_1024_s512,2,page_00002
-384001.65,-1194764.7,648,-384001.65,-1194764.7,1024,512,0.15,153.6,76.8,L0_1024_s512,2,page_00002
-384001.65,-1194841.5,649,-384001.65,-1194841.5,1024,512,0.15,153.6,76.8,L0_1024_s512,2,page_00002
-384001.65,-1194918.3,650,-384001.65,-1194918.3,1024,512,0.15,153.6,76.8,L0_1024_s512,2,page_00002
-384001.65,-1194995.1,651,-384001.65,-1194995.1,1024,512,0.15,153.6,76.8,L0_1024_s512,2,page_00002
-384001.65,-1195071.9,652,-384001.65,-1195071.9,1024,512,0.15,153.6,76.8,L0_1024_s512,2,page_00002
-384001.65,-1195148.7,653,-384001.65,-1195148.7,1024,512,0.15,153.6,76.8,L0_1024_s512,2,page_00002
-384001.65,-1195225.5,654,-384001.65,-1195225.5,1024,512,0.15,153.6,76.8,L0_1024_s512,2,page_00002
-384001.65,-1195302.3,655,-384001.65,-1195302.3,1024,512,0.15,153.6,76.8,L0_1024_s512,2,page_00002
-384001.65,-1195379.1,656,-384001.65,-1195379.1,1024,512,0.15,153.6,76.8,L0_1024_s512,2,page_00002
-384001.65,-1195455.9,657,-384001.65,-1195455.9,1024,512,0.15,153.6,76.8,L0_1024_s512,2,page_00002
-384001.65,-1195532.7,658,-384001.65,-1195532.7,1024,512,0.15,153.6,76.8,L0_1024_s512,2,page_00002
-384001.65,-1195609.5,659,-384001.65,-1195609.5,1024,512,0.15,153.6,76.8,L0_1024_s512,2,page_00002
-384001.65,-1195686.3,660,-384001.65,-1195686.3,1024,512,0.15,153.6,76.8,L0_1024_s512,2,page_00002
-384001.65,-1195763.1,661,-384001.65,-1195763.1,1024,512,0.15,153.6,76.8,L0_1024_s512,2,page_00002
-384001.65,-1195839.9,662,-384001.65,-1195839.9,1024,512,0.15,153.6,76.8,L0_1024_s512,2,page_00002
-384001.65,-1195916.7,663,-384001.65,-1195916.7,1024,512,0.15,153.6,76.8,L0_1024_s512,2,page_00002
-383924.85,-1194073.5,690,-383924.85,-1194073.5,1024,512,0.15,153.6,76.8,L0_1024_s512,2,page_00002
-383924.85,-1194150.3,691,-383924.85,-1194150.3,1024,512,0.15,153.6,76.8,L0_1024_s512,2,page_00002
-383924.85,-1194227.1,692,-383924.85,-1194227.1,1024,512,0.15,153.6,76.8,L0_1024_s512,2,page_00002
-383924.85,-1194303.9,693,-383924.85,-1194303.9,1024,512,0.15,153.6,76.8,L0_1024_s512,2,page_00002
-383924.85,-1194380.7,694,-383924.85,-1194380.7,1024,512,0.15,153.6,76.8,L0_1024_s512,2,page_00002
-383924.85,-1194457.5,695,-383924.85,-1194457.5,1024,512,0.15,153.6,76.8,L0_1024_s512,2,page_00002
-383924.85,-1194534.3,696,-383924.85,-1194534.3,1024,512,0.15,153.6,76.8,L0_1024_s512,2,page_00002
-383924.85,-1194611.1,697,-383924.85,-1194611.1,1024,512,0.15,153.6,76.8,L0_1024_s512,2,page_00002
-383924.85,-1194687.9,698,-383924.85,-1194687.9,1024,512,0.15,153.6,76.8,L0_1024_s512,2,page_00002
-383924.85,-1194764.7,699,-383924.85,-1194764.7,1024,512,0.15,153.6,76.8,L0_1024_s512,2,page_00002
-383924.85,-1194841.5,700,-383924.85,-1194841.5,1024,512,0.15,153.6,76.8,L0_1024_s512,2,page_00002
-383924.85,-1194918.3,701,-383924.85,-1194918.3,1024,512,0.15,153.6,76.8,L0_1024_s512,2,page_00002
-383924.85,-1194995.1,702,-383924.85,-1194995.1,1024,512,0.15,153.6,76.8,L0_1024_s512,2,page_00002
-383924.85,-1195071.9,703,-383924.85,-1195071.9,1024,512,0.15,153.6,76.8,L0_1024_s512,2,page_00002
-383924.85,-1195148.7,704,-383924.85,-1195148.7,1024,512,0.15,153.6,76.8,L0_1024_s512,2,page_00002
-383924.85,-1195225.5,705,-383924.85,-1195225.5,1024,512,0.15,153.6,76.8,L0_1024_s512,2,page_00002
-383924.85,-1195302.3,706,-383924.85,-1195302.3,1024,512,0.15,153.6,76.8,L0_1024_s512,2,page_00002
-383924.85,-1195379.1,707,-383924.85,-1195379.1,1024,512,0.15,153.6,76.8,L0_1024_s512,2,page_00002
-383924.85,-1195455.9,708,-383924.85,-1195455.9,1024,512,0.15,153.6,76.8,L0_1024_s512,2,page_00002
-383924.85,-1195532.7,709,-383924.85,-1195532.7,1024,512,0.15,153.6,76.8,L0_1024_s512,2,page_00002
-383924.85,-1195609.5,710,-383924.85,-1195609.5,1024,512,0.15,153.6,76.8,L0_1024_s512,2,page_00002
-383924.85,-1195686.3,711,-383924.85,-1195686.3,1024,512,0.15,153.6,76.8,L0_1024_s512,2,page_00002
-383924.85,-1195763.1,712,-383924.85,-1195763.1,1024,512,0.15,153.6,76.8,L0_1024_s512,2,page_00002
-383924.85,-1195839.9,713,-383924.85,-1195839.9,1024,512,0.15,153.6,76.8,L0_1024_s512,2,page_00002
-383924.85,-1195916.7,714,-383924.85,-1195916.7,1024,512,0.15,153.6,76.8,L0_1024_s512,2,page_00002
-383848.05,-1194073.5,741,-383848.05,-1194073.5,1024,512,0.15,153.6,76.8,L0_1024_s512,2,page_00002
-383848.05,-1194150.3,742,-383848.05,-1194150.3,1024,512,0.15,153.6,76.8,L0_1024_s512,2,page_00002
-383848.05,-1194227.1,743,-383848.05,-1194227.1,1024,512,0.15,153.6,76.8,L0_1024_s512,2,page_00002
-383848.05,-1194303.9,744,-383848.05,-1194303.9,1024,512,0.15,153.6,76.8,L0_1024_s512,2,page_00002
-383848.05,-1194380.7,745,-383848.05,-1194380.7,1024,512,0.15,153.6,76.8,L0_1024_s512,2,page_00002
-383848.05,-1194457.5,746,-383848.05,-1194457.5,1024,512,0.15,153.6,76.8,L0_1024_s512,2,page_00002
-383848.05,-1194534.3,747,-383848.05,-1194534.3,1024,512,0.15,153.6,76.8,L0_1024_s512,2,page_00002
-383848.05,-1194611.1,748,-383848.05,-1194611.1,1024,512,0.15,153.6,76.8,L0_1024_s512,2,page_00002
-383848.05,-1194687.9,749,-383848.05,-1194687.9,1024,512,0.15,153.6,76.8,L0_1024_s512,2,page_00002
-383848.05,-1194764.7,750,-383848.05,-1194764.7,1024,512,0.15,153.6,76.8,L0_1024_s512,2,page_00002
-383848.05,-1194841.5,751,-383848.05,-1194841.5,1024,512,0.15,153.6,76.8,L0_1024_s512,2,page_00002
-383848.05,-1194918.3,752,-383848.05,-1194918.3,1024,512,0.15,153.6,76.8,L0_1024_s512,2,page_00002
-383848.05,-1194995.1,753,-383848.05,-1194995.1,1024,512,0.15,153.6,76.8,L0_1024_s512,2,page_00002
-383848.05,-1195071.9,754,-383848.05,-1195071.9,1024,512,0.15,153.6,76.8,L0_1024_s512,2,page_00002
-383848.05,-1195148.7,755,-383848.05,-1195148.7,1024,512,0.15,153.6,76.8,L0_1024_s512,2,page_00002
-383848.05,-1195225.5,756,-383848.05,-1195225.5,1024,512,0.15,153.6,76.8,L0_1024_s512,2,page_00002
-383848.05,-1195302.3,757,-383848.05,-1195302.3,1024,512,0.15,153.6,76.8,L0_1024_s512,2,page_00002
-383848.05,-1195379.1,758,-383848.05,-1195379.1,1024,512,0.15,153.6,76.8,L0_1024_s512,2,page_00002
-383848.05,-1195455.9,759,-383848.05,-1195455.9,1024,512,0.15,153.6,76.8,L0_1024_s512,2,page_00002
-383848.05,-1195532.7,760,-383848.05,-1195532.7,1024,512,0.15,153.6,76.8,L0_1024_s512,2,page_00002
-383848.05,-1195609.5,761,-383848.05,-1195609.5,1024,512,0.15,153.6,76.8,L0_1024_s512,2,page_00002
-383848.05,-1195686.3,762,-383848.05,-1195686.3,1024,512,0.15,153.6,76.8,L0_1024_s512,2,page_00002
-383848.05,-1195763.1,763,-383848.05,-1195763.1,1024,512,0.15,153.6,76.8,L0_1024_s512,2,page_00002
-383848.05,-1195839.9,764,-383848.05,-1195839.9,1024,512,0.15,153.6,76.8,L0_1024_s512,2,page_00002
-383848.05,-1195916.7,765,-383848.05,-1195916.7,1024,512,0.15,153.6,76.8,L0_1024_s512,2,page_00002
-383771.25,-1194073.5,792,-383771.25,-1194073.5,1024,512,0.15,153.6,76.8,L0_1024_s512,2,page_00002
-383771.25,-1194150.3,793,-383771.25,-1194150.3,1024,512,0.15,153.6,76.8,L0_1024_s512,2,page_00002
-383771.25,-1194227.1,794,-383771.25,-1194227.1,1024,512,0.15,153.6,76.8,L0_1024_s512,2,page_00002
-383771.25,-1194303.9,795,-383771.25,-1194303.9,1024,512,0.15,153.6,76.8,L0_1024_s512,2,page_00002
-383771.25,-1194380.7,796,-383771.25,-1194380.7,1024,512,0.15,153.6,76.8,L0_1024_s512,2,page_00002
-383771.25,-1194457.5,797,-383771.25,-1194457.5,1024,512,0.15,153.6,76.8,L0_1024_s512,2,page_00002
-383771.25,-1194534.3,798,-383771.25,-1194534.3,1024,512,0.15,153.6,76.8,L0_1024_s512,2,page_00002
-383771.25,-1194611.1,799,-383771.25,-1194611.1,1024,512,0.15,153.6,76.8,L0_1024_s512,2,page_00002
-383771.25,-1194687.9,800,-383771.25,-1194687.9,1024,512,0.15,153.6,76.8,L0_1024_s512,2,page_00002
-383771.25,-1194764.7,801,-383771.25,-1194764.7,1024,512,0.15,153.6,76.8,L0_1024_s512,2,page_00002
-383771.25,-1194841.5,802,-383771.25,-1194841.5,1024,512,0.15,153.6,76.8,L0_1024_s512,2,page_00002
-383771.25,-1194918.3,803,-383771.25,-1194918.3,1024,512,0.15,153.6,76.8,L0_1024_s512,2,page_00002
-383771.25,-1194995.1,804,-383771.25,-1194995.1,1024,512,0.15,153.6,76.8,L0_1024_s512,2,page_00002
-383771.25,-1195071.9,805,-383771.25,-1195071.9,1024,512,0.15,153.6,76.8,L0_1024_s512,2,page_00002
-383771.25,-1195148.7,806,-383771.25,-1195148.7,1024,512,0.15,153.6,76.8,L0_1024_s512,2,page_00002
-383771.25,-1195225.5,807,-383771.25,-1195225.5,1024,512,0.15,153.6,76.8,L0_1024_s512,2,page_00002
-383771.25,-1195302.3,808,-383771.25,-1195302.3,1024,512,0.15,153.6,76.8,L0_1024_s512,2,page_00002
-383771.25,-1195379.1,809,-383771.25,-1195379.1,1024,512,0.15,153.6,76.8,L0_1024_s512,2,page_00002
-383771.25,-1195455.9,810,-383771.25,-1195455.9,1024,512,0.15,153.6,76.8,L0_1024_s512,2,page_00002
-383771.25,-1195532.7,811,-383771.25,-1195532.7,1024,512,0.15,153.6,76.8,L0_1024_s512,2,page_00002
-383771.25,-1195609.5,812,-383771.25,-1195609.5,1024,512,0.15,153.6,76.8,L0_1024_s512,2,page_00002
-383771.25,-1195686.3,813,-383771.25,-1195686.3,1024,512,0.15,153.6,76.8,L0_1024_s512,2,page_00002
-383771.25,-1195763.1,814,-383771.25,-1195763.1,1024,512,0.15,153.6,76.8,L0_1024_s512,2,page_00002
-383771.25,-1195839.9,815,-383771.25,-1195839.9,1024,512,0.15,153.6,76.8,L0_1024_s512,2,page_00002
-383771.25,-1195916.7,816,-383771.25,-1195916.7,1024,512,0.15,153.6,76.8,L0_1024_s512,2,page_00002
-383694.45,-1194073.5,843,-383694.45,-1194073.5,1024,512,0.15,153.6,76.8,L0_1024_s512,2,page_00002
-383694.45,-1194150.3,844,-383694.45,-1194150.3,1024,512,0.15,153.6,76.8,L0_1024_s512,2,page_00002
-383694.45,-1194227.1,845,-383694.45,-1194227.1,1024,512,0.15,153.6,76.8,L0_1024_s512,2,page_00002
-383694.45,-1194303.9,846,-383694.45,-1194303.9,1024,512,0.15,153.6,76.8,L0_1024_s512,2,page_00002
-383694.45,-1194380.7,847,-383694.45,-1194380.7,1024,512,0.15,153.6,76.8,L0_1024_s512,2,page_00002
-383694.45,-1194457.5,848,-383694.45,-1194457.5,1024,512,0.15,153.6,76.8,L0_1024_s512,2,page_00002
-383694.45,-1194534.3,849,-383694.45,-1194534.3,1024,512,0.15,153.6,76.8,L0_1024_s512,2,page_00002
-383694.45,-1194611.1,850,-383694.45,-1194611.1,1024,512,0.15,153.6,76.8,L0_1024_s512,2,page_00002
-383694.45,-1194687.9,851,-383694.45,-1194687.9,1024,512,0.15,153.6,76.8,L0_1024_s512,2,page_00002
-383694.45,-1194764.7,852,-383694.45,-1194764.7,1024,512,0.15,153.6,76.8,L0_1024_s512,2,page_00002
-383694.45,-1194841.5,853,-383694.45,-1194841.5,1024,512,0.15,153.6,76.8,L0_1024_s512,2,page_00002
-383694.45,-1194918.3,854,-383694.45,-1194918.3,1024,512,0.15,153.6,76.8,L0_1024_s512,2,page_00002
-383694.45,-1194995.1,855,-383694.45,-1194995.1,1024,512,0.15,153.6,76.8,L0_1024_s512,2,page_00002
-383694.45,-1195071.9,856,-383694.45,-1195071.9,1024,512,0.15,153.6,76.8,L0_1024_s512,2,page_00002
-383694.45,-1195148.7,857,-383694.45,-1195148.7,1024,512,0.15,153.6,76.8,L0_1024_s512,2,page_00002
-383694.45,-1195225.5,858,-383694.45,-1195225.5,1024,512,0.15,153.6,76.8,L0_1024_s512,2,page_00002
-383694.45,-1195302.3,859,-383694.45,-1195302.3,1024,512,0.15,153.6,76.8,L0_1024_s512,2,page_00002
-383694.45,-1195379.1,860,-383694.45,-1195379.1,1024,512,0.15,153.6,76.8,L0_1024_s512,2,page_00002
-383694.45,-1195455.9,861,-383694.45,-1195455.9,1024,512,0.15,153.6,76.8,L0_1024_s512,2,page_00002
-383694.45,-1195532.7,862,-383694.45,-1195532.7,1024,512,0.15,153.6,76.8,L0_1024_s512,2,page_00002
-383694.45,-1195609.5,863,-383694.45,-1195609.5,1024,512,0.15,153.6,76.8,L0_1024_s512,2,page_00002
-383694.45,-1195686.3,864,-383694.45,-1195686.3,1024,512,0.15,153.6,76.8,L0_1024_s512,2,page_00002
-383694.45,-1195763.1,865,-383694.45,-1195763.1,1024,512,0.15,153.6,76.8,L0_1024_s512,2,page_00002
-383694.45,-1195839.9,866,-383694.45,-1195839.9,1024,512,0.15,153.6,76.8,L0_1024_s512,2,page_00002
-383694.45,-1195916.7,867,-383694.45,-1195916.7,1024,512,0.15,153.6,76.8,L0_1024_s512,2,page_00002
-383617.65,-1194073.5,894,-383617.65,-1194073.5,1024,512,0.15,153.6,76.8,L0_1024_s512,2,page_00002
-383617.65,-1194150.3,895,-383617.65,-1194150.3,1024,512,0.15,153.6,76.8,L0_1024_s512,2,page_00002
-383617.65,-1194227.1,896,-383617.65,-1194227.1,1024,512,0.15,153.6,76.8,L0_1024_s512,2,page_00002
-383617.65,-1194303.9,897,-383617.65,-1194303.9,1024,512,0.15,153.6,76.8,L0_1024_s512,2,page_00002
-383617.65,-1194380.7,898,-383617.65,-1194380.7,1024,512,0.15,153.6,76.8,L0_1024_s512,2,page_00002
-383617.65,-1194457.5,899,-383617.65,-1194457.5,1024,512,0.15,153.6,76.8,L0_1024_s512,2,page_00002
-383617.65,-1194534.3,900,-383617.65,-1194534.3,1024,512,0.15,153.6,76.8,L0_1024_s512,2,page_00002
-383617.65,-1194611.1,901,-383617.65,-1194611.1,1024,512,0.15,153.6,76.8,L0_1024_s512,2,page_00002
-383617.65,-1194687.9,902,-383617.65,-1194687.9,1024,512,0.15,153.6,76.8,L0_1024_s512,2,page_00002
-383617.65,-1194764.7,903,-383617.65,-1194764.7,1024,512,0.15,153.6,76.8,L0_1024_s512,2,page_00002
-383617.65,-1194841.5,904,-383617.65,-1194841.5,1024,512,0.15,153.6,76.8,L0_1024_s512,2,page_00002
-383617.65,-1194918.3,905,-383617.65,-1194918.3,1024,512,0.15,153.6,76.8,L0_1024_s512,2,page_00002
-383617.65,-1194995.1,906,-383617.65,-1194995.1,1024,512,0.15,153.6,76.8,L0_1024_s512,2,page_00002
-383617.65,-1195071.9,907,-383617.65,-1195071.9,1024,512,0.15,153.6,76.8,L0_1024_s512,2,page_00002
-383617.65,-1195148.7,908,-383617.65,-1195148.7,1024,512,0.15,153.6,76.8,L0_1024_s512,2,page_00002
-383617.65,-1195225.5,909,-383617.65,-1195225.5,1024,512,0.15,153.6,76.8,L0_1024_s512,2,page_00002
-383617.65,-1195302.3,910,-383617.65,-1195302.3,1024,512,0.15,153.6,76.8,L0_1024_s512,2,page_00002
-383617.65,-1195379.1,911,-383617.65,-1195379.1,1024,512,0.15,153.6,76.8,L0_1024_s512,2,page_00002
-383617.65,-1195455.9,912,-383617.65,-1195455.9,1024,512,0.15,153.6,76.8,L0_1024_s512,2,page_00002
-383617.65,-1195532.7,913,-383617.65,-1195532.7,1024,512,0.15,153.6,76.8,L0_1024_s512,2,page_00002
-383617.65,-1195609.5,914,-383617.65,-1195609.5,1024,512,0.15,153.6,76.8,L0_1024_s512,2,page_00002
-383617.65,-1195686.3,915,-383617.65,-1195686.3,1024,512,0.15,153.6,76.8,L0_1024_s512,2,page_00002
-383617.65,-1195763.1,916,-383617.65,-1195763.1,1024,512,0.15,153.6,76.8,L0_1024_s512,2,page_00002
-383617.65,-1195839.9,917,-383617.65,-1195839.9,1024,512,0.15,153.6,76.8,L0_1024_s512,2,page_00002
-383617.65,-1195916.7,918,-383617.65,-1195916.7,1024,512,0.15,153.6,76.8,L0_1024_s512,2,page_00002
-383540.85,-1194073.5,945,-383540.85,-1194073.5,1024,512,0.15,153.6,76.8,L0_1024_s512,2,page_00002
-383540.85,-1194150.3,946,-383540.85,-1194150.3,1024,512,0.15,153.6,76.8,L0_1024_s512,2,page_00002
-383540.85,-1194227.1,947,-383540.85,-1194227.1,1024,512,0.15,153.6,76.8,L0_1024_s512,2,page_00002
-383540.85,-1194303.9,948,-383540.85,-1194303.9,1024,512,0.15,153.6,76.8,L0_1024_s512,2,page_00002
-383540.85,-1194380.7,949,-383540.85,-1194380.7,1024,512,0.15,153.6,76.8,L0_1024_s512,2,page_00002
-383540.85,-1194457.5,950,-383540.85,-1194457.5,1024,512,0.15,153.6,76.8,L0_1024_s512,2,page_00002
-383540.85,-1194534.3,951,-383540.85,-1194534.3,1024,512,0.15,153.6,76.8,L0_1024_s512,2,page_00002
-383540.85,-1194611.1,952,-383540.85,-1194611.1,1024,512,0.15,153.6,76.8,L0_1024_s512,2,page_00002
-383540.85,-1194687.9,953,-383540.85,-1194687.9,1024,512,0.15,153.6,76.8,L0_1024_s512,2,page_00002
-383540.85,-1194764.7,954,-383540.85,-1194764.7,1024,512,0.15,153.6,76.8,L0_1024_s512,2,page_00002
-383540.85,-1194841.5,955,-383540.85,-1194841.5,1024,512,0.15,153.6,76.8,L0_1024_s512,2,page_00002
-383540.85,-1194918.3,956,-383540.85,-1194918.3,1024,512,0.15,153.6,76.8,L0_1024_s512,2,page_00002
-383540.85,-1194995.1,957,-383540.85,-1194995.1,1024,512,0.15,153.6,76.8,L0_1024_s512,2,page_00002
-383540.85,-1195071.9,958,-383540.85,-1195071.9,1024,512,0.15,153.6,76.8,L0_1024_s512,2,page_00002
-383540.85,-1195148.7,959,-383540.85,-1195148.7,1024,512,0.15,153.6,76.8,L0_1024_s512,2,page_00002
-383540.85,-1195225.5,960,-383540.85,-1195225.5,1024,512,0.15,153.6,76.8,L0_1024_s512,2,page_00002
-383540.85,-1195302.3,961,-383540.85,-1195302.3,1024,512,0.15,153.6,76.8,L0_1024_s512,2,page_00002
-383540.85,-1195379.1,962,-383540.85,-1195379.1,1024,512,0.15,153.6,76.8,L0_1024_s512,2,page_00002
-383540.85,-1195455.9,963,-383540.85,-1195455.9,1024,512,0.15,153.6,76.8,L0_1024_s512,2,page_00002
-383540.85,-1195532.7,964,-383540.85,-1195532.7,1024,512,0.15,153.6,76.8,L0_1024_s512,2,page_00002
-383540.85,-1195609.5,965,-383540.85,-1195609.5,1024,512,0.15,153.6,76.8,L0_1024_s512,2,page_00002
-383540.85,-1195686.3,966,-383540.85,-1195686.3,1024,512,0.15,153.6,76.8,L0_1024_s512,2,page_00002
-383540.85,-1195763.1,967,-383540.85,-1195763.1,1024,512,0.15,153.6,76.8,L0_1024_s512,2,page_00002
-383540.85,-1195839.9,968,-383540.85,-1195839.9,1024,512,0.15,153.6,76.8,L0_1024_s512,2,page_00002
-383540.85,-1195916.7,969,-383540.85,-1195916.7,1024,512,0.15,153.6,76.8,L0_1024_s512,2,page_00002
-383464.05,-1194073.5,996,-383464.05,-1194073.5,1024,512,0.15,153.6,76.8,L0_1024_s512,2,page_00002
-383464.05,-1194150.3,997,-383464.05,-1194150.3,1024,512,0.15,153.6,76.8,L0_1024_s512,2,page_00002
-383464.05,-1194227.1,998,-383464.05,-1194227.1,1024,512,0.15,153.6,76.8,L0_1024_s512,2,page_00002
-383464.05,-1194303.9,999,-383464.05,-1194303.9,1024,512,0.15,153.6,76.8,L0_1024_s512,2,page_00002
-383464.05,-1194380.7,1000,-383464.05,-1194380.7,1024,512,0.15,153.6,76.8,L0_1024_s512,2,page_00002
-383464.05,-1194457.5,1001,-383464.05,-1194457.5,1024,512,0.15,153.6,76.8,L0_1024_s512,2,page_00002
-383464.05,-1194534.3,1002,-383464.05,-1194534.3,1024,512,0.15,153.6,76.8,L0_1024_s512,2,page_00002
-383464.05,-1194611.1,1003,-383464.05,-1194611.1,1024,512,0.15,153.6,76.8,L0_1024_s512,2,page_00002
-383464.05,-1194687.9,1004,-383464.05,-1194687.9,1024,512,0.15,153.6,76.8,L0_1024_s512,2,page_00002
-383464.05,-1194764.7,1005,-383464.05,-1194764.7,1024,512,0.15,153.6,76.8,L0_1024_s512,2,page_00002
-383464.05,-1194841.5,1006,-383464.05,-1194841.5,1024,512,0.15,153.6,76.8,L0_1024_s512,2,page_00002
-383464.05,-1194918.3,1007,-383464.05,-1194918.3,1024,512,0.15,153.6,76.8,L0_1024_s512,2,page_00002
-383464.05,-1194995.1,1008,-383464.05,-1194995.1,1024,512,0.15,153.6,76.8,L0_1024_s512,2,page_00002
-383464.05,-1195071.9,1009,-383464.05,-1195071.9,1024,512,0.15,153.6,76.8,L0_1024_s512,2,page_00002
-383464.05,-1195148.7,1010,-383464.05,-1195148.7,1024,512,0.15,153.6,76.8,L0_1024_s512,2,page_00002
-383464.05,-1195225.5,1011,-383464.05,-1195225.5,1024,512,0.15,153.6,76.8,L0_1024_s512,2,page_00002
-383464.05,-1195302.3,1012,-383464.05,-1195302.3,1024,512,0.15,153.6,76.8,L0_1024_s512,2,page_00002
-383464.05,-1195379.1,1013,-383464.05,-1195379.1,1024,512,0.15,153.6,76.8,L0_1024_s512,2,page_00002
-383464.05,-1195455.9,1014,-383464.05,-1195455.9,1024,512,0.15,153.6,76.8,L0_1024_s512,2,page_00002
-383464.05,-1195532.7,1015,-383464.05,-1195532.7,1024,512,0.15,153.6,76.8,L0_1024_s512,2,page_00002
-383464.05,-1195609.5,1016,-383464.05,-1195609.5,1024,512,0.15,153.6,76.8,L0_1024_s512,2,page_00002
-383464.05,-1195686.3,1017,-383464.05,-1195686.3,1024,512,0.15,153.6,76.8,L0_1024_s512,2,page_00002
-383464.05,-1195763.1,1018,-383464.05,-1195763.1,1024,512,0.15,153.6,76.8,L0_1024_s512,2,page_00002
-383464.05,-1195839.9,1019,-383464.05,-1195839.9,1024,512,0.15,153.6,76.8,L0_1024_s512,2,page_00002
-383464.05,-1195916.7,1020,-383464.05,-1195916.7,1024,512,0.15,153.6,76.8,L0_1024_s512,2,page_00002
-383387.25,-1194073.5,1047,-383387.25,-1194073.5,1024,512,0.15,153.6,76.8,L0_1024_s512,2,page_00002
-383387.25,-1194150.3,1048,-383387.25,-1194150.3,1024,512,0.15,153.6,76.8,L0_1024_s512,2,page_00002
-383387.25,-1194227.1,1049,-383387.25,-1194227.1,1024,512,0.15,153.6,76.8,L0_1024_s512,2,page_00002
-383387.25,-1194303.9,1050,-383387.25,-1194303.9,1024,512,0.15,153.6,76.8,L0_1024_s512,2,page_00002
-383387.25,-1194380.7,1051,-383387.25,-1194380.7,1024,512,0.15,153.6,76.8,L0_1024_s512,2,page_00002
-383387.25,-1194457.5,1052,-383387.25,-1194457.5,1024,512,0.15,153.6,76.8,L0_1024_s512,2,page_00002
-383387.25,-1194534.3,1053,-383387.25,-1194534.3,1024,512,0.15,153.6,76.8,L0_1024_s512,2,page_00002
-383387.25,-1194611.1,1054,-383387.25,-1194611.1,1024,512,0.15,153.6,76.8,L0_1024_s512,2,page_00002
-383387.25,-1194687.9,1055,-383387.25,-1194687.9,1024,512,0.15,153.6,76.8,L0_1024_s512,2,page_00002
-383387.25,-1194764.7,1056,-383387.25,-1194764.7,1024,512,0.15,153.6,76.8,L0_1024_s512,2,page_00002
-383387.25,-1194841.5,1057,-383387.25,-1194841.5,1024,512,0.15,153.6,76.8,L0_1024_s512,2,page_00002
-383387.25,-1194918.3,1058,-383387.25,-1194918.3,1024,512,0.15,153.6,76.8,L0_1024_s512,2,page_00002
-383387.25,-1194995.1,1059,-383387.25,-1194995.1,1024,512,0.15,153.6,76.8,L0_1024_s512,2,page_00002
-383387.25,-1195071.9,1060,-383387.25,-1195071.9,1024,512,0.15,153.6,76.8,L0_1024_s512,2,page_00002
-383387.25,-1195148.7,1061,-383387.25,-1195148.7,1024,512,0.15,153.6,76.8,L0_1024_s512,2,page_00002
-383387.25,-1195225.5,1062,-383387.25,-1195225.5,1024,512,0.15,153.6,76.8,L0_1024_s512,2,page_00002
-383387.25,-1195302.3,1063,-383387.25,-1195302.3,1024,512,0.15,153.6,76.8,L0_1024_s512,2,page_00002
-383387.25,-1195379.1,1064,-383387.25,-1195379.1,1024,512,0.15,153.6,76.8,L0_1024_s512,2,page_00002
-383387.25,-1195455.9,1065,-383387.25,-1195455.9,1024,512,0.15,153.6,76.8,L0_1024_s512,2,page_00002
-383387.25,-1195532.7,1066,-383387.25,-1195532.7,1024,512,0.15,153.6,76.8,L0_1024_s512,2,page_00002
-383387.25,-1195609.5,1067,-383387.25,-1195609.5,1024,512,0.15,153.6,76.8,L0_1024_s512,2,page_00002
-383387.25,-1195686.3,1068,-383387.25,-1195686.3,1024,512,0.15,153.6,76.8,L0_1024_s512,2,page_00002
-383387.25,-1195763.1,1069,-383387.25,-1195763.1,1024,512,0.15,153.6,76.8,L0_1024_s512,2,page_00002
-383387.25,-1195839.9,1070,-383387.25,-1195839.9,1024,512,0.15,153.6,76.8,L0_1024_s512,2,page_00002
-383387.25,-1195916.7,1071,-383387.25,-1195916.7,1024,512,0.15,153.6,76.8,L0_1024_s512,2,page_00002
-383310.45,-1194073.5,1098,-383310.45,-1194073.5,1024,512,0.15,153.6,76.8,L0_1024_s512,2,page_00002
-383310.45,-1194150.3,1099,-383310.45,-1194150.3,1024,512,0.15,153.6,76.8,L0_1024_s512,2,page_00002
-383310.45,-1194227.1,1100,-383310.45,-1194227.1,1024,512,0.15,153.6,76.8,L0_1024_s512,2,page_00002
-383310.45,-1194303.9,1101,-383310.45,-1194303.9,1024,512,0.15,153.6,76.8,L0_1024_s512,2,page_00002
-383310.45,-1194380.7,1102,-383310.45,-1194380.7,1024,512,0.15,153.6,76.8,L0_1024_s512,2,page_00002
-383310.45,-1194457.5,1103,-383310.45,-1194457.5,1024,512,0.15,153.6,76.8,L0_1024_s512,2,page_00002
-383310.45,-1194534.3,1104,-383310.45,-1194534.3,1024,512,0.15,153.6,76.8,L0_1024_s512,2,page_00002
-383310.45,-1194611.1,1105,-383310.45,-1194611.1,1024,512,0.15,153.6,76.8,L0_1024_s512,2,page_00002
-383310.45,-1194687.9,1106,-383310.45,-1194687.9,1024,512,0.15,153.6,76.8,L0_1024_s512,2,page_00002
-383310.45,-1194764.7,1107,-383310.45,-1194764.7,1024,512,0.15,153.6,76.8,L0_1024_s512,2,page_00002
-383310.45,-1194841.5,1108,-383310.45,-1194841.5,1024,512,0.15,153.6,76.8,L0_1024_s512,2,page_00002
-383310.45,-1194918.3,1109,-383310.45,-1194918.3,1024,512,0.15,153.6,76.8,L0_1024_s512,2,page_00002
-383310.45,-1194995.1,1110,-383310.45,-1194995.1,1024,512,0.15,153.6,76.8,L0_1024_s512,2,page_00002
-383310.45,-1195071.9,1111,-383310.45,-1195071.9,1024,512,0.15,153.6,76.8,L0_1024_s512,2,page_00002
-383310.45,-1195148.7,1112,-383310.45,-1195148.7,1024,512,0.15,153.6,76.8,L0_1024_s512,2,page_00002
-383310.45,-1195225.5,1113,-383310.45,-1195225.5,1024,512,0.15,153.6,76.8,L0_1024_s512,2,page_00002
-383310.45,-1195302.3,1114,-383310.45,-1195302.3,1024,512,0.15,153.6,76.8,L0_1024_s512,2,page_00002
-383310.45,-1195379.1,1115,-383310.45,-1195379.1,1024,512,0.15,153.6,76.8,L0_1024_s512,2,page_00002
-383310.45,-1195455.9,1116,-383310.45,-1195455.9,1024,512,0.15,153.6,76.8,L0_1024_s512,2,page_00002
-383310.45,-1195532.7,1117,-383310.45,-1195532.7,1024,512,0.15,153.6,76.8,L0_1024_s512,2,page_00002
-383310.45,-1195609.5,1118,-383310.45,-1195609.5,1024,512,0.15,153.6,76.8,L0_1024_s512,2,page_00002
-383310.45,-1195686.3,1119,-383310.45,-1195686.3,1024,512,0.15,153.6,76.8,L0_1024_s512,2,page_00002
-383310.45,-1195763.1,1120,-383310.45,-1195763.1,1024,512,0.15,153.6,76.8,L0_1024_s512,2,page_00002
-383310.45,-1195839.9,1121,-383310.45,-1195839.9,1024,512,0.15,153.6,76.8,L0_1024_s512,2,page_00002
-383310.45,-1195916.7,1122,-383310.45,-1195916.7,1024,512,0.15,153.6,76.8,L0_1024_s512,2,page_00002
-383233.65,-1194073.5,1149,-383233.65,-1194073.5,1024,512,0.15,153.6,76.8,L0_1024_s512,2,page_00002
-383233.65,-1194150.3,1150,-383233.65,-1194150.3,1024,512,0.15,153.6,76.8,L0_1024_s512,2,page_00002
-383233.65,-1194227.1,1151,-383233.65,-1194227.1,1024,512,0.15,153.6,76.8,L0_1024_s512,2,page_00002
-383233.65,-1194303.9,1152,-383233.65,-1194303.9,1024,512,0.15,153.6,76.8,L0_1024_s512,2,page_00002
-383233.65,-1194380.7,1153,-383233.65,-1194380.7,1024,512,0.15,153.6,76.8,L0_1024_s512,2,page_00002
-383233.65,-1194457.5,1154,-383233.65,-1194457.5,1024,512,0.15,153.6,76.8,L0_1024_s512,2,page_00002
-383233.65,-1194534.3,1155,-383233.65,-1194534.3,1024,512,0.15,153.6,76.8,L0_1024_s512,2,page_00002
-383233.65,-1194611.1,1156,-383233.65,-1194611.1,1024,512,0.15,153.6,76.8,L0_1024_s512,2,page_00002
-383233.65,-1194687.9,1157,-383233.65,-1194687.9,1024,512,0.15,153.6,76.8,L0_1024_s512,2,page_00002
-383233.65,-1194764.7,1158,-383233.65,-1194764.7,1024,512,0.15,153.6,76.8,L0_1024_s512,2,page_00002
-383233.65,-1194841.5,1159,-383233.65,-1194841.5,1024,512,0.15,153.6,76.8,L0_1024_s512,2,page_00002
-383233.65,-1194918.3,1160,-383233.65,-1194918.3,1024,512,0.15,153.6,76.8,L0_1024_s512,2,page_00002
-383233.65,-1194995.1,1161,-383233.65,-1194995.1,1024,512,0.15,153.6,76.8,L0_1024_s512,2,page_00002
-383233.65,-1195071.9,1162,-383233.65,-1195071.9,1024,512,0.15,153.6,76.8,L0_1024_s512,2,page_00002
-383233.65,-1195148.7,1163,-383233.65,-1195148.7,1024,512,0.15,153.6,76.8,L0_1024_s512,2,page_00002
-383233.65,-1195225.5,1164,-383233.65,-1195225.5,1024,512,0.15,153.6,76.8,L0_1024_s512,2,page_00002
-383233.65,-1195302.3,1165,-383233.65,-1195302.3,1024,512,0.15,153.6,76.8,L0_1024_s512,2,page_00002
-383233.65,-1195379.1,1166,-383233.65,-1195379.1,1024,512,0.15,153.6,76.8,L0_1024_s512,2,page_00002
-383233.65,-1195455.9,1167,-383233.65,-1195455.9,1024,512,0.15,153.6,76.8,L0_1024_s512,2,page_00002
-383233.65,-1195532.7,1168,-383233.65,-1195532.7,1024,512,0.15,153.6,76.8,L0_1024_s512,2,page_00002
-383233.65,-1195609.5,1169,-383233.65,-1195609.5,1024,512,0.15,153.6,76.8,L0_1024_s512,2,page_00002
-383233.65,-1195686.3,1170,-383233.65,-1195686.3,1024,512,0.15,153.6,76.8,L0_1024_s512,2,page_00002
-383233.65,-1195763.1,1171,-383233.65,-1195763.1,1024,512,0.15,153.6,76.8,L0_1024_s512,2,page_00002
-383233.65,-1195839.9,1172,-383233.65,-1195839.9,1024,512,0.15,153.6,76.8,L0_1024_s512,2,page_00002
-383233.65,-1195916.7,1173,-383233.65,-1195916.7,1024,512,0.15,153.6,76.8,L0_1024_s512,2,page_00002
-383156.85,-1194073.5,1200,-383156.85,-1194073.5,1024,512,0.15,153.6,76.8,L0_1024_s512,2,page_00002
-383156.85,-1194150.3,1201,-383156.85,-1194150.3,1024,512,0.15,153.6,76.8,L0_1024_s512,2,page_00002
-383156.85,-1194227.1,1202,-383156.85,-1194227.1,1024,512,0.15,153.6,76.8,L0_1024_s512,2,page_00002
-383156.85,-1194303.9,1203,-383156.85,-1194303.9,1024,512,0.15,153.6,76.8,L0_1024_s512,2,page_00002
-383156.85,-1194380.7,1204,-383156.85,-1194380.7,1024,512,0.15,153.6,76.8,L0_1024_s512,2,page_00002
-383156.85,-1194457.5,1205,-383156.85,-1194457.5,1024,512,0.15,153.6,76.8,L0_1024_s512,2,page_00002
-383156.85,-1194534.3,1206,-383156.85,-1194534.3,1024,512,0.15,153.6,76.8,L0_1024_s512,2,page_00002
-383156.85,-1194611.1,1207,-383156.85,-1194611.1,1024,512,0.15,153.6,76.8,L0_1024_s512,2,page_00002
-383156.85,-1194687.9,1208,-383156.85,-1194687.9,1024,512,0.15,153.6,76.8,L0_1024_s512,2,page_00002
-383156.85,-1194764.7,1209,-383156.85,-1194764.7,1024,512,0.15,153.6,76.8,L0_1024_s512,2,page_00002
-383156.85,-1194841.5,1210,-383156.85,-1194841.5,1024,512,0.15,153.6,76.8,L0_1024_s512,2,page_00002
-383156.85,-1194918.3,1211,-383156.85,-1194918.3,1024,512,0.15,153.6,76.8,L0_1024_s512,2,page_00002
-383156.85,-1194995.1,1212,-383156.85,-1194995.1,1024,512,0.15,153.6,76.8,L0_1024_s512,2,page_00002
-383156.85,-1195071.9,1213,-383156.85,-1195071.9,1024,512,0.15,153.6,76.8,L0_1024_s512,2,page_00002
-383156.85,-1195148.7,1214,-383156.85,-1195148.7,1024,512,0.15,153.6,76.8,L0_1024_s512,2,page_00002
-383156.85,-1195225.5,1215,-383156.85,-1195225.5,1024,512,0.15,153.6,76.8,L0_1024_s512,2,page_00002
-383156.85,-1195302.3,1216,-383156.85,-1195302.3,1024,512,0.15,153.6,76.8,L0_1024_s512,2,page_00002
-383156.85,-1195379.1,1217,-383156.85,-1195379.1,1024,512,0.15,153.6,76.8,L0_1024_s512,2,page_00002
-383156.85,-1195455.9,1218,-383156.85,-1195455.9,1024,512,0.15,153.6,76.8,L0_1024_s512,2,page_00002
-383156.85,-1195532.7,1219,-383156.85,-1195532.7,1024,512,0.15,153.6,76.8,L0_1024_s512,2,page_00002
-383156.85,-1195609.5,1220,-383156.85,-1195609.5,1024,512,0.15,153.6,76.8,L0_1024_s512,2,page_00002
-383156.85,-1195686.3,1221,-383156.85,-1195686.3,1024,512,0.15,153.6,76.8,L0_1024_s512,2,page_00002
-383156.85,-1195763.1,1222,-383156.85,-1195763.1,1024,512,0.15,153.6,76.8,L0_1024_s512,2,page_00002
-383156.85,-1195839.9,1223,-383156.85,-1195839.9,1024,512,0.15,153.6,76.8,L0_1024_s512,2,page_00002
-383156.85,-1195916.7,1224,-383156.85,-1195916.7,1024,512,0.15,153.6,76.8,L0_1024_s512,2,page_00002
-383080.05,-1195916.7,1275,-383080.05,-1195916.7,1024,512,0.15,153.6,76.8,L0_1024_s512,2,page_00002
-383080.05,-1195839.9,1274,-383080.05,-1195839.9,1024,512,0.15,153.6,76.8,L0_1024_s512,2,page_00002
-383080.05,-1195763.1,1273,-383080.05,-1195763.1,1024,512,0.15,153.6,76.8,L0_1024_s512,2,page_00002
-383080.05,-1195686.3,1272,-383080.05,-1195686.3,1024,512,0.15,153.6,76.8,L0_1024_s512,2,page_00002
-383080.05,-1195609.5,1271,-383080.05,-1195609.5,1024,512,0.15,153.6,76.8,L0_1024_s512,2,page_00002
-383080.05,-1195532.7,1270,-383080.05,-1195532.7,1024,512,0.15,153.6,76.8,L0_1024_s512,2,page_00002
-383080.05,-1195455.9,1269,-383080.05,-1195455.9,1024,512,0.15,153.6,76.8,L0_1024_s512,2,page_00002
-383080.05,-1195379.1,1268,-383080.05,-1195379.1,1024,512,0.15,153.6,76.8,L0_1024_s512,2,page_00002
-383080.05,-1195302.3,1267,-383080.05,-1195302.3,1024,512,0.15,153.6,76.8,L0_1024_s512,2,page_00002
-383080.05,-1195225.5,1266,-383080.05,-1195225.5,1024,512,0.15,153.6,76.8,L0_1024_s512,2,page_00002
-383080.05,-1195148.7,1265,-383080.05,-1195148.7,1024,512,0.15,153.6,76.8,L0_1024_s512,2,page_00002
-383080.05,-1195071.9,1264,-383080.05,-1195071.9,1024,512,0.15,153.6,76.8,L0_1024_s512,2,page_00002
-383080.05,-1194995.1,1263,-383080.05,-1194995.1,1024,512,0.15,153.6,76.8,L0_1024_s512,2,page_00002
-383080.05,-1194918.3,1262,-383080.05,-1194918.3,1024,512,0.15,153.6,76.8,L0_1024_s512,2,page_00002
-383080.05,-1194841.5,1261,-383080.05,-1194841.5,1024,512,0.15,153.6,76.8,L0_1024_s512,2,page_00002
-383080.05,-1194764.7,1260,-383080.05,-1194764.7,1024,512,0.15,153.6,76.8,L0_1024_s512,2,page_00002
-383080.05,-1194687.9,1259,-383080.05,-1194687.9,1024,512,0.15,153.6,76.8,L0_1024_s512,2,page_00002
-383080.05,-1194611.1,1258,-383080.05,-1194611.1,1024,512,0.15,153.6,76.8,L0_1024_s512,2,page_00002
-383080.05,-1194534.3,1257,-383080.05,-1194534.3,1024,512,0.15,153.6,76.8,L0_1024_s512,2,page_00002
-383080.05,-1194457.5,1256,-383080.05,-1194457.5,1024,512,0.15,153.6,76.8,L0_1024_s512,2,page_00002
-383080.05,-1194380.7,1255,-383080.05,-1194380.7,1024,512,0.15,153.6,76.8,L0_1024_s512,2,page_00002
-383080.05,-1194303.9,1254,-383080.05,-1194303.9,1024,512,0.15,153.6,76.8,L0_1024_s512,2,page_00002
-383080.05,-1194227.1,1253,-383080.05,-1194227.1,1024,512,0.15,153.6,76.8,L0_1024_s512,2,page_00002
-383080.05,-1194150.3,1252,-383080.05,-1194150.3,1024,512,0.15,153.6,76.8,L0_1024_s512,2,page_00002
-383080.05,-1194073.5,1251,-383080.05,-1194073.5,1024,512,0.15,153.6,76.8,L0_1024_s512,2,page_00002
-383003.25,-1194764.7,1311,-383003.25,-1194764.7,1024,512,0.15,153.6,76.8,L0_1024_s512,2,page_00002
-383003.25,-1194687.9,1310,-383003.25,-1194687.9,1024,512,0.15,153.6,76.8,L0_1024_s512,2,page_00002
-383003.25,-1194611.1,1309,-383003.25,-1194611.1,1024,512,0.15,153.6,76.8,L0_1024_s512,2,page_00002
-383003.25,-1194534.3,1308,-383003.25,-1194534.3,1024,512,0.15,153.6,76.8,L0_1024_s512,2,page_00002
-383003.25,-1194457.5,1307,-383003.25,-1194457.5,1024,512,0.15,153.6,76.8,L0_1024_s512,2,page_00002
-383003.25,-1194380.7,1306,-383003.25,-1194380.7,1024,512,0.15,153.6,76.8,L0_1024_s512,2,page_00002
-383003.25,-1194303.9,1305,-383003.25,-1194303.9,1024,512,0.15,153.6,76.8,L0_1024_s512,2,page_00002
-383003.25,-1194227.1,1304,-383003.25,-1194227.1,1024,512,0.15,153.6,76.8,L0_1024_s512,2,page_00002
-383003.25,-1194150.3,1303,-383003.25,-1194150.3,1024,512,0.15,153.6,76.8,L0_1024_s512,2,page_00002
-383003.25,-1194073.5,1302,-383003.25,-1194073.5,1024,512,0.15,153.6,76.8,L0_1024_s512,2,page_00002
-383003.25,-1194841.5,1312,-383003.25,-1194841.5,1024,512,0.15,153.6,76.8,L0_1024_s512,2,page_00002
-383003.25,-1194918.3,1313,-383003.25,-1194918.3,1024,512,0.15,153.6,76.8,L0_1024_s512,2,page_00002
-383003.25,-1194995.1,1314,-383003.25,-1194995.1,1024,512,0.15,153.6,76.8,L0_1024_s512,2,page_00002
-383003.25,-1195071.9,1315,-383003.25,-1195071.9,1024,512,0.15,153.6,76.8,L0_1024_s512,2,page_00002
-383003.25,-1195148.7,1316,-383003.25,-1195148.7,1024,512,0.15,153.6,76.8,L0_1024_s512,2,page_00002
-383003.25,-1195225.5,1317,-383003.25,-1195225.5,1024,512,0.15,153.6,76.8,L0_1024_s512,2,page_00002
-383003.25,-1195302.3,1318,-383003.25,-1195302.3,1024,512,0.15,153.6,76.8,L0_1024_s512,2,page_00002
-383003.25,-1195379.1,1319,-383003.25,-1195379.1,1024,512,0.15,153.6,76.8,L0_1024_s512,2,page_00002
-383003.25,-1195455.9,1320,-383003.25,-1195455.9,1024,512,0.15,153.6,76.8,L0_1024_s512,2,page_00002
-383003.25,-1195532.7,1321,-383003.25,-1195532.7,1024,512,0.15,153.6,76.8,L0_1024_s512,2,page_00002
-383003.25,-1195609.5,1322,-383003.25,-1195609.5,1024,512,0.15,153.6,76.8,L0_1024_s512,2,page_00002
-383003.25,-1195686.3,1323,-383003.25,-1195686.3,1024,512,0.15,153.6,76.8,L0_1024_s512,2,page_00002
-383003.25,-1195763.1,1324,-383003.25,-1195763.1,1024,512,0.15,153.6,76.8,L0_1024_s512,2,page_00002
-383003.25,-1195839.9,1325,-383003.25,-1195839.9,1024,512,0.15,153.6,76.8,L0_1024_s512,2,page_00002
-383003.25,-1195916.7,1326,-383003.25,-1195916.7,1024,512,0.15,153.6,76.8,L0_1024_s512,2,page_00002
-382926.45,-1193535.9,1346,-382926.45,-1193535.9,1024,512,0.15,153.6,76.8,L0_1024_s512,3,page_00003
-382926.45,-1193459.1,1345,-382926.45,-1193459.1,1024,512,0.15,153.6,76.8,L0_1024_s512,3,page_00003
-382926.45,-1193382.3,1344,-382926.45,-1193382.3,1024,512,0.15,153.6,76.8,L0_1024_s512,3,page_00003
-382926.45,-1193305.5,1343,-382926.45,-1193305.5,1024,512,0.15,153.6,76.8,L0_1024_s512,3,page_00003
-382926.45,-1193228.7,1342,-382926.45,-1193228.7,1024,512,0.15,153.6,76.8,L0_1024_s512,3,page_00003
-382926.45,-1193151.9,1341,-382926.45,-1193151.9,1024,512,0.15,153.6,76.8,L0_1024_s512,3,page_00003
-382926.45,-1193075.1,1340,-382926.45,-1193075.1,1024,512,0.15,153.6,76.8,L0_1024_s512,3,page_00003
-382926.45,-1192998.3,1339,-382926.45,-1192998.3,1024,512,0.15,153.6,76.8,L0_1024_s512,3,page_00003
-382926.45,-1192921.5,1338,-382926.45,-1192921.5,1024,512,0.15,153.6,76.8,L0_1024_s512,3,page_00003
-382926.45,-1193612.7,1347,-382926.45,-1193612.7,1024,512,0.15,153.6,76.8,L0_1024_s512,3,page_00003
-382926.45,-1193689.5,1348,-382926.45,-1193689.5,1024,512,0.15,153.6,76.8,L0_1024_s512,3,page_00003
-382926.45,-1193766.3,1349,-382926.45,-1193766.3,1024,512,0.15,153.6,76.8,L0_1024_s512,3,page_00003
-382926.45,-1193843.1,1350,-382926.45,-1193843.1,1024,512,0.15,153.6,76.8,L0_1024_s512,3,page_00003
-382926.45,-1193919.9,1351,-382926.45,-1193919.9,1024,512,0.15,153.6,76.8,L0_1024_s512,3,page_00003
-382926.45,-1193996.7,1352,-382926.45,-1193996.7,1024,512,0.15,153.6,76.8,L0_1024_s512,3,page_00003
-382926.45,-1192844.7,1337,-382926.45,-1192844.7,1024,512,0.15,153.6,76.8,L0_1024_s512,3,page_00003
-382926.45,-1192767.9,1336,-382926.45,-1192767.9,1024,512,0.15,153.6,76.8,L0_1024_s512,3,page_00003
-382926.45,-1192691.1,1335,-382926.45,-1192691.1,1024,512,0.15,153.6,76.8,L0_1024_s512,3,page_00003
-382926.45,-1192614.3,1334,-382926.45,-1192614.3,1024,512,0.15,153.6,76.8,L0_1024_s512,3,page_00003
-382849.65,-1192844.7,1388,-382849.65,-1192844.7,1024,512,0.15,153.6,76.8,L0_1024_s512,3,page_00003
-382849.65,-1192767.9,1387,-382849.65,-1192767.9,1024,512,0.15,153.6,76.8,L0_1024_s512,3,page_00003
-382849.65,-1192691.1,1386,-382849.65,-1192691.1,1024,512,0.15,153.6,76.8,L0_1024_s512,3,page_00003
-382849.65,-1192921.5,1389,-382849.65,-1192921.5,1024,512,0.15,153.6,76.8,L0_1024_s512,3,page_00003
-382849.65,-1192614.3,1385,-382849.65,-1192614.3,1024,512,0.15,153.6,76.8,L0_1024_s512,3,page_00003
-382926.45,-1192537.5,1333,-382926.45,-1192537.5,1024,512,0.15,153.6,76.8,L0_1024_s512,3,page_00003
-382926.45,-1192460.7,1332,-382926.45,-1192460.7,1024,512,0.15,153.6,76.8,L0_1024_s512,3,page_00003
-382926.45,-1192383.9,1331,-382926.45,-1192383.9,1024,512,0.15,153.6,76.8,L0_1024_s512,3,page_00003
-382849.65,-1192383.9,1382,-382849.65,-1192383.9,1024,512,0.15,153.6,76.8,L0_1024_s512,3,page_00003
-382849.65,-1192537.5,1384,-382849.65,-1192537.5,1024,512,0.15,153.6,76.8,L0_1024_s512,3,page_00003
-382849.65,-1192460.7,1383,-382849.65,-1192460.7,1024,512,0.15,153.6,76.8,L0_1024_s512,3,page_00003
-382772.85,-1192537.5,1435,-382772.85,-1192537.5,1024,512,0.15,153.6,76.8,L0_1024_s512,3,page_00003
-382772.85,-1192460.7,1434,-382772.85,-1192460.7,1024,512,0.15,153.6,76.8,L0_1024_s512,3,page_00003
-382772.85,-1192383.9,1433,-382772.85,-1192383.9,1024,512,0.15,153.6,76.8,L0_1024_s512,3,page_00003
-382696.05,-1192537.5,1486,-382696.05,-1192537.5,1024,512,0.15,153.6,76.8,L0_1024_s512,3,page_00003
-382696.05,-1192460.7,1485,-382696.05,-1192460.7,1024,512,0.15,153.6,76.8,L0_1024_s512,3,page_00003
-382696.05,-1192383.9,1484,-382696.05,-1192383.9,1024,512,0.15,153.6,76.8,L0_1024_s512,3,page_00003
-382926.45,-1192307.1,1330,-382926.45,-1192307.1,1024,512,0.15,153.6,76.8,L0_1024_s512,3,page_00003
-382926.45,-1192230.3,1329,-382926.45,-1192230.3,1024,512,0.15,153.6,76.8,L0_1024_s512,3,page_00003
-382926.45,-1192153.5,1328,-382926.45,-1192153.5,1024,512,0.15,153.6,76.8,L0_1024_s512,3,page_00003
-382926.45,-1192076.7,1327,-382926.45,-1192076.7,1024,512,0.15,153.6,76.8,L0_1024_s512,3,page_00003
-382849.65,-1192307.1,1381,-382849.65,-1192307.1,1024,512,0.15,153.6,76.8,L0_1024_s512,3,page_00003
-382849.65,-1192230.3,1380,-382849.65,-1192230.3,1024,512,0.15,153.6,76.8,L0_1024_s512,3,page_00003
-382849.65,-1192153.5,1379,-382849.65,-1192153.5,1024,512,0.15,153.6,76.8,L0_1024_s512,3,page_00003
-382849.65,-1192076.7,1378,-382849.65,-1192076.7,1024,512,0.15,153.6,76.8,L0_1024_s512,3,page_00003
-382772.85,-1192307.1,1432,-382772.85,-1192307.1,1024,512,0.15,153.6,76.8,L0_1024_s512,3,page_00003
-382772.85,-1192230.3,1431,-382772.85,-1192230.3,1024,512,0.15,153.6,76.8,L0_1024_s512,3,page_00003
-382772.85,-1192153.5,1430,-382772.85,-1192153.5,1024,512,0.15,153.6,76.8,L0_1024_s512,3,page_00003
-382772.85,-1192076.7,1429,-382772.85,-1192076.7,1024,512,0.15,153.6,76.8,L0_1024_s512,3,page_00003
-382696.05,-1192307.1,1483,-382696.05,-1192307.1,1024,512,0.15,153.6,76.8,L0_1024_s512,3,page_00003
-382696.05,-1192230.3,1482,-382696.05,-1192230.3,1024,512,0.15,153.6,76.8,L0_1024_s512,3,page_00003
-382696.05,-1192153.5,1481,-382696.05,-1192153.5,1024,512,0.15,153.6,76.8,L0_1024_s512,3,page_00003
-382696.05,-1192076.7,1480,-382696.05,-1192076.7,1024,512,0.15,153.6,76.8,L0_1024_s512,3,page_00003
-382619.25,-1192076.7,1531,-382619.25,-1192076.7,1024,512,0.15,153.6,76.8,L0_1024_s512,3,page_00003
-382619.25,-1192153.5,1532,-382619.25,-1192153.5,1024,512,0.15,153.6,76.8,L0_1024_s512,3,page_00003
-382619.25,-1192230.3,1533,-382619.25,-1192230.3,1024,512,0.15,153.6,76.8,L0_1024_s512,3,page_00003
-382619.25,-1192307.1,1534,-382619.25,-1192307.1,1024,512,0.15,153.6,76.8,L0_1024_s512,3,page_00003
-382542.45,-1192076.7,1582,-382542.45,-1192076.7,1024,512,0.15,153.6,76.8,L0_1024_s512,3,page_00003
-382542.45,-1192153.5,1583,-382542.45,-1192153.5,1024,512,0.15,153.6,76.8,L0_1024_s512,3,page_00003
-382542.45,-1192230.3,1584,-382542.45,-1192230.3,1024,512,0.15,153.6,76.8,L0_1024_s512,3,page_00003
-382542.45,-1192307.1,1585,-382542.45,-1192307.1,1024,512,0.15,153.6,76.8,L0_1024_s512,3,page_00003
-382849.65,-1193996.7,1403,-382849.65,-1193996.7,1024,512,0.15,153.6,76.8,L0_1024_s512,3,page_00003
-382849.65,-1193919.9,1402,-382849.65,-1193919.9,1024,512,0.15,153.6,76.8,L0_1024_s512,3,page_00003
-382849.65,-1193843.1,1401,-382849.65,-1193843.1,1024,512,0.15,153.6,76.8,L0_1024_s512,3,page_00003
-382849.65,-1193766.3,1400,-382849.65,-1193766.3,1024,512,0.15,153.6,76.8,L0_1024_s512,3,page_00003
-382849.65,-1193689.5,1399,-382849.65,-1193689.5,1024,512,0.15,153.6,76.8,L0_1024_s512,3,page_00003
-382849.65,-1193612.7,1398,-382849.65,-1193612.7,1024,512,0.15,153.6,76.8,L0_1024_s512,3,page_00003
-382849.65,-1193535.9,1397,-382849.65,-1193535.9,1024,512,0.15,153.6,76.8,L0_1024_s512,3,page_00003
-382849.65,-1193459.1,1396,-382849.65,-1193459.1,1024,512,0.15,153.6,76.8,L0_1024_s512,3,page_00003
-382849.65,-1193382.3,1395,-382849.65,-1193382.3,1024,512,0.15,153.6,76.8,L0_1024_s512,3,page_00003
-382849.65,-1193305.5,1394,-382849.65,-1193305.5,1024,512,0.15,153.6,76.8,L0_1024_s512,3,page_00003
-382849.65,-1193228.7,1393,-382849.65,-1193228.7,1024,512,0.15,153.6,76.8,L0_1024_s512,3,page_00003
-382849.65,-1193151.9,1392,-382849.65,-1193151.9,1024,512,0.15,153.6,76.8,L0_1024_s512,3,page_00003
-382849.65,-1193075.1,1391,-382849.65,-1193075.1,1024,512,0.15,153.6,76.8,L0_1024_s512,3,page_00003
-382849.65,-1192998.3,1390,-382849.65,-1192998.3,1024,512,0.15,153.6,76.8,L0_1024_s512,3,page_00003
-382772.85,-1192614.3,1436,-382772.85,-1192614.3,1024,512,0.15,153.6,76.8,L0_1024_s512,3,page_00003
-382772.85,-1192691.1,1437,-382772.85,-1192691.1,1024,512,0.15,153.6,76.8,L0_1024_s512,3,page_00003
-382772.85,-1192767.9,1438,-382772.85,-1192767.9,1024,512,0.15,153.6,76.8,L0_1024_s512,3,page_00003
-382772.85,-1192844.7,1439,-382772.85,-1192844.7,1024,512,0.15,153.6,76.8,L0_1024_s512,3,page_00003
-382772.85,-1192921.5,1440,-382772.85,-1192921.5,1024,512,0.15,153.6,76.8,L0_1024_s512,3,page_00003
-382772.85,-1192998.3,1441,-382772.85,-1192998.3,1024,512,0.15,153.6,76.8,L0_1024_s512,3,page_00003
-382772.85,-1193075.1,1442,-382772.85,-1193075.1,1024,512,0.15,153.6,76.8,L0_1024_s512,3,page_00003
-382772.85,-1193151.9,1443,-382772.85,-1193151.9,1024,512,0.15,153.6,76.8,L0_1024_s512,3,page_00003
-382772.85,-1193228.7,1444,-382772.85,-1193228.7,1024,512,0.15,153.6,76.8,L0_1024_s512,3,page_00003
-382772.85,-1193305.5,1445,-382772.85,-1193305.5,1024,512,0.15,153.6,76.8,L0_1024_s512,3,page_00003
-382772.85,-1193382.3,1446,-382772.85,-1193382.3,1024,512,0.15,153.6,76.8,L0_1024_s512,3,page_00003
-382772.85,-1193459.1,1447,-382772.85,-1193459.1,1024,512,0.15,153.6,76.8,L0_1024_s512,3,page_00003
-382772.85,-1193535.9,1448,-382772.85,-1193535.9,1024,512,0.15,153.6,76.8,L0_1024_s512,3,page_00003
-382772.85,-1193612.7,1449,-382772.85,-1193612.7,1024,512,0.15,153.6,76.8,L0_1024_s512,3,page_00003
-382772.85,-1193689.5,1450,-382772.85,-1193689.5,1024,512,0.15,153.6,76.8,L0_1024_s512,3,page_00003
-382772.85,-1193766.3,1451,-382772.85,-1193766.3,1024,512,0.15,153.6,76.8,L0_1024_s512,3,page_00003
-382772.85,-1193843.1,1452,-382772.85,-1193843.1,1024,512,0.15,153.6,76.8,L0_1024_s512,3,page_00003
-382772.85,-1193919.9,1453,-382772.85,-1193919.9,1024,512,0.15,153.6,76.8,L0_1024_s512,3,page_00003
-382772.85,-1193996.7,1454,-382772.85,-1193996.7,1024,512,0.15,153.6,76.8,L0_1024_s512,3,page_00003
-382696.05,-1193996.7,1505,-382696.05,-1193996.7,1024,512,0.15,153.6,76.8,L0_1024_s512,3,page_00003
-382696.05,-1193919.9,1504,-382696.05,-1193919.9,1024,512,0.15,153.6,76.8,L0_1024_s512,3,page_00003
-382696.05,-1193843.1,1503,-382696.05,-1193843.1,1024,512,0.15,153.6,76.8,L0_1024_s512,3,page_00003
-382696.05,-1193766.3,1502,-382696.05,-1193766.3,1024,512,0.15,153.6,76.8,L0_1024_s512,3,page_00003
-382696.05,-1193689.5,1501,-382696.05,-1193689.5,1024,512,0.15,153.6,76.8,L0_1024_s512,3,page_00003
-382696.05,-1193612.7,1500,-382696.05,-1193612.7,1024,512,0.15,153.6,76.8,L0_1024_s512,3,page_00003
-382696.05,-1193535.9,1499,-382696.05,-1193535.9,1024,512,0.15,153.6,76.8,L0_1024_s512,3,page_00003
-382696.05,-1193459.1,1498,-382696.05,-1193459.1,1024,512,0.15,153.6,76.8,L0_1024_s512,3,page_00003
-382696.05,-1193382.3,1497,-382696.05,-1193382.3,1024,512,0.15,153.6,76.8,L0_1024_s512,3,page_00003
-382696.05,-1193305.5,1496,-382696.05,-1193305.5,1024,512,0.15,153.6,76.8,L0_1024_s512,3,page_00003
-382696.05,-1193228.7,1495,-382696.05,-1193228.7,1024,512,0.15,153.6,76.8,L0_1024_s512,3,page_00003
-382696.05,-1193151.9,1494,-382696.05,-1193151.9,1024,512,0.15,153.6,76.8,L0_1024_s512,3,page_00003
-382696.05,-1193075.1,1493,-382696.05,-1193075.1,1024,512,0.15,153.6,76.8,L0_1024_s512,3,page_00003
-382696.05,-1192998.3,1492,-382696.05,-1192998.3,1024,512,0.15,153.6,76.8,L0_1024_s512,3,page_00003
-382696.05,-1192921.5,1491,-382696.05,-1192921.5,1024,512,0.15,153.6,76.8,L0_1024_s512,3,page_00003
-382696.05,-1192844.7,1490,-382696.05,-1192844.7,1024,512,0.15,153.6,76.8,L0_1024_s512,3,page_00003
-382696.05,-1192767.9,1489,-382696.05,-1192767.9,1024,512,0.15,153.6,76.8,L0_1024_s512,3,page_00003
-382696.05,-1192691.1,1488,-382696.05,-1192691.1,1024,512,0.15,153.6,76.8,L0_1024_s512,3,page_00003
-382696.05,-1192614.3,1487,-382696.05,-1192614.3,1024,512,0.15,153.6,76.8,L0_1024_s512,3,page_00003
-382619.25,-1192383.9,1535,-382619.25,-1192383.9,1024,512,0.15,153.6,76.8,L0_1024_s512,3,page_00003
-382619.25,-1192460.7,1536,-382619.25,-1192460.7,1024,512,0.15,153.6,76.8,L0_1024_s512,3,page_00003
-382619.25,-1192537.5,1537,-382619.25,-1192537.5,1024,512,0.15,153.6,76.8,L0_1024_s512,3,page_00003
-382619.25,-1192614.3,1538,-382619.25,-1192614.3,1024,512,0.15,153.6,76.8,L0_1024_s512,3,page_00003
-382619.25,-1192691.1,1539,-382619.25,-1192691.1,1024,512,0.15,153.6,76.8,L0_1024_s512,3,page_00003
-382619.25,-1192767.9,1540,-382619.25,-1192767.9,1024,512,0.15,153.6,76.8,L0_1024_s512,3,page_00003
-382619.25,-1192844.7,1541,-382619.25,-1192844.7,1024,512,0.15,153.6,76.8,L0_1024_s512,3,page_00003
-382619.25,-1192921.5,1542,-382619.25,-1192921.5,1024,512,0.15,153.6,76.8,L0_1024_s512,3,page_00003
-382619.25,-1192998.3,1543,-382619.25,-1192998.3,1024,512,0.15,153.6,76.8,L0_1024_s512,3,page_00003
-382619.25,-1193075.1,1544,-382619.25,-1193075.1,1024,512,0.15,153.6,76.8,L0_1024_s512,3,page_00003
-382619.25,-1193151.9,1545,-382619.25,-1193151.9,1024,512,0.15,153.6,76.8,L0_1024_s512,3,page_00003
-382619.25,-1193228.7,1546,-382619.25,-1193228.7,1024,512,0.15,153.6,76.8,L0_1024_s512,3,page_00003
-382619.25,-1193305.5,1547,-382619.25,-1193305.5,1024,512,0.15,153.6,76.8,L0_1024_s512,3,page_00003
-382619.25,-1193382.3,1548,-382619.25,-1193382.3,1024,512,0.15,153.6,76.8,L0_1024_s512,3,page_00003
-382619.25,-1193459.1,1549,-382619.25,-1193459.1,1024,512,0.15,153.6,76.8,L0_1024_s512,3,page_00003
-382619.25,-1193535.9,1550,-382619.25,-1193535.9,1024,512,0.15,153.6,76.8,L0_1024_s512,3,page_00003
-382619.25,-1193612.7,1551,-382619.25,-1193612.7,1024,512,0.15,153.6,76.8,L0_1024_s512,3,page_00003
-382619.25,-1193689.5,1552,-382619.25,-1193689.5,1024,512,0.15,153.6,76.8,L0_1024_s512,3,page_00003
-382619.25,-1193766.3,1553,-382619.25,-1193766.3,1024,512,0.15,153.6,76.8,L0_1024_s512,3,page_00003
-382619.25,-1193843.1,1554,-382619.25,-1193843.1,1024,512,0.15,153.6,76.8,L0_1024_s512,3,page_00003
-382619.25,-1193919.9,1555,-382619.25,-1193919.9,1024,512,0.15,153.6,76.8,L0_1024_s512,3,page_00003
-382619.25,-1193996.7,1556,-382619.25,-1193996.7,1024,512,0.15,153.6,76.8,L0_1024_s512,3,page_00003
-382542.45,-1192383.9,1586,-382542.45,-1192383.9,1024,512,0.15,153.6,76.8,L0_1024_s512,3,page_00003
-382542.45,-1192460.7,1587,-382542.45,-1192460.7,1024,512,0.15,153.6,76.8,L0_1024_s512,3,page_00003
-382542.45,-1192537.5,1588,-382542.45,-1192537.5,1024,512,0.15,153.6,76.8,L0_1024_s512,3,page_00003
-382542.45,-1192614.3,1589,-382542.45,-1192614.3,1024,512,0.15,153.6,76.8,L0_1024_s512,3,page_00003
-382542.45,-1192691.1,1590,-382542.45,-1192691.1,1024,512,0.15,153.6,76.8,L0_1024_s512,3,page_00003
-382542.45,-1192767.9,1591,-382542.45,-1192767.9,1024,512,0.15,153.6,76.8,L0_1024_s512,3,page_00003
-382542.45,-1192844.7,1592,-382542.45,-1192844.7,1024,512,0.15,153.6,76.8,L0_1024_s512,3,page_00003
-382542.45,-1192921.5,1593,-382542.45,-1192921.5,1024,512,0.15,153.6,76.8,L0_1024_s512,3,page_00003
-382542.45,-1192998.3,1594,-382542.45,-1192998.3,1024,512,0.15,153.6,76.8,L0_1024_s512,3,page_00003
-382542.45,-1193075.1,1595,-382542.45,-1193075.1,1024,512,0.15,153.6,76.8,L0_1024_s512,3,page_00003
-382542.45,-1193151.9,1596,-382542.45,-1193151.9,1024,512,0.15,153.6,76.8,L0_1024_s512,3,page_00003
-382542.45,-1193228.7,1597,-382542.45,-1193228.7,1024,512,0.15,153.6,76.8,L0_1024_s512,3,page_00003
-382542.45,-1193305.5,1598,-382542.45,-1193305.5,1024,512,0.15,153.6,76.8,L0_1024_s512,3,page_00003
-382542.45,-1193382.3,1599,-382542.45,-1193382.3,1024,512,0.15,153.6,76.8,L0_1024_s512,3,page_00003
-382542.45,-1193459.1,1600,-382542.45,-1193459.1,1024,512,0.15,153.6,76.8,L0_1024_s512,3,page_00003
-382542.45,-1193535.9,1601,-382542.45,-1193535.9,1024,512,0.15,153.6,76.8,L0_1024_s512,3,page_00003
-382542.45,-1193612.7,1602,-382542.45,-1193612.7,1024,512,0.15,153.6,76.8,L0_1024_s512,3,page_00003
-382542.45,-1193689.5,1603,-382542.45,-1193689.5,1024,512,0.15,153.6,76.8,L0_1024_s512,3,page_00003
-382542.45,-1193766.3,1604,-382542.45,-1193766.3,1024,512,0.15,153.6,76.8,L0_1024_s512,3,page_00003
-382542.45,-1193843.1,1605,-382542.45,-1193843.1,1024,512,0.15,153.6,76.8,L0_1024_s512,3,page_00003
-382542.45,-1193919.9,1606,-382542.45,-1193919.9,1024,512,0.15,153.6,76.8,L0_1024_s512,3,page_00003
-382542.45,-1193996.7,1607,-382542.45,-1193996.7,1024,512,0.15,153.6,76.8,L0_1024_s512,3,page_00003
-382465.65,-1192383.9,1637,-382465.65,-1192383.9,1024,512,0.15,153.6,76.8,L0_1024_s512,3,page_00003
-382465.65,-1192460.7,1638,-382465.65,-1192460.7,1024,512,0.15,153.6,76.8,L0_1024_s512,3,page_00003
-382465.65,-1192537.5,1639,-382465.65,-1192537.5,1024,512,0.15,153.6,76.8,L0_1024_s512,3,page_00003
-382465.65,-1192614.3,1640,-382465.65,-1192614.3,1024,512,0.15,153.6,76.8,L0_1024_s512,3,page_00003
-382465.65,-1192691.1,1641,-382465.65,-1192691.1,1024,512,0.15,153.6,76.8,L0_1024_s512,3,page_00003
-382465.65,-1192767.9,1642,-382465.65,-1192767.9,1024,512,0.15,153.6,76.8,L0_1024_s512,3,page_00003
-382465.65,-1192844.7,1643,-382465.65,-1192844.7,1024,512,0.15,153.6,76.8,L0_1024_s512,3,page_00003
-382465.65,-1192921.5,1644,-382465.65,-1192921.5,1024,512,0.15,153.6,76.8,L0_1024_s512,3,page_00003
-382465.65,-1192998.3,1645,-382465.65,-1192998.3,1024,512,0.15,153.6,76.8,L0_1024_s512,3,page_00003
-382465.65,-1193075.1,1646,-382465.65,-1193075.1,1024,512,0.15,153.6,76.8,L0_1024_s512,3,page_00003
-382465.65,-1193151.9,1647,-382465.65,-1193151.9,1024,512,0.15,153.6,76.8,L0_1024_s512,3,page_00003
-382465.65,-1193228.7,1648,-382465.65,-1193228.7,1024,512,0.15,153.6,76.8,L0_1024_s512,3,page_00003
-382465.65,-1193305.5,1649,-382465.65,-1193305.5,1024,512,0.15,153.6,76.8,L0_1024_s512,3,page_00003
-382465.65,-1193382.3,1650,-382465.65,-1193382.3,1024,512,0.15,153.6,76.8,L0_1024_s512,3,page_00003
-382465.65,-1193459.1,1651,-382465.65,-1193459.1,1024,512,0.15,153.6,76.8,L0_1024_s512,3,page_00003
-382465.65,-1193535.9,1652,-382465.65,-1193535.9,1024,512,0.15,153.6,76.8,L0_1024_s512,3,page_00003
-382465.65,-1193612.7,1653,-382465.65,-1193612.7,1024,512,0.15,153.6,76.8,L0_1024_s512,3,page_00003
-382465.65,-1193689.5,1654,-382465.65,-1193689.5,1024,512,0.15,153.6,76.8,L0_1024_s512,3,page_00003
-382465.65,-1193766.3,1655,-382465.65,-1193766.3,1024,512,0.15,153.6,76.8,L0_1024_s512,3,page_00003
-382465.65,-1193843.1,1656,-382465.65,-1193843.1,1024,512,0.15,153.6,76.8,L0_1024_s512,3,page_00003
-382465.65,-1193919.9,1657,-382465.65,-1193919.9,1024,512,0.15,153.6,76.8,L0_1024_s512,3,page_00003
-382465.65,-1193996.7,1658,-382465.65,-1193996.7,1024,512,0.15,153.6,76.8,L0_1024_s512,3,page_00003
-382465.65,-1192307.1,1636,-382465.65,-1192307.1,1024,512,0.15,153.6,76.8,L0_1024_s512,3,page_00003
-382465.65,-1192230.3,1635,-382465.65,-1192230.3,1024,512,0.15,153.6,76.8,L0_1024_s512,3,page_00003
-382465.65,-1192153.5,1634,-382465.65,-1192153.5,1024,512,0.15,153.6,76.8,L0_1024_s512,3,page_00003
-382465.65,-1192076.7,1633,-382465.65,-1192076.7,1024,512,0.15,153.6,76.8,L0_1024_s512,3,page_00003
-382388.85,-1192307.1,1687,-382388.85,-1192307.1,1024,512,0.15,153.6,76.8,L0_1024_s512,3,page_00003
-382388.85,-1192230.3,1686,-382388.85,-1192230.3,1024,512,0.15,153.6,76.8,L0_1024_s512,3,page_00003
-382388.85,-1192153.5,1685,-382388.85,-1192153.5,1024,512,0.15,153.6,76.8,L0_1024_s512,3,page_00003
-382388.85,-1192076.7,1684,-382388.85,-1192076.7,1024,512,0.15,153.6,76.8,L0_1024_s512,3,page_00003
-382312.05,-1192307.1,1738,-382312.05,-1192307.1,1024,512,0.15,153.6,76.8,L0_1024_s512,3,page_00003
-382312.05,-1192230.3,1737,-382312.05,-1192230.3,1024,512,0.15,153.6,76.8,L0_1024_s512,3,page_00003
-382312.05,-1192153.5,1736,-382312.05,-1192153.5,1024,512,0.15,153.6,76.8,L0_1024_s512,3,page_00003
-382312.05,-1192076.7,1735,-382312.05,-1192076.7,1024,512,0.15,153.6,76.8,L0_1024_s512,3,page_00003
-382235.25,-1192383.9,1790,-382235.25,-1192383.9,1024,512,0.15,153.6,76.8,L0_1024_s512,3,page_00003
-382235.25,-1192307.1,1789,-382235.25,-1192307.1,1024,512,0.15,153.6,76.8,L0_1024_s512,3,page_00003
-382235.25,-1192230.3,1788,-382235.25,-1192230.3,1024,512,0.15,153.6,76.8,L0_1024_s512,3,page_00003
-382235.25,-1192153.5,1787,-382235.25,-1192153.5,1024,512,0.15,153.6,76.8,L0_1024_s512,3,page_00003
-382235.25,-1192076.7,1786,-382235.25,-1192076.7,1024,512,0.15,153.6,76.8,L0_1024_s512,3,page_00003
-382158.45,-1192307.1,1840,-382158.45,-1192307.1,1024,512,0.15,153.6,76.8,L0_1024_s512,3,page_00003
-382158.45,-1192383.9,1841,-382158.45,-1192383.9,1024,512,0.15,153.6,76.8,L0_1024_s512,3,page_00003
-382158.45,-1192230.3,1839,-382158.45,-1192230.3,1024,512,0.15,153.6,76.8,L0_1024_s512,3,page_00003
-382158.45,-1192153.5,1838,-382158.45,-1192153.5,1024,512,0.15,153.6,76.8,L0_1024_s512,3,page_00003
-382158.45,-1192076.7,1837,-382158.45,-1192076.7,1024,512,0.15,153.6,76.8,L0_1024_s512,3,page_00003
-382388.85,-1192383.9,1688,-382388.85,-1192383.9,1024,512,0.15,153.6,76.8,L0_1024_s512,3,page_00003
-382388.85,-1192460.7,1689,-382388.85,-1192460.7,1024,512,0.15,153.6,76.8,L0_1024_s512,3,page_00003
-382388.85,-1192537.5,1690,-382388.85,-1192537.5,1024,512,0.15,153.6,76.8,L0_1024_s512,3,page_00003
-382388.85,-1192614.3,1691,-382388.85,-1192614.3,1024,512,0.15,153.6,76.8,L0_1024_s512,3,page_00003
-382388.85,-1192691.1,1692,-382388.85,-1192691.1,1024,512,0.15,153.6,76.8,L0_1024_s512,3,page_00003
-382388.85,-1192767.9,1693,-382388.85,-1192767.9,1024,512,0.15,153.6,76.8,L0_1024_s512,3,page_00003
-382388.85,-1192844.7,1694,-382388.85,-1192844.7,1024,512,0.15,153.6,76.8,L0_1024_s512,3,page_00003
-382388.85,-1192921.5,1695,-382388.85,-1192921.5,1024,512,0.15,153.6,76.8,L0_1024_s512,3,page_00003
-382388.85,-1192998.3,1696,-382388.85,-1192998.3,1024,512,0.15,153.6,76.8,L0_1024_s512,3,page_00003
-382388.85,-1193075.1,1697,-382388.85,-1193075.1,1024,512,0.15,153.6,76.8,L0_1024_s512,3,page_00003
-382388.85,-1193151.9,1698,-382388.85,-1193151.9,1024,512,0.15,153.6,76.8,L0_1024_s512,3,page_00003
-382388.85,-1193228.7,1699,-382388.85,-1193228.7,1024,512,0.15,153.6,76.8,L0_1024_s512,3,page_00003
-382388.85,-1193305.5,1700,-382388.85,-1193305.5,1024,512,0.15,153.6,76.8,L0_1024_s512,3,page_00003
-382388.85,-1193382.3,1701,-382388.85,-1193382.3,1024,512,0.15,153.6,76.8,L0_1024_s512,3,page_00003
-382388.85,-1193459.1,1702,-382388.85,-1193459.1,1024,512,0.15,153.6,76.8,L0_1024_s512,3,page_00003
-382388.85,-1193535.9,1703,-382388.85,-1193535.9,1024,512,0.15,153.6,76.8,L0_1024_s512,3,page_00003
-382388.85,-1193612.7,1704,-382388.85,-1193612.7,1024,512,0.15,153.6,76.8,L0_1024_s512,3,page_00003
-382388.85,-1193689.5,1705,-382388.85,-1193689.5,1024,512,0.15,153.6,76.8,L0_1024_s512,3,page_00003
-382388.85,-1193766.3,1706,-382388.85,-1193766.3,1024,512,0.15,153.6,76.8,L0_1024_s512,3,page_00003
-382388.85,-1193843.1,1707,-382388.85,-1193843.1,1024,512,0.15,153.6,76.8,L0_1024_s512,3,page_00003
-382388.85,-1193919.9,1708,-382388.85,-1193919.9,1024,512,0.15,153.6,76.8,L0_1024_s512,3,page_00003
-382388.85,-1193996.7,1709,-382388.85,-1193996.7,1024,512,0.15,153.6,76.8,L0_1024_s512,3,page_00003
-382312.05,-1192383.9,1739,-382312.05,-1192383.9,1024,512,0.15,153.6,76.8,L0_1024_s512,3,page_00003
-382312.05,-1192460.7,1740,-382312.05,-1192460.7,1024,512,0.15,153.6,76.8,L0_1024_s512,3,page_00003
-382312.05,-1192537.5,1741,-382312.05,-1192537.5,1024,512,0.15,153.6,76.8,L0_1024_s512,3,page_00003
-382312.05,-1192614.3,1742,-382312.05,-1192614.3,1024,512,0.15,153.6,76.8,L0_1024_s512,3,page_00003
-382312.05,-1192691.1,1743,-382312.05,-1192691.1,1024,512,0.15,153.6,76.8,L0_1024_s512,3,page_00003
-382312.05,-1192767.9,1744,-382312.05,-1192767.9,1024,512,0.15,153.6,76.8,L0_1024_s512,3,page_00003
-382312.05,-1192844.7,1745,-382312.05,-1192844.7,1024,512,0.15,153.6,76.8,L0_1024_s512,3,page_00003
-382312.05,-1192921.5,1746,-382312.05,-1192921.5,1024,512,0.15,153.6,76.8,L0_1024_s512,3,page_00003
-382312.05,-1192998.3,1747,-382312.05,-1192998.3,1024,512,0.15,153.6,76.8,L0_1024_s512,3,page_00003
-382312.05,-1193075.1,1748,-382312.05,-1193075.1,1024,512,0.15,153.6,76.8,L0_1024_s512,3,page_00003
-382312.05,-1193151.9,1749,-382312.05,-1193151.9,1024,512,0.15,153.6,76.8,L0_1024_s512,3,page_00003
-382312.05,-1193228.7,1750,-382312.05,-1193228.7,1024,512,0.15,153.6,76.8,L0_1024_s512,3,page_00003
-382312.05,-1193305.5,1751,-382312.05,-1193305.5,1024,512,0.15,153.6,76.8,L0_1024_s512,3,page_00003
-382312.05,-1193382.3,1752,-382312.05,-1193382.3,1024,512,0.15,153.6,76.8,L0_1024_s512,3,page_00003
-382312.05,-1193459.1,1753,-382312.05,-1193459.1,1024,512,0.15,153.6,76.8,L0_1024_s512,3,page_00003
-382312.05,-1193535.9,1754,-382312.05,-1193535.9,1024,512,0.15,153.6,76.8,L0_1024_s512,3,page_00003
-382312.05,-1193612.7,1755,-382312.05,-1193612.7,1024,512,0.15,153.6,76.8,L0_1024_s512,3,page_00003
-382312.05,-1193689.5,1756,-382312.05,-1193689.5,1024,512,0.15,153.6,76.8,L0_1024_s512,3,page_00003
-382312.05,-1193766.3,1757,-382312.05,-1193766.3,1024,512,0.15,153.6,76.8,L0_1024_s512,3,page_00003
-382312.05,-1193843.1,1758,-382312.05,-1193843.1,1024,512,0.15,153.6,76.8,L0_1024_s512,3,page_00003
-382312.05,-1193919.9,1759,-382312.05,-1193919.9,1024,512,0.15,153.6,76.8,L0_1024_s512,3,page_00003
-382312.05,-1193996.7,1760,-382312.05,-1193996.7,1024,512,0.15,153.6,76.8,L0_1024_s512,3,page_00003
-382235.25,-1192460.7,1791,-382235.25,-1192460.7,1024,512,0.15,153.6,76.8,L0_1024_s512,3,page_00003
-382235.25,-1192537.5,1792,-382235.25,-1192537.5,1024,512,0.15,153.6,76.8,L0_1024_s512,3,page_00003
-382235.25,-1192614.3,1793,-382235.25,-1192614.3,1024,512,0.15,153.6,76.8,L0_1024_s512,3,page_00003
-382235.25,-1192691.1,1794,-382235.25,-1192691.1,1024,512,0.15,153.6,76.8,L0_1024_s512,3,page_00003
-382235.25,-1192767.9,1795,-382235.25,-1192767.9,1024,512,0.15,153.6,76.8,L0_1024_s512,3,page_00003
-382235.25,-1192844.7,1796,-382235.25,-1192844.7,1024,512,0.15,153.6,76.8,L0_1024_s512,3,page_00003
-382235.25,-1192921.5,1797,-382235.25,-1192921.5,1024,512,0.15,153.6,76.8,L0_1024_s512,3,page_00003
-382235.25,-1192998.3,1798,-382235.25,-1192998.3,1024,512,0.15,153.6,76.8,L0_1024_s512,3,page_00003
-382235.25,-1193075.1,1799,-382235.25,-1193075.1,1024,512,0.15,153.6,76.8,L0_1024_s512,3,page_00003
-382235.25,-1193151.9,1800,-382235.25,-1193151.9,1024,512,0.15,153.6,76.8,L0_1024_s512,3,page_00003
-382235.25,-1193228.7,1801,-382235.25,-1193228.7,1024,512,0.15,153.6,76.8,L0_1024_s512,3,page_00003
-382235.25,-1193305.5,1802,-382235.25,-1193305.5,1024,512,0.15,153.6,76.8,L0_1024_s512,3,page_00003
-382235.25,-1193382.3,1803,-382235.25,-1193382.3,1024,512,0.15,153.6,76.8,L0_1024_s512,3,page_00003
-382235.25,-1193459.1,1804,-382235.25,-1193459.1,1024,512,0.15,153.6,76.8,L0_1024_s512,3,page_00003
-382235.25,-1193535.9,1805,-382235.25,-1193535.9,1024,512,0.15,153.6,76.8,L0_1024_s512,3,page_00003
-382235.25,-1193612.7,1806,-382235.25,-1193612.7,1024,512,0.15,153.6,76.8,L0_1024_s512,3,page_00003
-382235.25,-1193689.5,1807,-382235.25,-1193689.5,1024,512,0.15,153.6,76.8,L0_1024_s512,3,page_00003
-382235.25,-1193766.3,1808,-382235.25,-1193766.3,1024,512,0.15,153.6,76.8,L0_1024_s512,3,page_00003
-382235.25,-1193843.1,1809,-382235.25,-1193843.1,1024,512,0.15,153.6,76.8,L0_1024_s512,3,page_00003
-382235.25,-1193919.9,1810,-382235.25,-1193919.9,1024,512,0.15,153.6,76.8,L0_1024_s512,3,page_00003
-382235.25,-1193996.7,1811,-382235.25,-1193996.7,1024,512,0.15,153.6,76.8,L0_1024_s512,3,page_00003
-382158.45,-1193996.7,1862,-382158.45,-1193996.7,1024,512,0.15,153.6,76.8,L0_1024_s512,3,page_00003
-382158.45,-1193919.9,1861,-382158.45,-1193919.9,1024,512,0.15,153.6,76.8,L0_1024_s512,3,page_00003
-382158.45,-1193843.1,1860,-382158.45,-1193843.1,1024,512,0.15,153.6,76.8,L0_1024_s512,3,page_00003
-382158.45,-1193766.3,1859,-382158.45,-1193766.3,1024,512,0.15,153.6,76.8,L0_1024_s512,3,page_00003
-382158.45,-1193689.5,1858,-382158.45,-1193689.5,1024,512,0.15,153.6,76.8,L0_1024_s512,3,page_00003
-382158.45,-1193612.7,1857,-382158.45,-1193612.7,1024,512,0.15,153.6,76.8,L0_1024_s512,3,page_00003
-382158.45,-1193535.9,1856,-382158.45,-1193535.9,1024,512,0.15,153.6,76.8,L0_1024_s512,3,page_00003
-382158.45,-1193459.1,1855,-382158.45,-1193459.1,1024,512,0.15,153.6,76.8,L0_1024_s512,3,page_00003
-382158.45,-1193382.3,1854,-382158.45,-1193382.3,1024,512,0.15,153.6,76.8,L0_1024_s512,3,page_00003
-382158.45,-1193305.5,1853,-382158.45,-1193305.5,1024,512,0.15,153.6,76.8,L0_1024_s512,3,page_00003
-382158.45,-1193228.7,1852,-382158.45,-1193228.7,1024,512,0.15,153.6,76.8,L0_1024_s512,3,page_00003
-382158.45,-1193151.9,1851,-382158.45,-1193151.9,1024,512,0.15,153.6,76.8,L0_1024_s512,3,page_00003
-382158.45,-1193075.1,1850,-382158.45,-1193075.1,1024,512,0.15,153.6,76.8,L0_1024_s512,3,page_00003
-382158.45,-1192998.3,1849,-382158.45,-1192998.3,1024,512,0.15,153.6,76.8,L0_1024_s512,3,page_00003
-382158.45,-1192921.5,1848,-382158.45,-1192921.5,1024,512,0.15,153.6,76.8,L0_1024_s512,3,page_00003
-382158.45,-1192844.7,1847,-382158.45,-1192844.7,1024,512,0.15,153.6,76.8,L0_1024_s512,3,page_00003
-382158.45,-1192767.9,1846,-382158.45,-1192767.9,1024,512,0.15,153.6,76.8,L0_1024_s512,3,page_00003
-382158.45,-1192691.1,1845,-382158.45,-1192691.1,1024,512,0.15,153.6,76.8,L0_1024_s512,3,page_00003
-382158.45,-1192614.3,1844,-382158.45,-1192614.3,1024,512,0.15,153.6,76.8,L0_1024_s512,3,page_00003
-382158.45,-1192537.5,1843,-382158.45,-1192537.5,1024,512,0.15,153.6,76.8,L0_1024_s512,3,page_00003
-382158.45,-1192460.7,1842,-382158.45,-1192460.7,1024,512,0.15,153.6,76.8,L0_1024_s512,3,page_00003
-382081.65,-1192076.7,1888,-382081.65,-1192076.7,1024,512,0.15,153.6,76.8,L0_1024_s512,3,page_00003
-382081.65,-1192153.5,1889,-382081.65,-1192153.5,1024,512,0.15,153.6,76.8,L0_1024_s512,3,page_00003
-382081.65,-1192230.3,1890,-382081.65,-1192230.3,1024,512,0.15,153.6,76.8,L0_1024_s512,3,page_00003
-382081.65,-1192307.1,1891,-382081.65,-1192307.1,1024,512,0.15,153.6,76.8,L0_1024_s512,3,page_00003
-382081.65,-1192383.9,1892,-382081.65,-1192383.9,1024,512,0.15,153.6,76.8,L0_1024_s512,3,page_00003
-382081.65,-1192460.7,1893,-382081.65,-1192460.7,1024,512,0.15,153.6,76.8,L0_1024_s512,3,page_00003
-382081.65,-1192537.5,1894,-382081.65,-1192537.5,1024,512,0.15,153.6,76.8,L0_1024_s512,3,page_00003
-382081.65,-1192614.3,1895,-382081.65,-1192614.3,1024,512,0.15,153.6,76.8,L0_1024_s512,3,page_00003
-382081.65,-1192691.1,1896,-382081.65,-1192691.1,1024,512,0.15,153.6,76.8,L0_1024_s512,3,page_00003
-382081.65,-1192767.9,1897,-382081.65,-1192767.9,1024,512,0.15,153.6,76.8,L0_1024_s512,3,page_00003
-382081.65,-1192844.7,1898,-382081.65,-1192844.7,1024,512,0.15,153.6,76.8,L0_1024_s512,3,page_00003
-382081.65,-1192921.5,1899,-382081.65,-1192921.5,1024,512,0.15,153.6,76.8,L0_1024_s512,3,page_00003
-382081.65,-1192998.3,1900,-382081.65,-1192998.3,1024,512,0.15,153.6,76.8,L0_1024_s512,3,page_00003
-382081.65,-1193075.1,1901,-382081.65,-1193075.1,1024,512,0.15,153.6,76.8,L0_1024_s512,3,page_00003
-382081.65,-1193151.9,1902,-382081.65,-1193151.9,1024,512,0.15,153.6,76.8,L0_1024_s512,3,page_00003
-382081.65,-1193228.7,1903,-382081.65,-1193228.7,1024,512,0.15,153.6,76.8,L0_1024_s512,3,page_00003
-382081.65,-1193305.5,1904,-382081.65,-1193305.5,1024,512,0.15,153.6,76.8,L0_1024_s512,3,page_00003
-382081.65,-1193382.3,1905,-382081.65,-1193382.3,1024,512,0.15,153.6,76.8,L0_1024_s512,3,page_00003
-382081.65,-1193459.1,1906,-382081.65,-1193459.1,1024,512,0.15,153.6,76.8,L0_1024_s512,3,page_00003
-382081.65,-1193535.9,1907,-382081.65,-1193535.9,1024,512,0.15,153.6,76.8,L0_1024_s512,3,page_00003
-382081.65,-1193612.7,1908,-382081.65,-1193612.7,1024,512,0.15,153.6,76.8,L0_1024_s512,3,page_00003
-382081.65,-1193689.5,1909,-382081.65,-1193689.5,1024,512,0.15,153.6,76.8,L0_1024_s512,3,page_00003
-382081.65,-1193766.3,1910,-382081.65,-1193766.3,1024,512,0.15,153.6,76.8,L0_1024_s512,3,page_00003
-382081.65,-1193843.1,1911,-382081.65,-1193843.1,1024,512,0.15,153.6,76.8,L0_1024_s512,3,page_00003
-382081.65,-1193919.9,1912,-382081.65,-1193919.9,1024,512,0.15,153.6,76.8,L0_1024_s512,3,page_00003
-382081.65,-1193996.7,1913,-382081.65,-1193996.7,1024,512,0.15,153.6,76.8,L0_1024_s512,3,page_00003
-382004.85,-1192076.7,1939,-382004.85,-1192076.7,1024,512,0.15,153.6,76.8,L0_1024_s512,3,page_00003
-382004.85,-1192153.5,1940,-382004.85,-1192153.5,1024,512,0.15,153.6,76.8,L0_1024_s512,3,page_00003
-382004.85,-1192230.3,1941,-382004.85,-1192230.3,1024,512,0.15,153.6,76.8,L0_1024_s512,3,page_00003
-382004.85,-1192307.1,1942,-382004.85,-1192307.1,1024,512,0.15,153.6,76.8,L0_1024_s512,3,page_00003
-382004.85,-1192383.9,1943,-382004.85,-1192383.9,1024,512,0.15,153.6,76.8,L0_1024_s512,3,page_00003
-382004.85,-1192460.7,1944,-382004.85,-1192460.7,1024,512,0.15,153.6,76.8,L0_1024_s512,3,page_00003
-382004.85,-1192537.5,1945,-382004.85,-1192537.5,1024,512,0.15,153.6,76.8,L0_1024_s512,3,page_00003
-382004.85,-1192614.3,1946,-382004.85,-1192614.3,1024,512,0.15,153.6,76.8,L0_1024_s512,3,page_00003
-382004.85,-1192691.1,1947,-382004.85,-1192691.1,1024,512,0.15,153.6,76.8,L0_1024_s512,3,page_00003
-382004.85,-1192767.9,1948,-382004.85,-1192767.9,1024,512,0.15,153.6,76.8,L0_1024_s512,3,page_00003
-382004.85,-1192844.7,1949,-382004.85,-1192844.7,1024,512,0.15,153.6,76.8,L0_1024_s512,3,page_00003
-382004.85,-1192921.5,1950,-382004.85,-1192921.5,1024,512,0.15,153.6,76.8,L0_1024_s512,3,page_00003
-382004.85,-1192998.3,1951,-382004.85,-1192998.3,1024,512,0.15,153.6,76.8,L0_1024_s512,3,page_00003
-382004.85,-1193075.1,1952,-382004.85,-1193075.1,1024,512,0.15,153.6,76.8,L0_1024_s512,3,page_00003
-382004.85,-1193151.9,1953,-382004.85,-1193151.9,1024,512,0.15,153.6,76.8,L0_1024_s512,3,page_00003
-382004.85,-1193228.7,1954,-382004.85,-1193228.7,1024,512,0.15,153.6,76.8,L0_1024_s512,3,page_00003
-382004.85,-1193305.5,1955,-382004.85,-1193305.5,1024,512,0.15,153.6,76.8,L0_1024_s512,3,page_00003
-382004.85,-1193382.3,1956,-382004.85,-1193382.3,1024,512,0.15,153.6,76.8,L0_1024_s512,3,page_00003
-382004.85,-1193459.1,1957,-382004.85,-1193459.1,1024,512,0.15,153.6,76.8,L0_1024_s512,3,page_00003
-382004.85,-1193535.9,1958,-382004.85,-1193535.9,1024,512,0.15,153.6,76.8,L0_1024_s512,3,page_00003
-382004.85,-1193612.7,1959,-382004.85,-1193612.7,1024,512,0.15,153.6,76.8,L0_1024_s512,3,page_00003
-382004.85,-1193689.5,1960,-382004.85,-1193689.5,1024,512,0.15,153.6,76.8,L0_1024_s512,3,page_00003
-382004.85,-1193766.3,1961,-382004.85,-1193766.3,1024,512,0.15,153.6,76.8,L0_1024_s512,3,page_00003
-382004.85,-1193843.1,1962,-382004.85,-1193843.1,1024,512,0.15,153.6,76.8,L0_1024_s512,3,page_00003
-382004.85,-1193919.9,1963,-382004.85,-1193919.9,1024,512,0.15,153.6,76.8,L0_1024_s512,3,page_00003
-382004.85,-1193996.7,1964,-382004.85,-1193996.7,1024,512,0.15,153.6,76.8,L0_1024_s512,3,page_00003
-381928.05,-1192076.7,1990,-381928.05,-1192076.7,1024,512,0.15,153.6,76.8,L0_1024_s512,3,page_00003
-381928.05,-1192153.5,1991,-381928.05,-1192153.5,1024,512,0.15,153.6,76.8,L0_1024_s512,3,page_00003
-381928.05,-1192230.3,1992,-381928.05,-1192230.3,1024,512,0.15,153.6,76.8,L0_1024_s512,3,page_00003
-381928.05,-1192307.1,1993,-381928.05,-1192307.1,1024,512,0.15,153.6,76.8,L0_1024_s512,3,page_00003
-381928.05,-1192383.9,1994,-381928.05,-1192383.9,1024,512,0.15,153.6,76.8,L0_1024_s512,3,page_00003
-381928.05,-1192460.7,1995,-381928.05,-1192460.7,1024,512,0.15,153.6,76.8,L0_1024_s512,3,page_00003
-381928.05,-1192537.5,1996,-381928.05,-1192537.5,1024,512,0.15,153.6,76.8,L0_1024_s512,3,page_00003
-381928.05,-1192614.3,1997,-381928.05,-1192614.3,1024,512,0.15,153.6,76.8,L0_1024_s512,3,page_00003
-381928.05,-1192691.1,1998,-381928.05,-1192691.1,1024,512,0.15,153.6,76.8,L0_1024_s512,3,page_00003
-381928.05,-1192767.9,1999,-381928.05,-1192767.9,1024,512,0.15,153.6,76.8,L0_1024_s512,3,page_00003
-381928.05,-1192844.7,2000,-381928.05,-1192844.7,1024,512,0.15,153.6,76.8,L0_1024_s512,3,page_00003
-381928.05,-1192921.5,2001,-381928.05,-1192921.5,1024,512,0.15,153.6,76.8,L0_1024_s512,3,page_00003
-381928.05,-1192998.3,2002,-381928.05,-1192998.3,1024,512,0.15,153.6,76.8,L0_1024_s512,3,page_00003
-381928.05,-1193075.1,2003,-381928.05,-1193075.1,1024,512,0.15,153.6,76.8,L0_1024_s512,3,page_00003
-381928.05,-1193151.9,2004,-381928.05,-1193151.9,1024,512,0.15,153.6,76.8,L0_1024_s512,3,page_00003
-381928.05,-1193228.7,2005,-381928.05,-1193228.7,1024,512,0.15,153.6,76.8,L0_1024_s512,3,page_00003
-381928.05,-1193305.5,2006,-381928.05,-1193305.5,1024,512,0.15,153.6,76.8,L0_1024_s512,3,page_00003
-381928.05,-1193382.3,2007,-381928.05,-1193382.3,1024,512,0.15,153.6,76.8,L0_1024_s512,3,page_00003
-381928.05,-1193459.1,2008,-381928.05,-1193459.1,1024,512,0.15,153.6,76.8,L0_1024_s512,3,page_00003
-381928.05,-1193535.9,2009,-381928.05,-1193535.9,1024,512,0.15,153.6,76.8,L0_1024_s512,3,page_00003
-381928.05,-1193612.7,2010,-381928.05,-1193612.7,1024,512,0.15,153.6,76.8,L0_1024_s512,3,page_00003
-381928.05,-1193689.5,2011,-381928.05,-1193689.5,1024,512,0.15,153.6,76.8,L0_1024_s512,3,page_00003
-381928.05,-1193766.3,2012,-381928.05,-1193766.3,1024,512,0.15,153.6,76.8,L0_1024_s512,3,page_00003
-381928.05,-1193843.1,2013,-381928.05,-1193843.1,1024,512,0.15,153.6,76.8,L0_1024_s512,3,page_00003
-381928.05,-1193919.9,2014,-381928.05,-1193919.9,1024,512,0.15,153.6,76.8,L0_1024_s512,3,page_00003
-381928.05,-1193996.7,2015,-381928.05,-1193996.7,1024,512,0.15,153.6,76.8,L0_1024_s512,3,page_00003
-381851.25,-1192076.7,2041,-381851.25,-1192076.7,1024,512,0.15,153.6,76.8,L0_1024_s512,3,page_00003
-381851.25,-1192153.5,2042,-381851.25,-1192153.5,1024,512,0.15,153.6,76.8,L0_1024_s512,3,page_00003
-381851.25,-1192230.3,2043,-381851.25,-1192230.3,1024,512,0.15,153.6,76.8,L0_1024_s512,3,page_00003
-381851.25,-1192307.1,2044,-381851.25,-1192307.1,1024,512,0.15,153.6,76.8,L0_1024_s512,3,page_00003
-381851.25,-1192383.9,2045,-381851.25,-1192383.9,1024,512,0.15,153.6,76.8,L0_1024_s512,3,page_00003
-381851.25,-1192460.7,2046,-381851.25,-1192460.7,1024,512,0.15,153.6,76.8,L0_1024_s512,3,page_00003
-381851.25,-1192537.5,2047,-381851.25,-1192537.5,1024,512,0.15,153.6,76.8,L0_1024_s512,3,page_00003
-381851.25,-1192614.3,2048,-381851.25,-1192614.3,1024,512,0.15,153.6,76.8,L0_1024_s512,3,page_00003
-381851.25,-1192691.1,2049,-381851.25,-1192691.1,1024,512,0.15,153.6,76.8,L0_1024_s512,3,page_00003
-381851.25,-1192767.9,2050,-381851.25,-1192767.9,1024,512,0.15,153.6,76.8,L0_1024_s512,3,page_00003
-381851.25,-1192844.7,2051,-381851.25,-1192844.7,1024,512,0.15,153.6,76.8,L0_1024_s512,3,page_00003
-381851.25,-1192921.5,2052,-381851.25,-1192921.5,1024,512,0.15,153.6,76.8,L0_1024_s512,3,page_00003
-381851.25,-1192998.3,2053,-381851.25,-1192998.3,1024,512,0.15,153.6,76.8,L0_1024_s512,3,page_00003
-381851.25,-1193075.1,2054,-381851.25,-1193075.1,1024,512,0.15,153.6,76.8,L0_1024_s512,3,page_00003
-381851.25,-1193151.9,2055,-381851.25,-1193151.9,1024,512,0.15,153.6,76.8,L0_1024_s512,3,page_00003
-381851.25,-1193228.7,2056,-381851.25,-1193228.7,1024,512,0.15,153.6,76.8,L0_1024_s512,3,page_00003
-381851.25,-1193305.5,2057,-381851.25,-1193305.5,1024,512,0.15,153.6,76.8,L0_1024_s512,3,page_00003
-381851.25,-1193382.3,2058,-381851.25,-1193382.3,1024,512,0.15,153.6,76.8,L0_1024_s512,3,page_00003
-381851.25,-1193459.1,2059,-381851.25,-1193459.1,1024,512,0.15,153.6,76.8,L0_1024_s512,3,page_00003
-381851.25,-1193535.9,2060,-381851.25,-1193535.9,1024,512,0.15,153.6,76.8,L0_1024_s512,3,page_00003
-381851.25,-1193612.7,2061,-381851.25,-1193612.7,1024,512,0.15,153.6,76.8,L0_1024_s512,3,page_00003
-381851.25,-1193689.5,2062,-381851.25,-1193689.5,1024,512,0.15,153.6,76.8,L0_1024_s512,3,page_00003
-381851.25,-1193766.3,2063,-381851.25,-1193766.3,1024,512,0.15,153.6,76.8,L0_1024_s512,3,page_00003
-381851.25,-1193843.1,2064,-381851.25,-1193843.1,1024,512,0.15,153.6,76.8,L0_1024_s512,3,page_00003
-381851.25,-1193919.9,2065,-381851.25,-1193919.9,1024,512,0.15,153.6,76.8,L0_1024_s512,3,page_00003
-381851.25,-1193996.7,2066,-381851.25,-1193996.7,1024,512,0.15,153.6,76.8,L0_1024_s512,3,page_00003
-381774.45,-1192076.7,2092,-381774.45,-1192076.7,1024,512,0.15,153.6,76.8,L0_1024_s512,3,page_00003
-381774.45,-1192153.5,2093,-381774.45,-1192153.5,1024,512,0.15,153.6,76.8,L0_1024_s512,3,page_00003
-381774.45,-1192230.3,2094,-381774.45,-1192230.3,1024,512,0.15,153.6,76.8,L0_1024_s512,3,page_00003
-381774.45,-1192307.1,2095,-381774.45,-1192307.1,1024,512,0.15,153.6,76.8,L0_1024_s512,3,page_00003
-381774.45,-1192383.9,2096,-381774.45,-1192383.9,1024,512,0.15,153.6,76.8,L0_1024_s512,3,page_00003
-381774.45,-1192460.7,2097,-381774.45,-1192460.7,1024,512,0.15,153.6,76.8,L0_1024_s512,3,page_00003
-381774.45,-1192537.5,2098,-381774.45,-1192537.5,1024,512,0.15,153.6,76.8,L0_1024_s512,3,page_00003
-381774.45,-1192614.3,2099,-381774.45,-1192614.3,1024,512,0.15,153.6,76.8,L0_1024_s512,3,page_00003
-381774.45,-1192691.1,2100,-381774.45,-1192691.1,1024,512,0.15,153.6,76.8,L0_1024_s512,3,page_00003
-381774.45,-1192767.9,2101,-381774.45,-1192767.9,1024,512,0.15,153.6,76.8,L0_1024_s512,3,page_00003
-381774.45,-1192844.7,2102,-381774.45,-1192844.7,1024,512,0.15,153.6,76.8,L0_1024_s512,3,page_00003
-381774.45,-1192921.5,2103,-381774.45,-1192921.5,1024,512,0.15,153.6,76.8,L0_1024_s512,3,page_00003
-381774.45,-1192998.3,2104,-381774.45,-1192998.3,1024,512,0.15,153.6,76.8,L0_1024_s512,3,page_00003
-381774.45,-1193075.1,2105,-381774.45,-1193075.1,1024,512,0.15,153.6,76.8,L0_1024_s512,3,page_00003
-381774.45,-1193151.9,2106,-381774.45,-1193151.9,1024,512,0.15,153.6,76.8,L0_1024_s512,3,page_00003
-381774.45,-1193228.7,2107,-381774.45,-1193228.7,1024,512,0.15,153.6,76.8,L0_1024_s512,3,page_00003
-381774.45,-1193305.5,2108,-381774.45,-1193305.5,1024,512,0.15,153.6,76.8,L0_1024_s512,3,page_00003
-381774.45,-1193382.3,2109,-381774.45,-1193382.3,1024,512,0.15,153.6,76.8,L0_1024_s512,3,page_00003
-381774.45,-1193459.1,2110,-381774.45,-1193459.1,1024,512,0.15,153.6,76.8,L0_1024_s512,3,page_00003
-381774.45,-1193535.9,2111,-381774.45,-1193535.9,1024,512,0.15,153.6,76.8,L0_1024_s512,3,page_00003
-381774.45,-1193612.7,2112,-381774.45,-1193612.7,1024,512,0.15,153.6,76.8,L0_1024_s512,3,page_00003
-381774.45,-1193689.5,2113,-381774.45,-1193689.5,1024,512,0.15,153.6,76.8,L0_1024_s512,3,page_00003
-381774.45,-1193766.3,2114,-381774.45,-1193766.3,1024,512,0.15,153.6,76.8,L0_1024_s512,3,page_00003
-381774.45,-1193843.1,2115,-381774.45,-1193843.1,1024,512,0.15,153.6,76.8,L0_1024_s512,3,page_00003
-381774.45,-1193919.9,2116,-381774.45,-1193919.9,1024,512,0.15,153.6,76.8,L0_1024_s512,3,page_00003
-381774.45,-1193996.7,2117,-381774.45,-1193996.7,1024,512,0.15,153.6,76.8,L0_1024_s512,3,page_00003
-381697.65,-1192076.7,2143,-381697.65,-1192076.7,1024,512,0.15,153.6,76.8,L0_1024_s512,3,page_00003
-381697.65,-1192153.5,2144,-381697.65,-1192153.5,1024,512,0.15,153.6,76.8,L0_1024_s512,3,page_00003
-381697.65,-1192230.3,2145,-381697.65,-1192230.3,1024,512,0.15,153.6,76.8,L0_1024_s512,3,page_00003
-381697.65,-1192307.1,2146,-381697.65,-1192307.1,1024,512,0.15,153.6,76.8,L0_1024_s512,3,page_00003
-381697.65,-1192383.9,2147,-381697.65,-1192383.9,1024,512,0.15,153.6,76.8,L0_1024_s512,3,page_00003
-381697.65,-1192460.7,2148,-381697.65,-1192460.7,1024,512,0.15,153.6,76.8,L0_1024_s512,3,page_00003
-381697.65,-1192537.5,2149,-381697.65,-1192537.5,1024,512,0.15,153.6,76.8,L0_1024_s512,3,page_00003
-381697.65,-1192614.3,2150,-381697.65,-1192614.3,1024,512,0.15,153.6,76.8,L0_1024_s512,3,page_00003
-381697.65,-1192691.1,2151,-381697.65,-1192691.1,1024,512,0.15,153.6,76.8,L0_1024_s512,3,page_00003
-381697.65,-1192767.9,2152,-381697.65,-1192767.9,1024,512,0.15,153.6,76.8,L0_1024_s512,3,page_00003
-381697.65,-1192844.7,2153,-381697.65,-1192844.7,1024,512,0.15,153.6,76.8,L0_1024_s512,3,page_00003
-381697.65,-1192921.5,2154,-381697.65,-1192921.5,1024,512,0.15,153.6,76.8,L0_1024_s512,3,page_00003
-381697.65,-1192998.3,2155,-381697.65,-1192998.3,1024,512,0.15,153.6,76.8,L0_1024_s512,3,page_00003
-381697.65,-1193075.1,2156,-381697.65,-1193075.1,1024,512,0.15,153.6,76.8,L0_1024_s512,3,page_00003
-381697.65,-1193151.9,2157,-381697.65,-1193151.9,1024,512,0.15,153.6,76.8,L0_1024_s512,3,page_00003
-381697.65,-1193228.7,2158,-381697.65,-1193228.7,1024,512,0.15,153.6,76.8,L0_1024_s512,3,page_00003
-381697.65,-1193305.5,2159,-381697.65,-1193305.5,1024,512,0.15,153.6,76.8,L0_1024_s512,3,page_00003
-381697.65,-1193382.3,2160,-381697.65,-1193382.3,1024,512,0.15,153.6,76.8,L0_1024_s512,3,page_00003
-381697.65,-1193459.1,2161,-381697.65,-1193459.1,1024,512,0.15,153.6,76.8,L0_1024_s512,3,page_00003
-381697.65,-1193535.9,2162,-381697.65,-1193535.9,1024,512,0.15,153.6,76.8,L0_1024_s512,3,page_00003
-381697.65,-1193612.7,2163,-381697.65,-1193612.7,1024,512,0.15,153.6,76.8,L0_1024_s512,3,page_00003
-381697.65,-1193689.5,2164,-381697.65,-1193689.5,1024,512,0.15,153.6,76.8,L0_1024_s512,3,page_00003
-381697.65,-1193766.3,2165,-381697.65,-1193766.3,1024,512,0.15,153.6,76.8,L0_1024_s512,3,page_00003
-381697.65,-1193843.1,2166,-381697.65,-1193843.1,1024,512,0.15,153.6,76.8,L0_1024_s512,3,page_00003
-381697.65,-1193919.9,2167,-381697.65,-1193919.9,1024,512,0.15,153.6,76.8,L0_1024_s512,3,page_00003
-381697.65,-1193996.7,2168,-381697.65,-1193996.7,1024,512,0.15,153.6,76.8,L0_1024_s512,3,page_00003
-381620.85,-1192076.7,2194,-381620.85,-1192076.7,1024,512,0.15,153.6,76.8,L0_1024_s512,3,page_00003
-381620.85,-1192153.5,2195,-381620.85,-1192153.5,1024,512,0.15,153.6,76.8,L0_1024_s512,3,page_00003
-381620.85,-1192230.3,2196,-381620.85,-1192230.3,1024,512,0.15,153.6,76.8,L0_1024_s512,3,page_00003
-381620.85,-1192307.1,2197,-381620.85,-1192307.1,1024,512,0.15,153.6,76.8,L0_1024_s512,3,page_00003
-381620.85,-1192383.9,2198,-381620.85,-1192383.9,1024,512,0.15,153.6,76.8,L0_1024_s512,3,page_00003
-381620.85,-1192460.7,2199,-381620.85,-1192460.7,1024,512,0.15,153.6,76.8,L0_1024_s512,3,page_00003
-381620.85,-1192537.5,2200,-381620.85,-1192537.5,1024,512,0.15,153.6,76.8,L0_1024_s512,3,page_00003
-381620.85,-1192614.3,2201,-381620.85,-1192614.3,1024,512,0.15,153.6,76.8,L0_1024_s512,3,page_00003
-381620.85,-1192691.1,2202,-381620.85,-1192691.1,1024,512,0.15,153.6,76.8,L0_1024_s512,3,page_00003
-381620.85,-1192767.9,2203,-381620.85,-1192767.9,1024,512,0.15,153.6,76.8,L0_1024_s512,3,page_00003
-381620.85,-1192844.7,2204,-381620.85,-1192844.7,1024,512,0.15,153.6,76.8,L0_1024_s512,3,page_00003
-381620.85,-1192921.5,2205,-381620.85,-1192921.5,1024,512,0.15,153.6,76.8,L0_1024_s512,3,page_00003
-381620.85,-1192998.3,2206,-381620.85,-1192998.3,1024,512,0.15,153.6,76.8,L0_1024_s512,3,page_00003
-381620.85,-1193075.1,2207,-381620.85,-1193075.1,1024,512,0.15,153.6,76.8,L0_1024_s512,3,page_00003
-381620.85,-1193151.9,2208,-381620.85,-1193151.9,1024,512,0.15,153.6,76.8,L0_1024_s512,3,page_00003
-381620.85,-1193228.7,2209,-381620.85,-1193228.7,1024,512,0.15,153.6,76.8,L0_1024_s512,3,page_00003
-381620.85,-1193305.5,2210,-381620.85,-1193305.5,1024,512,0.15,153.6,76.8,L0_1024_s512,3,page_00003
-381620.85,-1193382.3,2211,-381620.85,-1193382.3,1024,512,0.15,153.6,76.8,L0_1024_s512,3,page_00003
-381620.85,-1193459.1,2212,-381620.85,-1193459.1,1024,512,0.15,153.6,76.8,L0_1024_s512,3,page_00003
-381620.85,-1193535.9,2213,-381620.85,-1193535.9,1024,512,0.15,153.6,76.8,L0_1024_s512,3,page_00003
-381620.85,-1193612.7,2214,-381620.85,-1193612.7,1024,512,0.15,153.6,76.8,L0_1024_s512,3,page_00003
-381620.85,-1193689.5,2215,-381620.85,-1193689.5,1024,512,0.15,153.6,76.8,L0_1024_s512,3,page_00003
-381620.85,-1193766.3,2216,-381620.85,-1193766.3,1024,512,0.15,153.6,76.8,L0_1024_s512,3,page_00003
-381620.85,-1193843.1,2217,-381620.85,-1193843.1,1024,512,0.15,153.6,76.8,L0_1024_s512,3,page_00003
-381620.85,-1193919.9,2218,-381620.85,-1193919.9,1024,512,0.15,153.6,76.8,L0_1024_s512,3,page_00003
-381620.85,-1193996.7,2219,-381620.85,-1193996.7,1024,512,0.15,153.6,76.8,L0_1024_s512,3,page_00003
-381544.05,-1192076.7,2245,-381544.05,-1192076.7,1024,512,0.15,153.6,76.8,L0_1024_s512,3,page_00003
-381544.05,-1192153.5,2246,-381544.05,-1192153.5,1024,512,0.15,153.6,76.8,L0_1024_s512,3,page_00003
-381544.05,-1192230.3,2247,-381544.05,-1192230.3,1024,512,0.15,153.6,76.8,L0_1024_s512,3,page_00003
-381544.05,-1192307.1,2248,-381544.05,-1192307.1,1024,512,0.15,153.6,76.8,L0_1024_s512,3,page_00003
-381544.05,-1192383.9,2249,-381544.05,-1192383.9,1024,512,0.15,153.6,76.8,L0_1024_s512,3,page_00003
-381544.05,-1192460.7,2250,-381544.05,-1192460.7,1024,512,0.15,153.6,76.8,L0_1024_s512,3,page_00003
-381544.05,-1192537.5,2251,-381544.05,-1192537.5,1024,512,0.15,153.6,76.8,L0_1024_s512,3,page_00003
-381544.05,-1192614.3,2252,-381544.05,-1192614.3,1024,512,0.15,153.6,76.8,L0_1024_s512,3,page_00003
-381544.05,-1192691.1,2253,-381544.05,-1192691.1,1024,512,0.15,153.6,76.8,L0_1024_s512,3,page_00003
-381544.05,-1192767.9,2254,-381544.05,-1192767.9,1024,512,0.15,153.6,76.8,L0_1024_s512,3,page_00003
-381544.05,-1192844.7,2255,-381544.05,-1192844.7,1024,512,0.15,153.6,76.8,L0_1024_s512,3,page_00003
-381544.05,-1192921.5,2256,-381544.05,-1192921.5,1024,512,0.15,153.6,76.8,L0_1024_s512,3,page_00003
-381544.05,-1192998.3,2257,-381544.05,-1192998.3,1024,512,0.15,153.6,76.8,L0_1024_s512,3,page_00003
-381544.05,-1193075.1,2258,-381544.05,-1193075.1,1024,512,0.15,153.6,76.8,L0_1024_s512,3,page_00003
-381544.05,-1193151.9,2259,-381544.05,-1193151.9,1024,512,0.15,153.6,76.8,L0_1024_s512,3,page_00003
-381544.05,-1193228.7,2260,-381544.05,-1193228.7,1024,512,0.15,153.6,76.8,L0_1024_s512,3,page_00003
-381544.05,-1193305.5,2261,-381544.05,-1193305.5,1024,512,0.15,153.6,76.8,L0_1024_s512,3,page_00003
-381544.05,-1193382.3,2262,-381544.05,-1193382.3,1024,512,0.15,153.6,76.8,L0_1024_s512,3,page_00003
-381544.05,-1193459.1,2263,-381544.05,-1193459.1,1024,512,0.15,153.6,76.8,L0_1024_s512,3,page_00003
-381544.05,-1193535.9,2264,-381544.05,-1193535.9,1024,512,0.15,153.6,76.8,L0_1024_s512,3,page_00003
-381544.05,-1193612.7,2265,-381544.05,-1193612.7,1024,512,0.15,153.6,76.8,L0_1024_s512,3,page_00003
-381544.05,-1193689.5,2266,-381544.05,-1193689.5,1024,512,0.15,153.6,76.8,L0_1024_s512,3,page_00003
-381544.05,-1193766.3,2267,-381544.05,-1193766.3,1024,512,0.15,153.6,76.8,L0_1024_s512,3,page_00003
-381544.05,-1193843.1,2268,-381544.05,-1193843.1,1024,512,0.15,153.6,76.8,L0_1024_s512,3,page_00003
-381544.05,-1193919.9,2269,-381544.05,-1193919.9,1024,512,0.15,153.6,76.8,L0_1024_s512,3,page_00003
-381544.05,-1193996.7,2270,-381544.05,-1193996.7,1024,512,0.15,153.6,76.8,L0_1024_s512,3,page_00003
-381467.25,-1192076.7,2296,-381467.25,-1192076.7,1024,512,0.15,153.6,76.8,L0_1024_s512,3,page_00003
-381467.25,-1192153.5,2297,-381467.25,-1192153.5,1024,512,0.15,153.6,76.8,L0_1024_s512,3,page_00003
-381467.25,-1192230.3,2298,-381467.25,-1192230.3,1024,512,0.15,153.6,76.8,L0_1024_s512,3,page_00003
-381467.25,-1192307.1,2299,-381467.25,-1192307.1,1024,512,0.15,153.6,76.8,L0_1024_s512,3,page_00003
-381467.25,-1192383.9,2300,-381467.25,-1192383.9,1024,512,0.15,153.6,76.8,L0_1024_s512,3,page_00003
-381467.25,-1192460.7,2301,-381467.25,-1192460.7,1024,512,0.15,153.6,76.8,L0_1024_s512,3,page_00003
-381467.25,-1192537.5,2302,-381467.25,-1192537.5,1024,512,0.15,153.6,76.8,L0_1024_s512,3,page_00003
-381467.25,-1192614.3,2303,-381467.25,-1192614.3,1024,512,0.15,153.6,76.8,L0_1024_s512,3,page_00003
-381467.25,-1192691.1,2304,-381467.25,-1192691.1,1024,512,0.15,153.6,76.8,L0_1024_s512,3,page_00003
-381467.25,-1192767.9,2305,-381467.25,-1192767.9,1024,512,0.15,153.6,76.8,L0_1024_s512,3,page_00003
-381467.25,-1192844.7,2306,-381467.25,-1192844.7,1024,512,0.15,153.6,76.8,L0_1024_s512,3,page_00003
-381467.25,-1192921.5,2307,-381467.25,-1192921.5,1024,512,0.15,153.6,76.8,L0_1024_s512,3,page_00003
-381467.25,-1192998.3,2308,-381467.25,-1192998.3,1024,512,0.15,153.6,76.8,L0_1024_s512,3,page_00003
-381467.25,-1193075.1,2309,-381467.25,-1193075.1,1024,512,0.15,153.6,76.8,L0_1024_s512,3,page_00003
-381467.25,-1193151.9,2310,-381467.25,-1193151.9,1024,512,0.15,153.6,76.8,L0_1024_s512,3,page_00003
-381467.25,-1193228.7,2311,-381467.25,-1193228.7,1024,512,0.15,153.6,76.8,L0_1024_s512,3,page_00003
-381467.25,-1193305.5,2312,-381467.25,-1193305.5,1024,512,0.15,153.6,76.8,L0_1024_s512,3,page_00003
-381467.25,-1193382.3,2313,-381467.25,-1193382.3,1024,512,0.15,153.6,76.8,L0_1024_s512,3,page_00003
-381467.25,-1193459.1,2314,-381467.25,-1193459.1,1024,512,0.15,153.6,76.8,L0_1024_s512,3,page_00003
-381467.25,-1193535.9,2315,-381467.25,-1193535.9,1024,512,0.15,153.6,76.8,L0_1024_s512,3,page_00003
-381467.25,-1193612.7,2316,-381467.25,-1193612.7,1024,512,0.15,153.6,76.8,L0_1024_s512,3,page_00003
-381467.25,-1193689.5,2317,-381467.25,-1193689.5,1024,512,0.15,153.6,76.8,L0_1024_s512,3,page_00003
-381467.25,-1193766.3,2318,-381467.25,-1193766.3,1024,512,0.15,153.6,76.8,L0_1024_s512,3,page_00003
-381467.25,-1193843.1,2319,-381467.25,-1193843.1,1024,512,0.15,153.6,76.8,L0_1024_s512,3,page_00003
-381467.25,-1193919.9,2320,-381467.25,-1193919.9,1024,512,0.15,153.6,76.8,L0_1024_s512,3,page_00003
-381467.25,-1193996.7,2321,-381467.25,-1193996.7,1024,512,0.15,153.6,76.8,L0_1024_s512,3,page_00003
-381390.45,-1192076.7,2347,-381390.45,-1192076.7,1024,512,0.15,153.6,76.8,L0_1024_s512,3,page_00003
-381390.45,-1192153.5,2348,-381390.45,-1192153.5,1024,512,0.15,153.6,76.8,L0_1024_s512,3,page_00003
-381390.45,-1192230.3,2349,-381390.45,-1192230.3,1024,512,0.15,153.6,76.8,L0_1024_s512,3,page_00003
-381390.45,-1192307.1,2350,-381390.45,-1192307.1,1024,512,0.15,153.6,76.8,L0_1024_s512,3,page_00003
-381390.45,-1192383.9,2351,-381390.45,-1192383.9,1024,512,0.15,153.6,76.8,L0_1024_s512,3,page_00003
-381390.45,-1192460.7,2352,-381390.45,-1192460.7,1024,512,0.15,153.6,76.8,L0_1024_s512,3,page_00003
-381390.45,-1192537.5,2353,-381390.45,-1192537.5,1024,512,0.15,153.6,76.8,L0_1024_s512,3,page_00003
-381390.45,-1192614.3,2354,-381390.45,-1192614.3,1024,512,0.15,153.6,76.8,L0_1024_s512,3,page_00003
-381390.45,-1192691.1,2355,-381390.45,-1192691.1,1024,512,0.15,153.6,76.8,L0_1024_s512,3,page_00003
-381390.45,-1192767.9,2356,-381390.45,-1192767.9,1024,512,0.15,153.6,76.8,L0_1024_s512,3,page_00003
-381390.45,-1192844.7,2357,-381390.45,-1192844.7,1024,512,0.15,153.6,76.8,L0_1024_s512,3,page_00003
-381390.45,-1192921.5,2358,-381390.45,-1192921.5,1024,512,0.15,153.6,76.8,L0_1024_s512,3,page_00003
-381390.45,-1192998.3,2359,-381390.45,-1192998.3,1024,512,0.15,153.6,76.8,L0_1024_s512,3,page_00003
-381390.45,-1193075.1,2360,-381390.45,-1193075.1,1024,512,0.15,153.6,76.8,L0_1024_s512,3,page_00003
-381390.45,-1193151.9,2361,-381390.45,-1193151.9,1024,512,0.15,153.6,76.8,L0_1024_s512,3,page_00003
-381390.45,-1193228.7,2362,-381390.45,-1193228.7,1024,512,0.15,153.6,76.8,L0_1024_s512,3,page_00003
-381390.45,-1193305.5,2363,-381390.45,-1193305.5,1024,512,0.15,153.6,76.8,L0_1024_s512,3,page_00003
-381390.45,-1193382.3,2364,-381390.45,-1193382.3,1024,512,0.15,153.6,76.8,L0_1024_s512,3,page_00003
-381390.45,-1193459.1,2365,-381390.45,-1193459.1,1024,512,0.15,153.6,76.8,L0_1024_s512,3,page_00003
-381390.45,-1193535.9,2366,-381390.45,-1193535.9,1024,512,0.15,153.6,76.8,L0_1024_s512,3,page_00003
-381390.45,-1193612.7,2367,-381390.45,-1193612.7,1024,512,0.15,153.6,76.8,L0_1024_s512,3,page_00003
-381390.45,-1193689.5,2368,-381390.45,-1193689.5,1024,512,0.15,153.6,76.8,L0_1024_s512,3,page_00003
-381390.45,-1193766.3,2369,-381390.45,-1193766.3,1024,512,0.15,153.6,76.8,L0_1024_s512,3,page_00003
-381390.45,-1193843.1,2370,-381390.45,-1193843.1,1024,512,0.15,153.6,76.8,L0_1024_s512,3,page_00003
-381390.45,-1193919.9,2371,-381390.45,-1193919.9,1024,512,0.15,153.6,76.8,L0_1024_s512,3,page_00003
-381390.45,-1193996.7,2372,-381390.45,-1193996.7,1024,512,0.15,153.6,76.8,L0_1024_s512,3,page_00003
-381313.65,-1192076.7,2398,-381313.65,-1192076.7,1024,512,0.15,153.6,76.8,L0_1024_s512,3,page_00003
-381313.65,-1192153.5,2399,-381313.65,-1192153.5,1024,512,0.15,153.6,76.8,L0_1024_s512,3,page_00003
-381313.65,-1192230.3,2400,-381313.65,-1192230.3,1024,512,0.15,153.6,76.8,L0_1024_s512,3,page_00003
-381313.65,-1192307.1,2401,-381313.65,-1192307.1,1024,512,0.15,153.6,76.8,L0_1024_s512,3,page_00003
-381313.65,-1192383.9,2402,-381313.65,-1192383.9,1024,512,0.15,153.6,76.8,L0_1024_s512,3,page_00003
-381313.65,-1192460.7,2403,-381313.65,-1192460.7,1024,512,0.15,153.6,76.8,L0_1024_s512,3,page_00003
-381313.65,-1192537.5,2404,-381313.65,-1192537.5,1024,512,0.15,153.6,76.8,L0_1024_s512,3,page_00003
-381313.65,-1192614.3,2405,-381313.65,-1192614.3,1024,512,0.15,153.6,76.8,L0_1024_s512,3,page_00003
-381313.65,-1192691.1,2406,-381313.65,-1192691.1,1024,512,0.15,153.6,76.8,L0_1024_s512,3,page_00003
-381313.65,-1192767.9,2407,-381313.65,-1192767.9,1024,512,0.15,153.6,76.8,L0_1024_s512,3,page_00003
-381313.65,-1192844.7,2408,-381313.65,-1192844.7,1024,512,0.15,153.6,76.8,L0_1024_s512,3,page_00003
-381313.65,-1192921.5,2409,-381313.65,-1192921.5,1024,512,0.15,153.6,76.8,L0_1024_s512,3,page_00003
-381313.65,-1192998.3,2410,-381313.65,-1192998.3,1024,512,0.15,153.6,76.8,L0_1024_s512,3,page_00003
-381313.65,-1193075.1,2411,-381313.65,-1193075.1,1024,512,0.15,153.6,76.8,L0_1024_s512,3,page_00003
-381313.65,-1193151.9,2412,-381313.65,-1193151.9,1024,512,0.15,153.6,76.8,L0_1024_s512,3,page_00003
-381313.65,-1193228.7,2413,-381313.65,-1193228.7,1024,512,0.15,153.6,76.8,L0_1024_s512,3,page_00003
-381313.65,-1193305.5,2414,-381313.65,-1193305.5,1024,512,0.15,153.6,76.8,L0_1024_s512,3,page_00003
-381313.65,-1193382.3,2415,-381313.65,-1193382.3,1024,512,0.15,153.6,76.8,L0_1024_s512,3,page_00003
-381313.65,-1193459.1,2416,-381313.65,-1193459.1,1024,512,0.15,153.6,76.8,L0_1024_s512,3,page_00003
-381313.65,-1193535.9,2417,-381313.65,-1193535.9,1024,512,0.15,153.6,76.8,L0_1024_s512,3,page_00003
-381313.65,-1193612.7,2418,-381313.65,-1193612.7,1024,512,0.15,153.6,76.8,L0_1024_s512,3,page_00003
-381313.65,-1193689.5,2419,-381313.65,-1193689.5,1024,512,0.15,153.6,76.8,L0_1024_s512,3,page_00003
-381313.65,-1193766.3,2420,-381313.65,-1193766.3,1024,512,0.15,153.6,76.8,L0_1024_s512,3,page_00003
-381313.65,-1193843.1,2421,-381313.65,-1193843.1,1024,512,0.15,153.6,76.8,L0_1024_s512,3,page_00003
-381313.65,-1193919.9,2422,-381313.65,-1193919.9,1024,512,0.15,153.6,76.8,L0_1024_s512,3,page_00003
-381313.65,-1193996.7,2423,-381313.65,-1193996.7,1024,512,0.15,153.6,76.8,L0_1024_s512,3,page_00003
-381236.85,-1193996.7,2474,-381236.85,-1193996.7,1024,512,0.15,153.6,76.8,L0_1024_s512,3,page_00003
-381236.85,-1193919.9,2473,-381236.85,-1193919.9,1024,512,0.15,153.6,76.8,L0_1024_s512,3,page_00003
-381236.85,-1193843.1,2472,-381236.85,-1193843.1,1024,512,0.15,153.6,76.8,L0_1024_s512,3,page_00003
-381236.85,-1193766.3,2471,-381236.85,-1193766.3,1024,512,0.15,153.6,76.8,L0_1024_s512,3,page_00003
-381236.85,-1193689.5,2470,-381236.85,-1193689.5,1024,512,0.15,153.6,76.8,L0_1024_s512,3,page_00003
-381236.85,-1193612.7,2469,-381236.85,-1193612.7,1024,512,0.15,153.6,76.8,L0_1024_s512,3,page_00003
-381236.85,-1193535.9,2468,-381236.85,-1193535.9,1024,512,0.15,153.6,76.8,L0_1024_s512,3,page_00003
-381236.85,-1193459.1,2467,-381236.85,-1193459.1,1024,512,0.15,153.6,76.8,L0_1024_s512,3,page_00003
-381236.85,-1193382.3,2466,-381236.85,-1193382.3,1024,512,0.15,153.6,76.8,L0_1024_s512,3,page_00003
-381236.85,-1193305.5,2465,-381236.85,-1193305.5,1024,512,0.15,153.6,76.8,L0_1024_s512,3,page_00003
-381083.25,-1193535.9,2570,-381083.25,-1193535.9,1024,512,0.15,153.6,76.8,L0_1024_s512,3,page_00003
-381083.25,-1193459.1,2569,-381083.25,-1193459.1,1024,512,0.15,153.6,76.8,L0_1024_s512,3,page_00003
-381083.25,-1193382.3,2568,-381083.25,-1193382.3,1024,512,0.15,153.6,76.8,L0_1024_s512,3,page_00003
-381083.25,-1193305.5,2567,-381083.25,-1193305.5,1024,512,0.15,153.6,76.8,L0_1024_s512,3,page_00003
-381236.85,-1193228.7,2464,-381236.85,-1193228.7,1024,512,0.15,153.6,76.8,L0_1024_s512,3,page_00003
-381160.05,-1193228.7,2515,-381160.05,-1193228.7,1024,512,0.15,153.6,76.8,L0_1024_s512,3,page_00003
-381083.25,-1193228.7,2566,-381083.25,-1193228.7,1024,512,0.15,153.6,76.8,L0_1024_s512,3,page_00003
-381236.85,-1193151.9,2463,-381236.85,-1193151.9,1024,512,0.15,153.6,76.8,L0_1024_s512,3,page_00003
-381160.05,-1193151.9,2514,-381160.05,-1193151.9,1024,512,0.15,153.6,76.8,L0_1024_s512,3,page_00003
-381083.25,-1193151.9,2565,-381083.25,-1193151.9,1024,512,0.15,153.6,76.8,L0_1024_s512,3,page_00003
-381236.85,-1193075.1,2462,-381236.85,-1193075.1,1024,512,0.15,153.6,76.8,L0_1024_s512,3,page_00003
-381160.05,-1193075.1,2513,-381160.05,-1193075.1,1024,512,0.15,153.6,76.8,L0_1024_s512,3,page_00003
-381083.25,-1193075.1,2564,-381083.25,-1193075.1,1024,512,0.15,153.6,76.8,L0_1024_s512,3,page_00003
-381160.05,-1192998.3,2512,-381160.05,-1192998.3,1024,512,0.15,153.6,76.8,L0_1024_s512,3,page_00003
-381236.85,-1192998.3,2461,-381236.85,-1192998.3,1024,512,0.15,153.6,76.8,L0_1024_s512,3,page_00003
-381083.25,-1192998.3,2563,-381083.25,-1192998.3,1024,512,0.15,153.6,76.8,L0_1024_s512,3,page_00003
-381236.85,-1192921.5,2460,-381236.85,-1192921.5,1024,512,0.15,153.6,76.8,L0_1024_s512,3,page_00003
-381160.05,-1192921.5,2511,-381160.05,-1192921.5,1024,512,0.15,153.6,76.8,L0_1024_s512,3,page_00003
-381083.25,-1192921.5,2562,-381083.25,-1192921.5,1024,512,0.15,153.6,76.8,L0_1024_s512,3,page_00003
-381083.25,-1193612.7,2571,-381083.25,-1193612.7,1024,512,0.15,153.6,76.8,L0_1024_s512,3,page_00003
-381083.25,-1193689.5,2572,-381083.25,-1193689.5,1024,512,0.15,153.6,76.8,L0_1024_s512,3,page_00003
-381083.25,-1193766.3,2573,-381083.25,-1193766.3,1024,512,0.15,153.6,76.8,L0_1024_s512,3,page_00003
-381083.25,-1193843.1,2574,-381083.25,-1193843.1,1024,512,0.15,153.6,76.8,L0_1024_s512,3,page_00003
-381083.25,-1193919.9,2575,-381083.25,-1193919.9,1024,512,0.15,153.6,76.8,L0_1024_s512,3,page_00003
-381083.25,-1193996.7,2576,-381083.25,-1193996.7,1024,512,0.15,153.6,76.8,L0_1024_s512,3,page_00003
-381236.85,-1192844.7,2459,-381236.85,-1192844.7,1024,512,0.15,153.6,76.8,L0_1024_s512,3,page_00003
-381236.85,-1192767.9,2458,-381236.85,-1192767.9,1024,512,0.15,153.6,76.8,L0_1024_s512,3,page_00003
-381236.85,-1192691.1,2457,-381236.85,-1192691.1,1024,512,0.15,153.6,76.8,L0_1024_s512,3,page_00003
-381236.85,-1192614.3,2456,-381236.85,-1192614.3,1024,512,0.15,153.6,76.8,L0_1024_s512,3,page_00003
-381160.05,-1192691.1,2508,-381160.05,-1192691.1,1024,512,0.15,153.6,76.8,L0_1024_s512,3,page_00003
-381160.05,-1192844.7,2510,-381160.05,-1192844.7,1024,512,0.15,153.6,76.8,L0_1024_s512,3,page_00003
-381160.05,-1192767.9,2509,-381160.05,-1192767.9,1024,512,0.15,153.6,76.8,L0_1024_s512,3,page_00003
-381160.05,-1192614.3,2507,-381160.05,-1192614.3,1024,512,0.15,153.6,76.8,L0_1024_s512,3,page_00003
-381083.25,-1192844.7,2561,-381083.25,-1192844.7,1024,512,0.15,153.6,76.8,L0_1024_s512,3,page_00003
-381083.25,-1192767.9,2560,-381083.25,-1192767.9,1024,512,0.15,153.6,76.8,L0_1024_s512,3,page_00003
-381083.25,-1192691.1,2559,-381083.25,-1192691.1,1024,512,0.15,153.6,76.8,L0_1024_s512,3,page_00003
-381083.25,-1192614.3,2558,-381083.25,-1192614.3,1024,512,0.15,153.6,76.8,L0_1024_s512,3,page_00003
-381006.45,-1192844.7,2612,-381006.45,-1192844.7,1024,512,0.15,153.6,76.8,L0_1024_s512,3,page_00003
-381006.45,-1192767.9,2611,-381006.45,-1192767.9,1024,512,0.15,153.6,76.8,L0_1024_s512,3,page_00003
-381006.45,-1192691.1,2610,-381006.45,-1192691.1,1024,512,0.15,153.6,76.8,L0_1024_s512,3,page_00003
-381006.45,-1192921.5,2613,-381006.45,-1192921.5,1024,512,0.15,153.6,76.8,L0_1024_s512,3,page_00003
-381006.45,-1192614.3,2609,-381006.45,-1192614.3,1024,512,0.15,153.6,76.8,L0_1024_s512,3,page_00003
-381236.85,-1192537.5,2455,-381236.85,-1192537.5,1024,512,0.15,153.6,76.8,L0_1024_s512,3,page_00003
-381236.85,-1192460.7,2454,-381236.85,-1192460.7,1024,512,0.15,153.6,76.8,L0_1024_s512,3,page_00003
-381236.85,-1192383.9,2453,-381236.85,-1192383.9,1024,512,0.15,153.6,76.8,L0_1024_s512,3,page_00003
-381160.05,-1192537.5,2506,-381160.05,-1192537.5,1024,512,0.15,153.6,76.8,L0_1024_s512,3,page_00003
-381160.05,-1192460.7,2505,-381160.05,-1192460.7,1024,512,0.15,153.6,76.8,L0_1024_s512,3,page_00003
-381160.05,-1192383.9,2504,-381160.05,-1192383.9,1024,512,0.15,153.6,76.8,L0_1024_s512,3,page_00003
-381083.25,-1192537.5,2557,-381083.25,-1192537.5,1024,512,0.15,153.6,76.8,L0_1024_s512,3,page_00003
-381083.25,-1192460.7,2556,-381083.25,-1192460.7,1024,512,0.15,153.6,76.8,L0_1024_s512,3,page_00003
-381083.25,-1192383.9,2555,-381083.25,-1192383.9,1024,512,0.15,153.6,76.8,L0_1024_s512,3,page_00003
-381006.45,-1192383.9,2606,-381006.45,-1192383.9,1024,512,0.15,153.6,76.8,L0_1024_s512,3,page_00003
-381006.45,-1192537.5,2608,-381006.45,-1192537.5,1024,512,0.15,153.6,76.8,L0_1024_s512,3,page_00003
-381006.45,-1192460.7,2607,-381006.45,-1192460.7,1024,512,0.15,153.6,76.8,L0_1024_s512,3,page_00003
-380929.65,-1192537.5,2659,-380929.65,-1192537.5,1024,512,0.15,153.6,76.8,L0_1024_s512,3,page_00003
-380929.65,-1192460.7,2658,-380929.65,-1192460.7,1024,512,0.15,153.6,76.8,L0_1024_s512,3,page_00003
-380929.65,-1192383.9,2657,-380929.65,-1192383.9,1024,512,0.15,153.6,76.8,L0_1024_s512,3,page_00003
-381236.85,-1192307.1,2452,-381236.85,-1192307.1,1024,512,0.15,153.6,76.8,L0_1024_s512,3,page_00003
-381236.85,-1192230.3,2451,-381236.85,-1192230.3,1024,512,0.15,153.6,76.8,L0_1024_s512,3,page_00003
-381236.85,-1192153.5,2450,-381236.85,-1192153.5,1024,512,0.15,153.6,76.8,L0_1024_s512,3,page_00003
-381236.85,-1192076.7,2449,-381236.85,-1192076.7,1024,512,0.15,153.6,76.8,L0_1024_s512,3,page_00003
-381160.05,-1192307.1,2503,-381160.05,-1192307.1,1024,512,0.15,153.6,76.8,L0_1024_s512,3,page_00003
-381160.05,-1192230.3,2502,-381160.05,-1192230.3,1024,512,0.15,153.6,76.8,L0_1024_s512,3,page_00003
-381160.05,-1192153.5,2501,-381160.05,-1192153.5,1024,512,0.15,153.6,76.8,L0_1024_s512,3,page_00003
-381160.05,-1192076.7,2500,-381160.05,-1192076.7,1024,512,0.15,153.6,76.8,L0_1024_s512,3,page_00003
-381083.25,-1192307.1,2554,-381083.25,-1192307.1,1024,512,0.15,153.6,76.8,L0_1024_s512,3,page_00003
-381083.25,-1192230.3,2553,-381083.25,-1192230.3,1024,512,0.15,153.6,76.8,L0_1024_s512,3,page_00003
-381083.25,-1192153.5,2552,-381083.25,-1192153.5,1024,512,0.15,153.6,76.8,L0_1024_s512,3,page_00003
-381083.25,-1192076.7,2551,-381083.25,-1192076.7,1024,512,0.15,153.6,76.8,L0_1024_s512,3,page_00003
-381006.45,-1192307.1,2605,-381006.45,-1192307.1,1024,512,0.15,153.6,76.8,L0_1024_s512,3,page_00003
-381006.45,-1192230.3,2604,-381006.45,-1192230.3,1024,512,0.15,153.6,76.8,L0_1024_s512,3,page_00003
-381006.45,-1192153.5,2603,-381006.45,-1192153.5,1024,512,0.15,153.6,76.8,L0_1024_s512,3,page_00003
-381006.45,-1192076.7,2602,-381006.45,-1192076.7,1024,512,0.15,153.6,76.8,L0_1024_s512,3,page_00003
-380929.65,-1192307.1,2656,-380929.65,-1192307.1,1024,512,0.15,153.6,76.8,L0_1024_s512,3,page_00003
-380929.65,-1192230.3,2655,-380929.65,-1192230.3,1024,512,0.15,153.6,76.8,L0_1024_s512,3,page_00003
-380929.65,-1192153.5,2654,-380929.65,-1192153.5,1024,512,0.15,153.6,76.8,L0_1024_s512,3,page_00003
-380929.65,-1192076.7,2653,-380929.65,-1192076.7,1024,512,0.15,153.6,76.8,L0_1024_s512,3,page_00003
-381160.05,-1193996.7,2525,-381160.05,-1193996.7,1024,512,0.15,153.6,76.8,L0_1024_s512,3,page_00003
-381160.05,-1193919.9,2524,-381160.05,-1193919.9,1024,512,0.15,153.6,76.8,L0_1024_s512,3,page_00003
-381160.05,-1193843.1,2523,-381160.05,-1193843.1,1024,512,0.15,153.6,76.8,L0_1024_s512,3,page_00003
-381160.05,-1193766.3,2522,-381160.05,-1193766.3,1024,512,0.15,153.6,76.8,L0_1024_s512,3,page_00003
-381160.05,-1193689.5,2521,-381160.05,-1193689.5,1024,512,0.15,153.6,76.8,L0_1024_s512,3,page_00003
-381160.05,-1193612.7,2520,-381160.05,-1193612.7,1024,512,0.15,153.6,76.8,L0_1024_s512,3,page_00003
-381160.05,-1193535.9,2519,-381160.05,-1193535.9,1024,512,0.15,153.6,76.8,L0_1024_s512,3,page_00003
-381160.05,-1193459.1,2518,-381160.05,-1193459.1,1024,512,0.15,153.6,76.8,L0_1024_s512,3,page_00003
-381160.05,-1193382.3,2517,-381160.05,-1193382.3,1024,512,0.15,153.6,76.8,L0_1024_s512,3,page_00003
-381160.05,-1193305.5,2516,-381160.05,-1193305.5,1024,512,0.15,153.6,76.8,L0_1024_s512,3,page_00003
-381006.45,-1193996.7,2627,-381006.45,-1193996.7,1024,512,0.15,153.6,76.8,L0_1024_s512,3,page_00003
-381006.45,-1193919.9,2626,-381006.45,-1193919.9,1024,512,0.15,153.6,76.8,L0_1024_s512,3,page_00003
-381006.45,-1193843.1,2625,-381006.45,-1193843.1,1024,512,0.15,153.6,76.8,L0_1024_s512,3,page_00003
-381006.45,-1193766.3,2624,-381006.45,-1193766.3,1024,512,0.15,153.6,76.8,L0_1024_s512,3,page_00003
-381006.45,-1193689.5,2623,-381006.45,-1193689.5,1024,512,0.15,153.6,76.8,L0_1024_s512,3,page_00003
-381006.45,-1193612.7,2622,-381006.45,-1193612.7,1024,512,0.15,153.6,76.8,L0_1024_s512,3,page_00003
-381006.45,-1193535.9,2621,-381006.45,-1193535.9,1024,512,0.15,153.6,76.8,L0_1024_s512,3,page_00003
-381006.45,-1193459.1,2620,-381006.45,-1193459.1,1024,512,0.15,153.6,76.8,L0_1024_s512,3,page_00003
-381006.45,-1193382.3,2619,-381006.45,-1193382.3,1024,512,0.15,153.6,76.8,L0_1024_s512,3,page_00003
-381006.45,-1193305.5,2618,-381006.45,-1193305.5,1024,512,0.15,153.6,76.8,L0_1024_s512,3,page_00003
-381006.45,-1193228.7,2617,-381006.45,-1193228.7,1024,512,0.15,153.6,76.8,L0_1024_s512,3,page_00003
-381006.45,-1193151.9,2616,-381006.45,-1193151.9,1024,512,0.15,153.6,76.8,L0_1024_s512,3,page_00003
-381006.45,-1193075.1,2615,-381006.45,-1193075.1,1024,512,0.15,153.6,76.8,L0_1024_s512,3,page_00003
-381006.45,-1192998.3,2614,-381006.45,-1192998.3,1024,512,0.15,153.6,76.8,L0_1024_s512,3,page_00003
-380929.65,-1192614.3,2660,-380929.65,-1192614.3,1024,512,0.15,153.6,76.8,L0_1024_s512,3,page_00003
-380929.65,-1192691.1,2661,-380929.65,-1192691.1,1024,512,0.15,153.6,76.8,L0_1024_s512,3,page_00003
-380929.65,-1192767.9,2662,-380929.65,-1192767.9,1024,512,0.15,153.6,76.8,L0_1024_s512,3,page_00003
-380929.65,-1192844.7,2663,-380929.65,-1192844.7,1024,512,0.15,153.6,76.8,L0_1024_s512,3,page_00003
-380929.65,-1192921.5,2664,-380929.65,-1192921.5,1024,512,0.15,153.6,76.8,L0_1024_s512,3,page_00003
-380929.65,-1192998.3,2665,-380929.65,-1192998.3,1024,512,0.15,153.6,76.8,L0_1024_s512,3,page_00003
-380929.65,-1193075.1,2666,-380929.65,-1193075.1,1024,512,0.15,153.6,76.8,L0_1024_s512,3,page_00003
-380929.65,-1193151.9,2667,-380929.65,-1193151.9,1024,512,0.15,153.6,76.8,L0_1024_s512,3,page_00003
-380929.65,-1193228.7,2668,-380929.65,-1193228.7,1024,512,0.15,153.6,76.8,L0_1024_s512,3,page_00003
-380929.65,-1193305.5,2669,-380929.65,-1193305.5,1024,512,0.15,153.6,76.8,L0_1024_s512,3,page_00003
-380929.65,-1193382.3,2670,-380929.65,-1193382.3,1024,512,0.15,153.6,76.8,L0_1024_s512,3,page_00003
-380929.65,-1193459.1,2671,-380929.65,-1193459.1,1024,512,0.15,153.6,76.8,L0_1024_s512,3,page_00003
-380929.65,-1193535.9,2672,-380929.65,-1193535.9,1024,512,0.15,153.6,76.8,L0_1024_s512,3,page_00003
-380929.65,-1193612.7,2673,-380929.65,-1193612.7,1024,512,0.15,153.6,76.8,L0_1024_s512,3,page_00003
-380929.65,-1193689.5,2674,-380929.65,-1193689.5,1024,512,0.15,153.6,76.8,L0_1024_s512,3,page_00003
-380929.65,-1193766.3,2675,-380929.65,-1193766.3,1024,512,0.15,153.6,76.8,L0_1024_s512,3,page_00003
-380929.65,-1193843.1,2676,-380929.65,-1193843.1,1024,512,0.15,153.6,76.8,L0_1024_s512,3,page_00003
-380929.65,-1193919.9,2677,-380929.65,-1193919.9,1024,512,0.15,153.6,76.8,L0_1024_s512,3,page_00003
-380929.65,-1193996.7,2678,-380929.65,-1193996.7,1024,512,0.15,153.6,76.8,L0_1024_s512,3,page_00003
-382926.45,-1194073.5,1353,-382926.45,-1194073.5,1024,512,0.15,153.6,76.8,L0_1024_s512,4,page_00004
-382926.45,-1194150.3,1354,-382926.45,-1194150.3,1024,512,0.15,153.6,76.8,L0_1024_s512,4,page_00004
-382926.45,-1194227.1,1355,-382926.45,-1194227.1,1024,512,0.15,153.6,76.8,L0_1024_s512,4,page_00004
-382926.45,-1194303.9,1356,-382926.45,-1194303.9,1024,512,0.15,153.6,76.8,L0_1024_s512,4,page_00004
-382926.45,-1194380.7,1357,-382926.45,-1194380.7,1024,512,0.15,153.6,76.8,L0_1024_s512,4,page_00004
-382926.45,-1194457.5,1358,-382926.45,-1194457.5,1024,512,0.15,153.6,76.8,L0_1024_s512,4,page_00004
-382926.45,-1194534.3,1359,-382926.45,-1194534.3,1024,512,0.15,153.6,76.8,L0_1024_s512,4,page_00004
-382926.45,-1194611.1,1360,-382926.45,-1194611.1,1024,512,0.15,153.6,76.8,L0_1024_s512,4,page_00004
-382926.45,-1194687.9,1361,-382926.45,-1194687.9,1024,512,0.15,153.6,76.8,L0_1024_s512,4,page_00004
-382926.45,-1194764.7,1362,-382926.45,-1194764.7,1024,512,0.15,153.6,76.8,L0_1024_s512,4,page_00004
-382926.45,-1194841.5,1363,-382926.45,-1194841.5,1024,512,0.15,153.6,76.8,L0_1024_s512,4,page_00004
-382926.45,-1194918.3,1364,-382926.45,-1194918.3,1024,512,0.15,153.6,76.8,L0_1024_s512,4,page_00004
-382926.45,-1194995.1,1365,-382926.45,-1194995.1,1024,512,0.15,153.6,76.8,L0_1024_s512,4,page_00004
-382926.45,-1195071.9,1366,-382926.45,-1195071.9,1024,512,0.15,153.6,76.8,L0_1024_s512,4,page_00004
-382926.45,-1195148.7,1367,-382926.45,-1195148.7,1024,512,0.15,153.6,76.8,L0_1024_s512,4,page_00004
-382926.45,-1195225.5,1368,-382926.45,-1195225.5,1024,512,0.15,153.6,76.8,L0_1024_s512,4,page_00004
-382926.45,-1195302.3,1369,-382926.45,-1195302.3,1024,512,0.15,153.6,76.8,L0_1024_s512,4,page_00004
-382926.45,-1195379.1,1370,-382926.45,-1195379.1,1024,512,0.15,153.6,76.8,L0_1024_s512,4,page_00004
-382926.45,-1195455.9,1371,-382926.45,-1195455.9,1024,512,0.15,153.6,76.8,L0_1024_s512,4,page_00004
-382926.45,-1195532.7,1372,-382926.45,-1195532.7,1024,512,0.15,153.6,76.8,L0_1024_s512,4,page_00004
-382926.45,-1195609.5,1373,-382926.45,-1195609.5,1024,512,0.15,153.6,76.8,L0_1024_s512,4,page_00004
-382926.45,-1195686.3,1374,-382926.45,-1195686.3,1024,512,0.15,153.6,76.8,L0_1024_s512,4,page_00004
-382926.45,-1195763.1,1375,-382926.45,-1195763.1,1024,512,0.15,153.6,76.8,L0_1024_s512,4,page_00004
-382926.45,-1195839.9,1376,-382926.45,-1195839.9,1024,512,0.15,153.6,76.8,L0_1024_s512,4,page_00004
-382926.45,-1195916.7,1377,-382926.45,-1195916.7,1024,512,0.15,153.6,76.8,L0_1024_s512,4,page_00004
-382849.65,-1195609.5,1424,-382849.65,-1195609.5,1024,512,0.15,153.6,76.8,L0_1024_s512,4,page_00004
-382849.65,-1195532.7,1423,-382849.65,-1195532.7,1024,512,0.15,153.6,76.8,L0_1024_s512,4,page_00004
-382849.65,-1195455.9,1422,-382849.65,-1195455.9,1024,512,0.15,153.6,76.8,L0_1024_s512,4,page_00004
-382849.65,-1195379.1,1421,-382849.65,-1195379.1,1024,512,0.15,153.6,76.8,L0_1024_s512,4,page_00004
-382849.65,-1195302.3,1420,-382849.65,-1195302.3,1024,512,0.15,153.6,76.8,L0_1024_s512,4,page_00004
-382849.65,-1195225.5,1419,-382849.65,-1195225.5,1024,512,0.15,153.6,76.8,L0_1024_s512,4,page_00004
-382849.65,-1195148.7,1418,-382849.65,-1195148.7,1024,512,0.15,153.6,76.8,L0_1024_s512,4,page_00004
-382849.65,-1195071.9,1417,-382849.65,-1195071.9,1024,512,0.15,153.6,76.8,L0_1024_s512,4,page_00004
-382849.65,-1194995.1,1416,-382849.65,-1194995.1,1024,512,0.15,153.6,76.8,L0_1024_s512,4,page_00004
-382849.65,-1194918.3,1415,-382849.65,-1194918.3,1024,512,0.15,153.6,76.8,L0_1024_s512,4,page_00004
-382849.65,-1194841.5,1414,-382849.65,-1194841.5,1024,512,0.15,153.6,76.8,L0_1024_s512,4,page_00004
-382849.65,-1194764.7,1413,-382849.65,-1194764.7,1024,512,0.15,153.6,76.8,L0_1024_s512,4,page_00004
-382849.65,-1194687.9,1412,-382849.65,-1194687.9,1024,512,0.15,153.6,76.8,L0_1024_s512,4,page_00004
-382849.65,-1194611.1,1411,-382849.65,-1194611.1,1024,512,0.15,153.6,76.8,L0_1024_s512,4,page_00004
-382849.65,-1194534.3,1410,-382849.65,-1194534.3,1024,512,0.15,153.6,76.8,L0_1024_s512,4,page_00004
-382849.65,-1194457.5,1409,-382849.65,-1194457.5,1024,512,0.15,153.6,76.8,L0_1024_s512,4,page_00004
-382849.65,-1194380.7,1408,-382849.65,-1194380.7,1024,512,0.15,153.6,76.8,L0_1024_s512,4,page_00004
-382849.65,-1194303.9,1407,-382849.65,-1194303.9,1024,512,0.15,153.6,76.8,L0_1024_s512,4,page_00004
-382849.65,-1194227.1,1406,-382849.65,-1194227.1,1024,512,0.15,153.6,76.8,L0_1024_s512,4,page_00004
-382849.65,-1194150.3,1405,-382849.65,-1194150.3,1024,512,0.15,153.6,76.8,L0_1024_s512,4,page_00004
-382849.65,-1194073.5,1404,-382849.65,-1194073.5,1024,512,0.15,153.6,76.8,L0_1024_s512,4,page_00004
-382849.65,-1195686.3,1425,-382849.65,-1195686.3,1024,512,0.15,153.6,76.8,L0_1024_s512,4,page_00004
-382849.65,-1195763.1,1426,-382849.65,-1195763.1,1024,512,0.15,153.6,76.8,L0_1024_s512,4,page_00004
-382849.65,-1195839.9,1427,-382849.65,-1195839.9,1024,512,0.15,153.6,76.8,L0_1024_s512,4,page_00004
-382849.65,-1195916.7,1428,-382849.65,-1195916.7,1024,512,0.15,153.6,76.8,L0_1024_s512,4,page_00004
-382772.85,-1194073.5,1455,-382772.85,-1194073.5,1024,512,0.15,153.6,76.8,L0_1024_s512,4,page_00004
-382772.85,-1194150.3,1456,-382772.85,-1194150.3,1024,512,0.15,153.6,76.8,L0_1024_s512,4,page_00004
-382772.85,-1194227.1,1457,-382772.85,-1194227.1,1024,512,0.15,153.6,76.8,L0_1024_s512,4,page_00004
-382772.85,-1194303.9,1458,-382772.85,-1194303.9,1024,512,0.15,153.6,76.8,L0_1024_s512,4,page_00004
-382772.85,-1194380.7,1459,-382772.85,-1194380.7,1024,512,0.15,153.6,76.8,L0_1024_s512,4,page_00004
-382772.85,-1194457.5,1460,-382772.85,-1194457.5,1024,512,0.15,153.6,76.8,L0_1024_s512,4,page_00004
-382772.85,-1194534.3,1461,-382772.85,-1194534.3,1024,512,0.15,153.6,76.8,L0_1024_s512,4,page_00004
-382772.85,-1194611.1,1462,-382772.85,-1194611.1,1024,512,0.15,153.6,76.8,L0_1024_s512,4,page_00004
-382772.85,-1194687.9,1463,-382772.85,-1194687.9,1024,512,0.15,153.6,76.8,L0_1024_s512,4,page_00004
-382772.85,-1194764.7,1464,-382772.85,-1194764.7,1024,512,0.15,153.6,76.8,L0_1024_s512,4,page_00004
-382772.85,-1194841.5,1465,-382772.85,-1194841.5,1024,512,0.15,153.6,76.8,L0_1024_s512,4,page_00004
-382772.85,-1194918.3,1466,-382772.85,-1194918.3,1024,512,0.15,153.6,76.8,L0_1024_s512,4,page_00004
-382772.85,-1194995.1,1467,-382772.85,-1194995.1,1024,512,0.15,153.6,76.8,L0_1024_s512,4,page_00004
-382772.85,-1195071.9,1468,-382772.85,-1195071.9,1024,512,0.15,153.6,76.8,L0_1024_s512,4,page_00004
-382772.85,-1195148.7,1469,-382772.85,-1195148.7,1024,512,0.15,153.6,76.8,L0_1024_s512,4,page_00004
-382772.85,-1195225.5,1470,-382772.85,-1195225.5,1024,512,0.15,153.6,76.8,L0_1024_s512,4,page_00004
-382772.85,-1195302.3,1471,-382772.85,-1195302.3,1024,512,0.15,153.6,76.8,L0_1024_s512,4,page_00004
-382772.85,-1195379.1,1472,-382772.85,-1195379.1,1024,512,0.15,153.6,76.8,L0_1024_s512,4,page_00004
-382772.85,-1195455.9,1473,-382772.85,-1195455.9,1024,512,0.15,153.6,76.8,L0_1024_s512,4,page_00004
-382772.85,-1195532.7,1474,-382772.85,-1195532.7,1024,512,0.15,153.6,76.8,L0_1024_s512,4,page_00004
-382772.85,-1195609.5,1475,-382772.85,-1195609.5,1024,512,0.15,153.6,76.8,L0_1024_s512,4,page_00004
-382772.85,-1195686.3,1476,-382772.85,-1195686.3,1024,512,0.15,153.6,76.8,L0_1024_s512,4,page_00004
-382772.85,-1195763.1,1477,-382772.85,-1195763.1,1024,512,0.15,153.6,76.8,L0_1024_s512,4,page_00004
-382772.85,-1195839.9,1478,-382772.85,-1195839.9,1024,512,0.15,153.6,76.8,L0_1024_s512,4,page_00004
-382772.85,-1195916.7,1479,-382772.85,-1195916.7,1024,512,0.15,153.6,76.8,L0_1024_s512,4,page_00004
-382696.05,-1195148.7,1520,-382696.05,-1195148.7,1024,512,0.15,153.6,76.8,L0_1024_s512,4,page_00004
-382696.05,-1195071.9,1519,-382696.05,-1195071.9,1024,512,0.15,153.6,76.8,L0_1024_s512,4,page_00004
-382696.05,-1194995.1,1518,-382696.05,-1194995.1,1024,512,0.15,153.6,76.8,L0_1024_s512,4,page_00004
-382696.05,-1194918.3,1517,-382696.05,-1194918.3,1024,512,0.15,153.6,76.8,L0_1024_s512,4,page_00004
-382696.05,-1194841.5,1516,-382696.05,-1194841.5,1024,512,0.15,153.6,76.8,L0_1024_s512,4,page_00004
-382696.05,-1194764.7,1515,-382696.05,-1194764.7,1024,512,0.15,153.6,76.8,L0_1024_s512,4,page_00004
-382696.05,-1194687.9,1514,-382696.05,-1194687.9,1024,512,0.15,153.6,76.8,L0_1024_s512,4,page_00004
-382696.05,-1194611.1,1513,-382696.05,-1194611.1,1024,512,0.15,153.6,76.8,L0_1024_s512,4,page_00004
-382696.05,-1194534.3,1512,-382696.05,-1194534.3,1024,512,0.15,153.6,76.8,L0_1024_s512,4,page_00004
-382696.05,-1194457.5,1511,-382696.05,-1194457.5,1024,512,0.15,153.6,76.8,L0_1024_s512,4,page_00004
-382696.05,-1194380.7,1510,-382696.05,-1194380.7,1024,512,0.15,153.6,76.8,L0_1024_s512,4,page_00004
-382696.05,-1194303.9,1509,-382696.05,-1194303.9,1024,512,0.15,153.6,76.8,L0_1024_s512,4,page_00004
-382696.05,-1194227.1,1508,-382696.05,-1194227.1,1024,512,0.15,153.6,76.8,L0_1024_s512,4,page_00004
-382696.05,-1194150.3,1507,-382696.05,-1194150.3,1024,512,0.15,153.6,76.8,L0_1024_s512,4,page_00004
-382696.05,-1194073.5,1506,-382696.05,-1194073.5,1024,512,0.15,153.6,76.8,L0_1024_s512,4,page_00004
-382696.05,-1195225.5,1521,-382696.05,-1195225.5,1024,512,0.15,153.6,76.8,L0_1024_s512,4,page_00004
-382696.05,-1195302.3,1522,-382696.05,-1195302.3,1024,512,0.15,153.6,76.8,L0_1024_s512,4,page_00004
-382696.05,-1195379.1,1523,-382696.05,-1195379.1,1024,512,0.15,153.6,76.8,L0_1024_s512,4,page_00004
-382696.05,-1195455.9,1524,-382696.05,-1195455.9,1024,512,0.15,153.6,76.8,L0_1024_s512,4,page_00004
-382696.05,-1195532.7,1525,-382696.05,-1195532.7,1024,512,0.15,153.6,76.8,L0_1024_s512,4,page_00004
-382696.05,-1195609.5,1526,-382696.05,-1195609.5,1024,512,0.15,153.6,76.8,L0_1024_s512,4,page_00004
-382696.05,-1195686.3,1527,-382696.05,-1195686.3,1024,512,0.15,153.6,76.8,L0_1024_s512,4,page_00004
-382696.05,-1195763.1,1528,-382696.05,-1195763.1,1024,512,0.15,153.6,76.8,L0_1024_s512,4,page_00004
-382696.05,-1195839.9,1529,-382696.05,-1195839.9,1024,512,0.15,153.6,76.8,L0_1024_s512,4,page_00004
-382696.05,-1195916.7,1530,-382696.05,-1195916.7,1024,512,0.15,153.6,76.8,L0_1024_s512,4,page_00004
-382619.25,-1194073.5,1557,-382619.25,-1194073.5,1024,512,0.15,153.6,76.8,L0_1024_s512,4,page_00004
-382619.25,-1194150.3,1558,-382619.25,-1194150.3,1024,512,0.15,153.6,76.8,L0_1024_s512,4,page_00004
-382619.25,-1194227.1,1559,-382619.25,-1194227.1,1024,512,0.15,153.6,76.8,L0_1024_s512,4,page_00004
-382619.25,-1194303.9,1560,-382619.25,-1194303.9,1024,512,0.15,153.6,76.8,L0_1024_s512,4,page_00004
-382619.25,-1194380.7,1561,-382619.25,-1194380.7,1024,512,0.15,153.6,76.8,L0_1024_s512,4,page_00004
-382619.25,-1194457.5,1562,-382619.25,-1194457.5,1024,512,0.15,153.6,76.8,L0_1024_s512,4,page_00004
-382619.25,-1194534.3,1563,-382619.25,-1194534.3,1024,512,0.15,153.6,76.8,L0_1024_s512,4,page_00004
-382619.25,-1194611.1,1564,-382619.25,-1194611.1,1024,512,0.15,153.6,76.8,L0_1024_s512,4,page_00004
-382619.25,-1194687.9,1565,-382619.25,-1194687.9,1024,512,0.15,153.6,76.8,L0_1024_s512,4,page_00004
-382619.25,-1194764.7,1566,-382619.25,-1194764.7,1024,512,0.15,153.6,76.8,L0_1024_s512,4,page_00004
-382619.25,-1194841.5,1567,-382619.25,-1194841.5,1024,512,0.15,153.6,76.8,L0_1024_s512,4,page_00004
-382619.25,-1194918.3,1568,-382619.25,-1194918.3,1024,512,0.15,153.6,76.8,L0_1024_s512,4,page_00004
-382619.25,-1194995.1,1569,-382619.25,-1194995.1,1024,512,0.15,153.6,76.8,L0_1024_s512,4,page_00004
-382619.25,-1195071.9,1570,-382619.25,-1195071.9,1024,512,0.15,153.6,76.8,L0_1024_s512,4,page_00004
-382619.25,-1195148.7,1571,-382619.25,-1195148.7,1024,512,0.15,153.6,76.8,L0_1024_s512,4,page_00004
-382619.25,-1195225.5,1572,-382619.25,-1195225.5,1024,512,0.15,153.6,76.8,L0_1024_s512,4,page_00004
-382619.25,-1195302.3,1573,-382619.25,-1195302.3,1024,512,0.15,153.6,76.8,L0_1024_s512,4,page_00004
-382619.25,-1195379.1,1574,-382619.25,-1195379.1,1024,512,0.15,153.6,76.8,L0_1024_s512,4,page_00004
-382619.25,-1195455.9,1575,-382619.25,-1195455.9,1024,512,0.15,153.6,76.8,L0_1024_s512,4,page_00004
-382619.25,-1195532.7,1576,-382619.25,-1195532.7,1024,512,0.15,153.6,76.8,L0_1024_s512,4,page_00004
-382619.25,-1195609.5,1577,-382619.25,-1195609.5,1024,512,0.15,153.6,76.8,L0_1024_s512,4,page_00004
-382619.25,-1195686.3,1578,-382619.25,-1195686.3,1024,512,0.15,153.6,76.8,L0_1024_s512,4,page_00004
-382619.25,-1195763.1,1579,-382619.25,-1195763.1,1024,512,0.15,153.6,76.8,L0_1024_s512,4,page_00004
-382619.25,-1195839.9,1580,-382619.25,-1195839.9,1024,512,0.15,153.6,76.8,L0_1024_s512,4,page_00004
-382619.25,-1195916.7,1581,-382619.25,-1195916.7,1024,512,0.15,153.6,76.8,L0_1024_s512,4,page_00004
-382542.45,-1194073.5,1608,-382542.45,-1194073.5,1024,512,0.15,153.6,76.8,L0_1024_s512,4,page_00004
-382542.45,-1194150.3,1609,-382542.45,-1194150.3,1024,512,0.15,153.6,76.8,L0_1024_s512,4,page_00004
-382542.45,-1194227.1,1610,-382542.45,-1194227.1,1024,512,0.15,153.6,76.8,L0_1024_s512,4,page_00004
-382542.45,-1194303.9,1611,-382542.45,-1194303.9,1024,512,0.15,153.6,76.8,L0_1024_s512,4,page_00004
-382542.45,-1194380.7,1612,-382542.45,-1194380.7,1024,512,0.15,153.6,76.8,L0_1024_s512,4,page_00004
-382542.45,-1194457.5,1613,-382542.45,-1194457.5,1024,512,0.15,153.6,76.8,L0_1024_s512,4,page_00004
-382542.45,-1194534.3,1614,-382542.45,-1194534.3,1024,512,0.15,153.6,76.8,L0_1024_s512,4,page_00004
-382542.45,-1194611.1,1615,-382542.45,-1194611.1,1024,512,0.15,153.6,76.8,L0_1024_s512,4,page_00004
-382542.45,-1194687.9,1616,-382542.45,-1194687.9,1024,512,0.15,153.6,76.8,L0_1024_s512,4,page_00004
-382542.45,-1194764.7,1617,-382542.45,-1194764.7,1024,512,0.15,153.6,76.8,L0_1024_s512,4,page_00004
-382542.45,-1194841.5,1618,-382542.45,-1194841.5,1024,512,0.15,153.6,76.8,L0_1024_s512,4,page_00004
-382542.45,-1194918.3,1619,-382542.45,-1194918.3,1024,512,0.15,153.6,76.8,L0_1024_s512,4,page_00004
-382542.45,-1194995.1,1620,-382542.45,-1194995.1,1024,512,0.15,153.6,76.8,L0_1024_s512,4,page_00004
-382542.45,-1195071.9,1621,-382542.45,-1195071.9,1024,512,0.15,153.6,76.8,L0_1024_s512,4,page_00004
-382542.45,-1195148.7,1622,-382542.45,-1195148.7,1024,512,0.15,153.6,76.8,L0_1024_s512,4,page_00004
-382542.45,-1195225.5,1623,-382542.45,-1195225.5,1024,512,0.15,153.6,76.8,L0_1024_s512,4,page_00004
-382542.45,-1195302.3,1624,-382542.45,-1195302.3,1024,512,0.15,153.6,76.8,L0_1024_s512,4,page_00004
-382542.45,-1195379.1,1625,-382542.45,-1195379.1,1024,512,0.15,153.6,76.8,L0_1024_s512,4,page_00004
-382542.45,-1195455.9,1626,-382542.45,-1195455.9,1024,512,0.15,153.6,76.8,L0_1024_s512,4,page_00004
-382542.45,-1195532.7,1627,-382542.45,-1195532.7,1024,512,0.15,153.6,76.8,L0_1024_s512,4,page_00004
-382542.45,-1195609.5,1628,-382542.45,-1195609.5,1024,512,0.15,153.6,76.8,L0_1024_s512,4,page_00004
-382542.45,-1195686.3,1629,-382542.45,-1195686.3,1024,512,0.15,153.6,76.8,L0_1024_s512,4,page_00004
-382542.45,-1195763.1,1630,-382542.45,-1195763.1,1024,512,0.15,153.6,76.8,L0_1024_s512,4,page_00004
-382542.45,-1195839.9,1631,-382542.45,-1195839.9,1024,512,0.15,153.6,76.8,L0_1024_s512,4,page_00004
-382542.45,-1195916.7,1632,-382542.45,-1195916.7,1024,512,0.15,153.6,76.8,L0_1024_s512,4,page_00004
-382465.65,-1194073.5,1659,-382465.65,-1194073.5,1024,512,0.15,153.6,76.8,L0_1024_s512,4,page_00004
-382465.65,-1194150.3,1660,-382465.65,-1194150.3,1024,512,0.15,153.6,76.8,L0_1024_s512,4,page_00004
-382465.65,-1194227.1,1661,-382465.65,-1194227.1,1024,512,0.15,153.6,76.8,L0_1024_s512,4,page_00004
-382465.65,-1194303.9,1662,-382465.65,-1194303.9,1024,512,0.15,153.6,76.8,L0_1024_s512,4,page_00004
-382465.65,-1194380.7,1663,-382465.65,-1194380.7,1024,512,0.15,153.6,76.8,L0_1024_s512,4,page_00004
-382465.65,-1194457.5,1664,-382465.65,-1194457.5,1024,512,0.15,153.6,76.8,L0_1024_s512,4,page_00004
-382465.65,-1194534.3,1665,-382465.65,-1194534.3,1024,512,0.15,153.6,76.8,L0_1024_s512,4,page_00004
-382465.65,-1194611.1,1666,-382465.65,-1194611.1,1024,512,0.15,153.6,76.8,L0_1024_s512,4,page_00004
-382465.65,-1194687.9,1667,-382465.65,-1194687.9,1024,512,0.15,153.6,76.8,L0_1024_s512,4,page_00004
-382465.65,-1194764.7,1668,-382465.65,-1194764.7,1024,512,0.15,153.6,76.8,L0_1024_s512,4,page_00004
-382465.65,-1194841.5,1669,-382465.65,-1194841.5,1024,512,0.15,153.6,76.8,L0_1024_s512,4,page_00004
-382465.65,-1194918.3,1670,-382465.65,-1194918.3,1024,512,0.15,153.6,76.8,L0_1024_s512,4,page_00004
-382465.65,-1194995.1,1671,-382465.65,-1194995.1,1024,512,0.15,153.6,76.8,L0_1024_s512,4,page_00004
-382465.65,-1195071.9,1672,-382465.65,-1195071.9,1024,512,0.15,153.6,76.8,L0_1024_s512,4,page_00004
-382465.65,-1195148.7,1673,-382465.65,-1195148.7,1024,512,0.15,153.6,76.8,L0_1024_s512,4,page_00004
-382465.65,-1195225.5,1674,-382465.65,-1195225.5,1024,512,0.15,153.6,76.8,L0_1024_s512,4,page_00004
-382465.65,-1195302.3,1675,-382465.65,-1195302.3,1024,512,0.15,153.6,76.8,L0_1024_s512,4,page_00004
-382465.65,-1195379.1,1676,-382465.65,-1195379.1,1024,512,0.15,153.6,76.8,L0_1024_s512,4,page_00004
-382465.65,-1195455.9,1677,-382465.65,-1195455.9,1024,512,0.15,153.6,76.8,L0_1024_s512,4,page_00004
-382465.65,-1195532.7,1678,-382465.65,-1195532.7,1024,512,0.15,153.6,76.8,L0_1024_s512,4,page_00004
-382465.65,-1195609.5,1679,-382465.65,-1195609.5,1024,512,0.15,153.6,76.8,L0_1024_s512,4,page_00004
-382465.65,-1195686.3,1680,-382465.65,-1195686.3,1024,512,0.15,153.6,76.8,L0_1024_s512,4,page_00004
-382465.65,-1195763.1,1681,-382465.65,-1195763.1,1024,512,0.15,153.6,76.8,L0_1024_s512,4,page_00004
-382465.65,-1195839.9,1682,-382465.65,-1195839.9,1024,512,0.15,153.6,76.8,L0_1024_s512,4,page_00004
-382465.65,-1195916.7,1683,-382465.65,-1195916.7,1024,512,0.15,153.6,76.8,L0_1024_s512,4,page_00004
-382388.85,-1194073.5,1710,-382388.85,-1194073.5,1024,512,0.15,153.6,76.8,L0_1024_s512,4,page_00004
-382388.85,-1194150.3,1711,-382388.85,-1194150.3,1024,512,0.15,153.6,76.8,L0_1024_s512,4,page_00004
-382388.85,-1194227.1,1712,-382388.85,-1194227.1,1024,512,0.15,153.6,76.8,L0_1024_s512,4,page_00004
-382388.85,-1194303.9,1713,-382388.85,-1194303.9,1024,512,0.15,153.6,76.8,L0_1024_s512,4,page_00004
-382388.85,-1194380.7,1714,-382388.85,-1194380.7,1024,512,0.15,153.6,76.8,L0_1024_s512,4,page_00004
-382388.85,-1194457.5,1715,-382388.85,-1194457.5,1024,512,0.15,153.6,76.8,L0_1024_s512,4,page_00004
-382388.85,-1194534.3,1716,-382388.85,-1194534.3,1024,512,0.15,153.6,76.8,L0_1024_s512,4,page_00004
-382388.85,-1194611.1,1717,-382388.85,-1194611.1,1024,512,0.15,153.6,76.8,L0_1024_s512,4,page_00004
-382388.85,-1194687.9,1718,-382388.85,-1194687.9,1024,512,0.15,153.6,76.8,L0_1024_s512,4,page_00004
-382388.85,-1194764.7,1719,-382388.85,-1194764.7,1024,512,0.15,153.6,76.8,L0_1024_s512,4,page_00004
-382388.85,-1194841.5,1720,-382388.85,-1194841.5,1024,512,0.15,153.6,76.8,L0_1024_s512,4,page_00004
-382388.85,-1194918.3,1721,-382388.85,-1194918.3,1024,512,0.15,153.6,76.8,L0_1024_s512,4,page_00004
-382388.85,-1194995.1,1722,-382388.85,-1194995.1,1024,512,0.15,153.6,76.8,L0_1024_s512,4,page_00004
-382388.85,-1195071.9,1723,-382388.85,-1195071.9,1024,512,0.15,153.6,76.8,L0_1024_s512,4,page_00004
-382388.85,-1195148.7,1724,-382388.85,-1195148.7,1024,512,0.15,153.6,76.8,L0_1024_s512,4,page_00004
-382388.85,-1195225.5,1725,-382388.85,-1195225.5,1024,512,0.15,153.6,76.8,L0_1024_s512,4,page_00004
-382388.85,-1195302.3,1726,-382388.85,-1195302.3,1024,512,0.15,153.6,76.8,L0_1024_s512,4,page_00004
-382388.85,-1195379.1,1727,-382388.85,-1195379.1,1024,512,0.15,153.6,76.8,L0_1024_s512,4,page_00004
-382388.85,-1195455.9,1728,-382388.85,-1195455.9,1024,512,0.15,153.6,76.8,L0_1024_s512,4,page_00004
-382388.85,-1195532.7,1729,-382388.85,-1195532.7,1024,512,0.15,153.6,76.8,L0_1024_s512,4,page_00004
-382388.85,-1195609.5,1730,-382388.85,-1195609.5,1024,512,0.15,153.6,76.8,L0_1024_s512,4,page_00004
-382388.85,-1195686.3,1731,-382388.85,-1195686.3,1024,512,0.15,153.6,76.8,L0_1024_s512,4,page_00004
-382388.85,-1195763.1,1732,-382388.85,-1195763.1,1024,512,0.15,153.6,76.8,L0_1024_s512,4,page_00004
-382388.85,-1195839.9,1733,-382388.85,-1195839.9,1024,512,0.15,153.6,76.8,L0_1024_s512,4,page_00004
-382388.85,-1195916.7,1734,-382388.85,-1195916.7,1024,512,0.15,153.6,76.8,L0_1024_s512,4,page_00004
-382312.05,-1194073.5,1761,-382312.05,-1194073.5,1024,512,0.15,153.6,76.8,L0_1024_s512,4,page_00004
-382312.05,-1194150.3,1762,-382312.05,-1194150.3,1024,512,0.15,153.6,76.8,L0_1024_s512,4,page_00004
-382312.05,-1194227.1,1763,-382312.05,-1194227.1,1024,512,0.15,153.6,76.8,L0_1024_s512,4,page_00004
-382312.05,-1194303.9,1764,-382312.05,-1194303.9,1024,512,0.15,153.6,76.8,L0_1024_s512,4,page_00004
-382312.05,-1194380.7,1765,-382312.05,-1194380.7,1024,512,0.15,153.6,76.8,L0_1024_s512,4,page_00004
-382312.05,-1194457.5,1766,-382312.05,-1194457.5,1024,512,0.15,153.6,76.8,L0_1024_s512,4,page_00004
-382312.05,-1194534.3,1767,-382312.05,-1194534.3,1024,512,0.15,153.6,76.8,L0_1024_s512,4,page_00004
-382312.05,-1194611.1,1768,-382312.05,-1194611.1,1024,512,0.15,153.6,76.8,L0_1024_s512,4,page_00004
-382312.05,-1194687.9,1769,-382312.05,-1194687.9,1024,512,0.15,153.6,76.8,L0_1024_s512,4,page_00004
-382312.05,-1194764.7,1770,-382312.05,-1194764.7,1024,512,0.15,153.6,76.8,L0_1024_s512,4,page_00004
-382312.05,-1194841.5,1771,-382312.05,-1194841.5,1024,512,0.15,153.6,76.8,L0_1024_s512,4,page_00004
-382312.05,-1194918.3,1772,-382312.05,-1194918.3,1024,512,0.15,153.6,76.8,L0_1024_s512,4,page_00004
-382312.05,-1194995.1,1773,-382312.05,-1194995.1,1024,512,0.15,153.6,76.8,L0_1024_s512,4,page_00004
-382312.05,-1195071.9,1774,-382312.05,-1195071.9,1024,512,0.15,153.6,76.8,L0_1024_s512,4,page_00004
-382312.05,-1195148.7,1775,-382312.05,-1195148.7,1024,512,0.15,153.6,76.8,L0_1024_s512,4,page_00004
-382312.05,-1195225.5,1776,-382312.05,-1195225.5,1024,512,0.15,153.6,76.8,L0_1024_s512,4,page_00004
-382312.05,-1195302.3,1777,-382312.05,-1195302.3,1024,512,0.15,153.6,76.8,L0_1024_s512,4,page_00004
-382312.05,-1195379.1,1778,-382312.05,-1195379.1,1024,512,0.15,153.6,76.8,L0_1024_s512,4,page_00004
-382312.05,-1195455.9,1779,-382312.05,-1195455.9,1024,512,0.15,153.6,76.8,L0_1024_s512,4,page_00004
-382312.05,-1195532.7,1780,-382312.05,-1195532.7,1024,512,0.15,153.6,76.8,L0_1024_s512,4,page_00004
-382312.05,-1195609.5,1781,-382312.05,-1195609.5,1024,512,0.15,153.6,76.8,L0_1024_s512,4,page_00004
-382312.05,-1195686.3,1782,-382312.05,-1195686.3,1024,512,0.15,153.6,76.8,L0_1024_s512,4,page_00004
-382312.05,-1195763.1,1783,-382312.05,-1195763.1,1024,512,0.15,153.6,76.8,L0_1024_s512,4,page_00004
-382312.05,-1195839.9,1784,-382312.05,-1195839.9,1024,512,0.15,153.6,76.8,L0_1024_s512,4,page_00004
-382312.05,-1195916.7,1785,-382312.05,-1195916.7,1024,512,0.15,153.6,76.8,L0_1024_s512,4,page_00004
-382235.25,-1194073.5,1812,-382235.25,-1194073.5,1024,512,0.15,153.6,76.8,L0_1024_s512,4,page_00004
-382235.25,-1194150.3,1813,-382235.25,-1194150.3,1024,512,0.15,153.6,76.8,L0_1024_s512,4,page_00004
-382235.25,-1194227.1,1814,-382235.25,-1194227.1,1024,512,0.15,153.6,76.8,L0_1024_s512,4,page_00004
-382235.25,-1194303.9,1815,-382235.25,-1194303.9,1024,512,0.15,153.6,76.8,L0_1024_s512,4,page_00004
-382235.25,-1194380.7,1816,-382235.25,-1194380.7,1024,512,0.15,153.6,76.8,L0_1024_s512,4,page_00004
-382235.25,-1194457.5,1817,-382235.25,-1194457.5,1024,512,0.15,153.6,76.8,L0_1024_s512,4,page_00004
-382235.25,-1194534.3,1818,-382235.25,-1194534.3,1024,512,0.15,153.6,76.8,L0_1024_s512,4,page_00004
-382235.25,-1194611.1,1819,-382235.25,-1194611.1,1024,512,0.15,153.6,76.8,L0_1024_s512,4,page_00004
-382235.25,-1194687.9,1820,-382235.25,-1194687.9,1024,512,0.15,153.6,76.8,L0_1024_s512,4,page_00004
-382235.25,-1194764.7,1821,-382235.25,-1194764.7,1024,512,0.15,153.6,76.8,L0_1024_s512,4,page_00004
-382235.25,-1194841.5,1822,-382235.25,-1194841.5,1024,512,0.15,153.6,76.8,L0_1024_s512,4,page_00004
-382235.25,-1194918.3,1823,-382235.25,-1194918.3,1024,512,0.15,153.6,76.8,L0_1024_s512,4,page_00004
-382235.25,-1194995.1,1824,-382235.25,-1194995.1,1024,512,0.15,153.6,76.8,L0_1024_s512,4,page_00004
-382235.25,-1195071.9,1825,-382235.25,-1195071.9,1024,512,0.15,153.6,76.8,L0_1024_s512,4,page_00004
-382235.25,-1195148.7,1826,-382235.25,-1195148.7,1024,512,0.15,153.6,76.8,L0_1024_s512,4,page_00004
-382235.25,-1195225.5,1827,-382235.25,-1195225.5,1024,512,0.15,153.6,76.8,L0_1024_s512,4,page_00004
-382235.25,-1195302.3,1828,-382235.25,-1195302.3,1024,512,0.15,153.6,76.8,L0_1024_s512,4,page_00004
-382235.25,-1195379.1,1829,-382235.25,-1195379.1,1024,512,0.15,153.6,76.8,L0_1024_s512,4,page_00004
-382235.25,-1195455.9,1830,-382235.25,-1195455.9,1024,512,0.15,153.6,76.8,L0_1024_s512,4,page_00004
-382235.25,-1195532.7,1831,-382235.25,-1195532.7,1024,512,0.15,153.6,76.8,L0_1024_s512,4,page_00004
-382235.25,-1195609.5,1832,-382235.25,-1195609.5,1024,512,0.15,153.6,76.8,L0_1024_s512,4,page_00004
-382235.25,-1195686.3,1833,-382235.25,-1195686.3,1024,512,0.15,153.6,76.8,L0_1024_s512,4,page_00004
-382235.25,-1195763.1,1834,-382235.25,-1195763.1,1024,512,0.15,153.6,76.8,L0_1024_s512,4,page_00004
-382235.25,-1195839.9,1835,-382235.25,-1195839.9,1024,512,0.15,153.6,76.8,L0_1024_s512,4,page_00004
-382235.25,-1195916.7,1836,-382235.25,-1195916.7,1024,512,0.15,153.6,76.8,L0_1024_s512,4,page_00004
-382158.45,-1194687.9,1871,-382158.45,-1194687.9,1024,512,0.15,153.6,76.8,L0_1024_s512,4,page_00004
-382158.45,-1194611.1,1870,-382158.45,-1194611.1,1024,512,0.15,153.6,76.8,L0_1024_s512,4,page_00004
-382158.45,-1194534.3,1869,-382158.45,-1194534.3,1024,512,0.15,153.6,76.8,L0_1024_s512,4,page_00004
-382158.45,-1194457.5,1868,-382158.45,-1194457.5,1024,512,0.15,153.6,76.8,L0_1024_s512,4,page_00004
-382158.45,-1194380.7,1867,-382158.45,-1194380.7,1024,512,0.15,153.6,76.8,L0_1024_s512,4,page_00004
-382158.45,-1194303.9,1866,-382158.45,-1194303.9,1024,512,0.15,153.6,76.8,L0_1024_s512,4,page_00004
-382158.45,-1194227.1,1865,-382158.45,-1194227.1,1024,512,0.15,153.6,76.8,L0_1024_s512,4,page_00004
-382158.45,-1194150.3,1864,-382158.45,-1194150.3,1024,512,0.15,153.6,76.8,L0_1024_s512,4,page_00004
-382158.45,-1194073.5,1863,-382158.45,-1194073.5,1024,512,0.15,153.6,76.8,L0_1024_s512,4,page_00004
-382158.45,-1194764.7,1872,-382158.45,-1194764.7,1024,512,0.15,153.6,76.8,L0_1024_s512,4,page_00004
-382158.45,-1194841.5,1873,-382158.45,-1194841.5,1024,512,0.15,153.6,76.8,L0_1024_s512,4,page_00004
-382158.45,-1194918.3,1874,-382158.45,-1194918.3,1024,512,0.15,153.6,76.8,L0_1024_s512,4,page_00004
-382158.45,-1194995.1,1875,-382158.45,-1194995.1,1024,512,0.15,153.6,76.8,L0_1024_s512,4,page_00004
-382158.45,-1195071.9,1876,-382158.45,-1195071.9,1024,512,0.15,153.6,76.8,L0_1024_s512,4,page_00004
-382158.45,-1195148.7,1877,-382158.45,-1195148.7,1024,512,0.15,153.6,76.8,L0_1024_s512,4,page_00004
-382158.45,-1195225.5,1878,-382158.45,-1195225.5,1024,512,0.15,153.6,76.8,L0_1024_s512,4,page_00004
-382158.45,-1195302.3,1879,-382158.45,-1195302.3,1024,512,0.15,153.6,76.8,L0_1024_s512,4,page_00004
-382158.45,-1195379.1,1880,-382158.45,-1195379.1,1024,512,0.15,153.6,76.8,L0_1024_s512,4,page_00004
-382158.45,-1195455.9,1881,-382158.45,-1195455.9,1024,512,0.15,153.6,76.8,L0_1024_s512,4,page_00004
-382158.45,-1195532.7,1882,-382158.45,-1195532.7,1024,512,0.15,153.6,76.8,L0_1024_s512,4,page_00004
-382158.45,-1195609.5,1883,-382158.45,-1195609.5,1024,512,0.15,153.6,76.8,L0_1024_s512,4,page_00004
-382158.45,-1195686.3,1884,-382158.45,-1195686.3,1024,512,0.15,153.6,76.8,L0_1024_s512,4,page_00004
-382158.45,-1195763.1,1885,-382158.45,-1195763.1,1024,512,0.15,153.6,76.8,L0_1024_s512,4,page_00004
-382158.45,-1195839.9,1886,-382158.45,-1195839.9,1024,512,0.15,153.6,76.8,L0_1024_s512,4,page_00004
-382158.45,-1195916.7,1887,-382158.45,-1195916.7,1024,512,0.15,153.6,76.8,L0_1024_s512,4,page_00004
-382081.65,-1194073.5,1914,-382081.65,-1194073.5,1024,512,0.15,153.6,76.8,L0_1024_s512,4,page_00004
-382081.65,-1194150.3,1915,-382081.65,-1194150.3,1024,512,0.15,153.6,76.8,L0_1024_s512,4,page_00004
-382081.65,-1194227.1,1916,-382081.65,-1194227.1,1024,512,0.15,153.6,76.8,L0_1024_s512,4,page_00004
-382081.65,-1194303.9,1917,-382081.65,-1194303.9,1024,512,0.15,153.6,76.8,L0_1024_s512,4,page_00004
-382081.65,-1194380.7,1918,-382081.65,-1194380.7,1024,512,0.15,153.6,76.8,L0_1024_s512,4,page_00004
-382081.65,-1194457.5,1919,-382081.65,-1194457.5,1024,512,0.15,153.6,76.8,L0_1024_s512,4,page_00004
-382081.65,-1194534.3,1920,-382081.65,-1194534.3,1024,512,0.15,153.6,76.8,L0_1024_s512,4,page_00004
-382081.65,-1194611.1,1921,-382081.65,-1194611.1,1024,512,0.15,153.6,76.8,L0_1024_s512,4,page_00004
-382081.65,-1194687.9,1922,-382081.65,-1194687.9,1024,512,0.15,153.6,76.8,L0_1024_s512,4,page_00004
-382081.65,-1194764.7,1923,-382081.65,-1194764.7,1024,512,0.15,153.6,76.8,L0_1024_s512,4,page_00004
-382081.65,-1194841.5,1924,-382081.65,-1194841.5,1024,512,0.15,153.6,76.8,L0_1024_s512,4,page_00004
-382081.65,-1194918.3,1925,-382081.65,-1194918.3,1024,512,0.15,153.6,76.8,L0_1024_s512,4,page_00004
-382081.65,-1194995.1,1926,-382081.65,-1194995.1,1024,512,0.15,153.6,76.8,L0_1024_s512,4,page_00004
-382081.65,-1195071.9,1927,-382081.65,-1195071.9,1024,512,0.15,153.6,76.8,L0_1024_s512,4,page_00004
-382081.65,-1195148.7,1928,-382081.65,-1195148.7,1024,512,0.15,153.6,76.8,L0_1024_s512,4,page_00004
-382081.65,-1195225.5,1929,-382081.65,-1195225.5,1024,512,0.15,153.6,76.8,L0_1024_s512,4,page_00004
-382081.65,-1195302.3,1930,-382081.65,-1195302.3,1024,512,0.15,153.6,76.8,L0_1024_s512,4,page_00004
-382081.65,-1195379.1,1931,-382081.65,-1195379.1,1024,512,0.15,153.6,76.8,L0_1024_s512,4,page_00004
-382081.65,-1195455.9,1932,-382081.65,-1195455.9,1024,512,0.15,153.6,76.8,L0_1024_s512,4,page_00004
-382081.65,-1195532.7,1933,-382081.65,-1195532.7,1024,512,0.15,153.6,76.8,L0_1024_s512,4,page_00004
-382081.65,-1195609.5,1934,-382081.65,-1195609.5,1024,512,0.15,153.6,76.8,L0_1024_s512,4,page_00004
-382081.65,-1195686.3,1935,-382081.65,-1195686.3,1024,512,0.15,153.6,76.8,L0_1024_s512,4,page_00004
-382081.65,-1195763.1,1936,-382081.65,-1195763.1,1024,512,0.15,153.6,76.8,L0_1024_s512,4,page_00004
-382081.65,-1195839.9,1937,-382081.65,-1195839.9,1024,512,0.15,153.6,76.8,L0_1024_s512,4,page_00004
-382081.65,-1195916.7,1938,-382081.65,-1195916.7,1024,512,0.15,153.6,76.8,L0_1024_s512,4,page_00004
-382004.85,-1194073.5,1965,-382004.85,-1194073.5,1024,512,0.15,153.6,76.8,L0_1024_s512,4,page_00004
-382004.85,-1194150.3,1966,-382004.85,-1194150.3,1024,512,0.15,153.6,76.8,L0_1024_s512,4,page_00004
-382004.85,-1194227.1,1967,-382004.85,-1194227.1,1024,512,0.15,153.6,76.8,L0_1024_s512,4,page_00004
-382004.85,-1194303.9,1968,-382004.85,-1194303.9,1024,512,0.15,153.6,76.8,L0_1024_s512,4,page_00004
-382004.85,-1194380.7,1969,-382004.85,-1194380.7,1024,512,0.15,153.6,76.8,L0_1024_s512,4,page_00004
-382004.85,-1194457.5,1970,-382004.85,-1194457.5,1024,512,0.15,153.6,76.8,L0_1024_s512,4,page_00004
-382004.85,-1194534.3,1971,-382004.85,-1194534.3,1024,512,0.15,153.6,76.8,L0_1024_s512,4,page_00004
-382004.85,-1194611.1,1972,-382004.85,-1194611.1,1024,512,0.15,153.6,76.8,L0_1024_s512,4,page_00004
-382004.85,-1194687.9,1973,-382004.85,-1194687.9,1024,512,0.15,153.6,76.8,L0_1024_s512,4,page_00004
-382004.85,-1194764.7,1974,-382004.85,-1194764.7,1024,512,0.15,153.6,76.8,L0_1024_s512,4,page_00004
-382004.85,-1194841.5,1975,-382004.85,-1194841.5,1024,512,0.15,153.6,76.8,L0_1024_s512,4,page_00004
-382004.85,-1194918.3,1976,-382004.85,-1194918.3,1024,512,0.15,153.6,76.8,L0_1024_s512,4,page_00004
-382004.85,-1194995.1,1977,-382004.85,-1194995.1,1024,512,0.15,153.6,76.8,L0_1024_s512,4,page_00004
-382004.85,-1195071.9,1978,-382004.85,-1195071.9,1024,512,0.15,153.6,76.8,L0_1024_s512,4,page_00004
-382004.85,-1195148.7,1979,-382004.85,-1195148.7,1024,512,0.15,153.6,76.8,L0_1024_s512,4,page_00004
-382004.85,-1195225.5,1980,-382004.85,-1195225.5,1024,512,0.15,153.6,76.8,L0_1024_s512,4,page_00004
-382004.85,-1195302.3,1981,-382004.85,-1195302.3,1024,512,0.15,153.6,76.8,L0_1024_s512,4,page_00004
-382004.85,-1195379.1,1982,-382004.85,-1195379.1,1024,512,0.15,153.6,76.8,L0_1024_s512,4,page_00004
-382004.85,-1195455.9,1983,-382004.85,-1195455.9,1024,512,0.15,153.6,76.8,L0_1024_s512,4,page_00004
-382004.85,-1195532.7,1984,-382004.85,-1195532.7,1024,512,0.15,153.6,76.8,L0_1024_s512,4,page_00004
-382004.85,-1195609.5,1985,-382004.85,-1195609.5,1024,512,0.15,153.6,76.8,L0_1024_s512,4,page_00004
-382004.85,-1195686.3,1986,-382004.85,-1195686.3,1024,512,0.15,153.6,76.8,L0_1024_s512,4,page_00004
-382004.85,-1195763.1,1987,-382004.85,-1195763.1,1024,512,0.15,153.6,76.8,L0_1024_s512,4,page_00004
-382004.85,-1195839.9,1988,-382004.85,-1195839.9,1024,512,0.15,153.6,76.8,L0_1024_s512,4,page_00004
-382004.85,-1195916.7,1989,-382004.85,-1195916.7,1024,512,0.15,153.6,76.8,L0_1024_s512,4,page_00004
-381928.05,-1194073.5,2016,-381928.05,-1194073.5,1024,512,0.15,153.6,76.8,L0_1024_s512,4,page_00004
-381928.05,-1194150.3,2017,-381928.05,-1194150.3,1024,512,0.15,153.6,76.8,L0_1024_s512,4,page_00004
-381928.05,-1194227.1,2018,-381928.05,-1194227.1,1024,512,0.15,153.6,76.8,L0_1024_s512,4,page_00004
-381928.05,-1194303.9,2019,-381928.05,-1194303.9,1024,512,0.15,153.6,76.8,L0_1024_s512,4,page_00004
-381928.05,-1194380.7,2020,-381928.05,-1194380.7,1024,512,0.15,153.6,76.8,L0_1024_s512,4,page_00004
-381928.05,-1194457.5,2021,-381928.05,-1194457.5,1024,512,0.15,153.6,76.8,L0_1024_s512,4,page_00004
-381928.05,-1194534.3,2022,-381928.05,-1194534.3,1024,512,0.15,153.6,76.8,L0_1024_s512,4,page_00004
-381928.05,-1194611.1,2023,-381928.05,-1194611.1,1024,512,0.15,153.6,76.8,L0_1024_s512,4,page_00004
-381928.05,-1194687.9,2024,-381928.05,-1194687.9,1024,512,0.15,153.6,76.8,L0_1024_s512,4,page_00004
-381928.05,-1194764.7,2025,-381928.05,-1194764.7,1024,512,0.15,153.6,76.8,L0_1024_s512,4,page_00004
-381928.05,-1194841.5,2026,-381928.05,-1194841.5,1024,512,0.15,153.6,76.8,L0_1024_s512,4,page_00004
-381928.05,-1194918.3,2027,-381928.05,-1194918.3,1024,512,0.15,153.6,76.8,L0_1024_s512,4,page_00004
-381928.05,-1194995.1,2028,-381928.05,-1194995.1,1024,512,0.15,153.6,76.8,L0_1024_s512,4,page_00004
-381928.05,-1195071.9,2029,-381928.05,-1195071.9,1024,512,0.15,153.6,76.8,L0_1024_s512,4,page_00004
-381928.05,-1195148.7,2030,-381928.05,-1195148.7,1024,512,0.15,153.6,76.8,L0_1024_s512,4,page_00004
-381928.05,-1195225.5,2031,-381928.05,-1195225.5,1024,512,0.15,153.6,76.8,L0_1024_s512,4,page_00004
-381928.05,-1195302.3,2032,-381928.05,-1195302.3,1024,512,0.15,153.6,76.8,L0_1024_s512,4,page_00004
-381928.05,-1195379.1,2033,-381928.05,-1195379.1,1024,512,0.15,153.6,76.8,L0_1024_s512,4,page_00004
-381928.05,-1195455.9,2034,-381928.05,-1195455.9,1024,512,0.15,153.6,76.8,L0_1024_s512,4,page_00004
-381928.05,-1195532.7,2035,-381928.05,-1195532.7,1024,512,0.15,153.6,76.8,L0_1024_s512,4,page_00004
-381928.05,-1195609.5,2036,-381928.05,-1195609.5,1024,512,0.15,153.6,76.8,L0_1024_s512,4,page_00004
-381928.05,-1195686.3,2037,-381928.05,-1195686.3,1024,512,0.15,153.6,76.8,L0_1024_s512,4,page_00004
-381928.05,-1195763.1,2038,-381928.05,-1195763.1,1024,512,0.15,153.6,76.8,L0_1024_s512,4,page_00004
-381928.05,-1195839.9,2039,-381928.05,-1195839.9,1024,512,0.15,153.6,76.8,L0_1024_s512,4,page_00004
-381928.05,-1195916.7,2040,-381928.05,-1195916.7,1024,512,0.15,153.6,76.8,L0_1024_s512,4,page_00004
-381851.25,-1194073.5,2067,-381851.25,-1194073.5,1024,512,0.15,153.6,76.8,L0_1024_s512,4,page_00004
-381851.25,-1194150.3,2068,-381851.25,-1194150.3,1024,512,0.15,153.6,76.8,L0_1024_s512,4,page_00004
-381851.25,-1194227.1,2069,-381851.25,-1194227.1,1024,512,0.15,153.6,76.8,L0_1024_s512,4,page_00004
-381851.25,-1194303.9,2070,-381851.25,-1194303.9,1024,512,0.15,153.6,76.8,L0_1024_s512,4,page_00004
-381851.25,-1194380.7,2071,-381851.25,-1194380.7,1024,512,0.15,153.6,76.8,L0_1024_s512,4,page_00004
-381851.25,-1194457.5,2072,-381851.25,-1194457.5,1024,512,0.15,153.6,76.8,L0_1024_s512,4,page_00004
-381851.25,-1194534.3,2073,-381851.25,-1194534.3,1024,512,0.15,153.6,76.8,L0_1024_s512,4,page_00004
-381851.25,-1194611.1,2074,-381851.25,-1194611.1,1024,512,0.15,153.6,76.8,L0_1024_s512,4,page_00004
-381851.25,-1194687.9,2075,-381851.25,-1194687.9,1024,512,0.15,153.6,76.8,L0_1024_s512,4,page_00004
-381851.25,-1194764.7,2076,-381851.25,-1194764.7,1024,512,0.15,153.6,76.8,L0_1024_s512,4,page_00004
-381851.25,-1194841.5,2077,-381851.25,-1194841.5,1024,512,0.15,153.6,76.8,L0_1024_s512,4,page_00004
-381851.25,-1194918.3,2078,-381851.25,-1194918.3,1024,512,0.15,153.6,76.8,L0_1024_s512,4,page_00004
-381851.25,-1194995.1,2079,-381851.25,-1194995.1,1024,512,0.15,153.6,76.8,L0_1024_s512,4,page_00004
-381851.25,-1195071.9,2080,-381851.25,-1195071.9,1024,512,0.15,153.6,76.8,L0_1024_s512,4,page_00004
-381851.25,-1195148.7,2081,-381851.25,-1195148.7,1024,512,0.15,153.6,76.8,L0_1024_s512,4,page_00004
-381851.25,-1195225.5,2082,-381851.25,-1195225.5,1024,512,0.15,153.6,76.8,L0_1024_s512,4,page_00004
-381851.25,-1195302.3,2083,-381851.25,-1195302.3,1024,512,0.15,153.6,76.8,L0_1024_s512,4,page_00004
-381851.25,-1195379.1,2084,-381851.25,-1195379.1,1024,512,0.15,153.6,76.8,L0_1024_s512,4,page_00004
-381851.25,-1195455.9,2085,-381851.25,-1195455.9,1024,512,0.15,153.6,76.8,L0_1024_s512,4,page_00004
-381851.25,-1195532.7,2086,-381851.25,-1195532.7,1024,512,0.15,153.6,76.8,L0_1024_s512,4,page_00004
-381851.25,-1195609.5,2087,-381851.25,-1195609.5,1024,512,0.15,153.6,76.8,L0_1024_s512,4,page_00004
-381851.25,-1195686.3,2088,-381851.25,-1195686.3,1024,512,0.15,153.6,76.8,L0_1024_s512,4,page_00004
-381851.25,-1195763.1,2089,-381851.25,-1195763.1,1024,512,0.15,153.6,76.8,L0_1024_s512,4,page_00004
-381851.25,-1195839.9,2090,-381851.25,-1195839.9,1024,512,0.15,153.6,76.8,L0_1024_s512,4,page_00004
-381851.25,-1195916.7,2091,-381851.25,-1195916.7,1024,512,0.15,153.6,76.8,L0_1024_s512,4,page_00004
-381774.45,-1194073.5,2118,-381774.45,-1194073.5,1024,512,0.15,153.6,76.8,L0_1024_s512,4,page_00004
-381774.45,-1194150.3,2119,-381774.45,-1194150.3,1024,512,0.15,153.6,76.8,L0_1024_s512,4,page_00004
-381774.45,-1194227.1,2120,-381774.45,-1194227.1,1024,512,0.15,153.6,76.8,L0_1024_s512,4,page_00004
-381774.45,-1194303.9,2121,-381774.45,-1194303.9,1024,512,0.15,153.6,76.8,L0_1024_s512,4,page_00004
-381774.45,-1194380.7,2122,-381774.45,-1194380.7,1024,512,0.15,153.6,76.8,L0_1024_s512,4,page_00004
-381774.45,-1194457.5,2123,-381774.45,-1194457.5,1024,512,0.15,153.6,76.8,L0_1024_s512,4,page_00004
-381774.45,-1194534.3,2124,-381774.45,-1194534.3,1024,512,0.15,153.6,76.8,L0_1024_s512,4,page_00004
-381774.45,-1194611.1,2125,-381774.45,-1194611.1,1024,512,0.15,153.6,76.8,L0_1024_s512,4,page_00004
-381774.45,-1194687.9,2126,-381774.45,-1194687.9,1024,512,0.15,153.6,76.8,L0_1024_s512,4,page_00004
-381774.45,-1194764.7,2127,-381774.45,-1194764.7,1024,512,0.15,153.6,76.8,L0_1024_s512,4,page_00004
-381774.45,-1194841.5,2128,-381774.45,-1194841.5,1024,512,0.15,153.6,76.8,L0_1024_s512,4,page_00004
-381774.45,-1194918.3,2129,-381774.45,-1194918.3,1024,512,0.15,153.6,76.8,L0_1024_s512,4,page_00004
-381774.45,-1194995.1,2130,-381774.45,-1194995.1,1024,512,0.15,153.6,76.8,L0_1024_s512,4,page_00004
-381774.45,-1195071.9,2131,-381774.45,-1195071.9,1024,512,0.15,153.6,76.8,L0_1024_s512,4,page_00004
-381774.45,-1195148.7,2132,-381774.45,-1195148.7,1024,512,0.15,153.6,76.8,L0_1024_s512,4,page_00004
-381774.45,-1195225.5,2133,-381774.45,-1195225.5,1024,512,0.15,153.6,76.8,L0_1024_s512,4,page_00004
-381774.45,-1195302.3,2134,-381774.45,-1195302.3,1024,512,0.15,153.6,76.8,L0_1024_s512,4,page_00004
-381774.45,-1195379.1,2135,-381774.45,-1195379.1,1024,512,0.15,153.6,76.8,L0_1024_s512,4,page_00004
-381774.45,-1195455.9,2136,-381774.45,-1195455.9,1024,512,0.15,153.6,76.8,L0_1024_s512,4,page_00004
-381774.45,-1195532.7,2137,-381774.45,-1195532.7,1024,512,0.15,153.6,76.8,L0_1024_s512,4,page_00004
-381774.45,-1195609.5,2138,-381774.45,-1195609.5,1024,512,0.15,153.6,76.8,L0_1024_s512,4,page_00004
-381774.45,-1195686.3,2139,-381774.45,-1195686.3,1024,512,0.15,153.6,76.8,L0_1024_s512,4,page_00004
-381774.45,-1195763.1,2140,-381774.45,-1195763.1,1024,512,0.15,153.6,76.8,L0_1024_s512,4,page_00004
-381774.45,-1195839.9,2141,-381774.45,-1195839.9,1024,512,0.15,153.6,76.8,L0_1024_s512,4,page_00004
-381774.45,-1195916.7,2142,-381774.45,-1195916.7,1024,512,0.15,153.6,76.8,L0_1024_s512,4,page_00004
-381697.65,-1194073.5,2169,-381697.65,-1194073.5,1024,512,0.15,153.6,76.8,L0_1024_s512,4,page_00004
-381697.65,-1194150.3,2170,-381697.65,-1194150.3,1024,512,0.15,153.6,76.8,L0_1024_s512,4,page_00004
-381697.65,-1194227.1,2171,-381697.65,-1194227.1,1024,512,0.15,153.6,76.8,L0_1024_s512,4,page_00004
-381697.65,-1194303.9,2172,-381697.65,-1194303.9,1024,512,0.15,153.6,76.8,L0_1024_s512,4,page_00004
-381697.65,-1194380.7,2173,-381697.65,-1194380.7,1024,512,0.15,153.6,76.8,L0_1024_s512,4,page_00004
-381697.65,-1194457.5,2174,-381697.65,-1194457.5,1024,512,0.15,153.6,76.8,L0_1024_s512,4,page_00004
-381697.65,-1194534.3,2175,-381697.65,-1194534.3,1024,512,0.15,153.6,76.8,L0_1024_s512,4,page_00004
-381697.65,-1194611.1,2176,-381697.65,-1194611.1,1024,512,0.15,153.6,76.8,L0_1024_s512,4,page_00004
-381697.65,-1194687.9,2177,-381697.65,-1194687.9,1024,512,0.15,153.6,76.8,L0_1024_s512,4,page_00004
-381697.65,-1194764.7,2178,-381697.65,-1194764.7,1024,512,0.15,153.6,76.8,L0_1024_s512,4,page_00004
-381697.65,-1194841.5,2179,-381697.65,-1194841.5,1024,512,0.15,153.6,76.8,L0_1024_s512,4,page_00004
-381697.65,-1194918.3,2180,-381697.65,-1194918.3,1024,512,0.15,153.6,76.8,L0_1024_s512,4,page_00004
-381697.65,-1194995.1,2181,-381697.65,-1194995.1,1024,512,0.15,153.6,76.8,L0_1024_s512,4,page_00004
-381697.65,-1195071.9,2182,-381697.65,-1195071.9,1024,512,0.15,153.6,76.8,L0_1024_s512,4,page_00004
-381697.65,-1195148.7,2183,-381697.65,-1195148.7,1024,512,0.15,153.6,76.8,L0_1024_s512,4,page_00004
-381697.65,-1195225.5,2184,-381697.65,-1195225.5,1024,512,0.15,153.6,76.8,L0_1024_s512,4,page_00004
-381697.65,-1195302.3,2185,-381697.65,-1195302.3,1024,512,0.15,153.6,76.8,L0_1024_s512,4,page_00004
-381697.65,-1195379.1,2186,-381697.65,-1195379.1,1024,512,0.15,153.6,76.8,L0_1024_s512,4,page_00004
-381697.65,-1195455.9,2187,-381697.65,-1195455.9,1024,512,0.15,153.6,76.8,L0_1024_s512,4,page_00004
-381697.65,-1195532.7,2188,-381697.65,-1195532.7,1024,512,0.15,153.6,76.8,L0_1024_s512,4,page_00004
-381697.65,-1195609.5,2189,-381697.65,-1195609.5,1024,512,0.15,153.6,76.8,L0_1024_s512,4,page_00004
-381697.65,-1195686.3,2190,-381697.65,-1195686.3,1024,512,0.15,153.6,76.8,L0_1024_s512,4,page_00004
-381697.65,-1195763.1,2191,-381697.65,-1195763.1,1024,512,0.15,153.6,76.8,L0_1024_s512,4,page_00004
-381697.65,-1195839.9,2192,-381697.65,-1195839.9,1024,512,0.15,153.6,76.8,L0_1024_s512,4,page_00004
-381697.65,-1195916.7,2193,-381697.65,-1195916.7,1024,512,0.15,153.6,76.8,L0_1024_s512,4,page_00004
-381620.85,-1194073.5,2220,-381620.85,-1194073.5,1024,512,0.15,153.6,76.8,L0_1024_s512,4,page_00004
-381620.85,-1194150.3,2221,-381620.85,-1194150.3,1024,512,0.15,153.6,76.8,L0_1024_s512,4,page_00004
-381620.85,-1194227.1,2222,-381620.85,-1194227.1,1024,512,0.15,153.6,76.8,L0_1024_s512,4,page_00004
-381620.85,-1194303.9,2223,-381620.85,-1194303.9,1024,512,0.15,153.6,76.8,L0_1024_s512,4,page_00004
-381620.85,-1194380.7,2224,-381620.85,-1194380.7,1024,512,0.15,153.6,76.8,L0_1024_s512,4,page_00004
-381620.85,-1194457.5,2225,-381620.85,-1194457.5,1024,512,0.15,153.6,76.8,L0_1024_s512,4,page_00004
-381620.85,-1194534.3,2226,-381620.85,-1194534.3,1024,512,0.15,153.6,76.8,L0_1024_s512,4,page_00004
-381620.85,-1194611.1,2227,-381620.85,-1194611.1,1024,512,0.15,153.6,76.8,L0_1024_s512,4,page_00004
-381620.85,-1194687.9,2228,-381620.85,-1194687.9,1024,512,0.15,153.6,76.8,L0_1024_s512,4,page_00004
-381620.85,-1194764.7,2229,-381620.85,-1194764.7,1024,512,0.15,153.6,76.8,L0_1024_s512,4,page_00004
-381620.85,-1194841.5,2230,-381620.85,-1194841.5,1024,512,0.15,153.6,76.8,L0_1024_s512,4,page_00004
-381620.85,-1194918.3,2231,-381620.85,-1194918.3,1024,512,0.15,153.6,76.8,L0_1024_s512,4,page_00004
-381620.85,-1194995.1,2232,-381620.85,-1194995.1,1024,512,0.15,153.6,76.8,L0_1024_s512,4,page_00004
-381620.85,-1195071.9,2233,-381620.85,-1195071.9,1024,512,0.15,153.6,76.8,L0_1024_s512,4,page_00004
-381620.85,-1195148.7,2234,-381620.85,-1195148.7,1024,512,0.15,153.6,76.8,L0_1024_s512,4,page_00004
-381620.85,-1195225.5,2235,-381620.85,-1195225.5,1024,512,0.15,153.6,76.8,L0_1024_s512,4,page_00004
-381620.85,-1195302.3,2236,-381620.85,-1195302.3,1024,512,0.15,153.6,76.8,L0_1024_s512,4,page_00004
-381620.85,-1195379.1,2237,-381620.85,-1195379.1,1024,512,0.15,153.6,76.8,L0_1024_s512,4,page_00004
-381620.85,-1195455.9,2238,-381620.85,-1195455.9,1024,512,0.15,153.6,76.8,L0_1024_s512,4,page_00004
-381620.85,-1195532.7,2239,-381620.85,-1195532.7,1024,512,0.15,153.6,76.8,L0_1024_s512,4,page_00004
-381620.85,-1195609.5,2240,-381620.85,-1195609.5,1024,512,0.15,153.6,76.8,L0_1024_s512,4,page_00004
-381620.85,-1195686.3,2241,-381620.85,-1195686.3,1024,512,0.15,153.6,76.8,L0_1024_s512,4,page_00004
-381620.85,-1195763.1,2242,-381620.85,-1195763.1,1024,512,0.15,153.6,76.8,L0_1024_s512,4,page_00004
-381620.85,-1195839.9,2243,-381620.85,-1195839.9,1024,512,0.15,153.6,76.8,L0_1024_s512,4,page_00004
-381620.85,-1195916.7,2244,-381620.85,-1195916.7,1024,512,0.15,153.6,76.8,L0_1024_s512,4,page_00004
-381544.05,-1194073.5,2271,-381544.05,-1194073.5,1024,512,0.15,153.6,76.8,L0_1024_s512,4,page_00004
-381544.05,-1194150.3,2272,-381544.05,-1194150.3,1024,512,0.15,153.6,76.8,L0_1024_s512,4,page_00004
-381544.05,-1194227.1,2273,-381544.05,-1194227.1,1024,512,0.15,153.6,76.8,L0_1024_s512,4,page_00004
-381544.05,-1194303.9,2274,-381544.05,-1194303.9,1024,512,0.15,153.6,76.8,L0_1024_s512,4,page_00004
-381544.05,-1194380.7,2275,-381544.05,-1194380.7,1024,512,0.15,153.6,76.8,L0_1024_s512,4,page_00004
-381544.05,-1194457.5,2276,-381544.05,-1194457.5,1024,512,0.15,153.6,76.8,L0_1024_s512,4,page_00004
-381544.05,-1194534.3,2277,-381544.05,-1194534.3,1024,512,0.15,153.6,76.8,L0_1024_s512,4,page_00004
-381544.05,-1194611.1,2278,-381544.05,-1194611.1,1024,512,0.15,153.6,76.8,L0_1024_s512,4,page_00004
-381544.05,-1194687.9,2279,-381544.05,-1194687.9,1024,512,0.15,153.6,76.8,L0_1024_s512,4,page_00004
-381544.05,-1194764.7,2280,-381544.05,-1194764.7,1024,512,0.15,153.6,76.8,L0_1024_s512,4,page_00004
-381544.05,-1194841.5,2281,-381544.05,-1194841.5,1024,512,0.15,153.6,76.8,L0_1024_s512,4,page_00004
-381544.05,-1194918.3,2282,-381544.05,-1194918.3,1024,512,0.15,153.6,76.8,L0_1024_s512,4,page_00004
-381544.05,-1194995.1,2283,-381544.05,-1194995.1,1024,512,0.15,153.6,76.8,L0_1024_s512,4,page_00004
-381544.05,-1195071.9,2284,-381544.05,-1195071.9,1024,512,0.15,153.6,76.8,L0_1024_s512,4,page_00004
-381544.05,-1195148.7,2285,-381544.05,-1195148.7,1024,512,0.15,153.6,76.8,L0_1024_s512,4,page_00004
-381544.05,-1195225.5,2286,-381544.05,-1195225.5,1024,512,0.15,153.6,76.8,L0_1024_s512,4,page_00004
-381544.05,-1195302.3,2287,-381544.05,-1195302.3,1024,512,0.15,153.6,76.8,L0_1024_s512,4,page_00004
-381544.05,-1195379.1,2288,-381544.05,-1195379.1,1024,512,0.15,153.6,76.8,L0_1024_s512,4,page_00004
-381544.05,-1195455.9,2289,-381544.05,-1195455.9,1024,512,0.15,153.6,76.8,L0_1024_s512,4,page_00004
-381544.05,-1195532.7,2290,-381544.05,-1195532.7,1024,512,0.15,153.6,76.8,L0_1024_s512,4,page_00004
-381544.05,-1195609.5,2291,-381544.05,-1195609.5,1024,512,0.15,153.6,76.8,L0_1024_s512,4,page_00004
-381544.05,-1195686.3,2292,-381544.05,-1195686.3,1024,512,0.15,153.6,76.8,L0_1024_s512,4,page_00004
-381544.05,-1195763.1,2293,-381544.05,-1195763.1,1024,512,0.15,153.6,76.8,L0_1024_s512,4,page_00004
-381544.05,-1195839.9,2294,-381544.05,-1195839.9,1024,512,0.15,153.6,76.8,L0_1024_s512,4,page_00004
-381544.05,-1195916.7,2295,-381544.05,-1195916.7,1024,512,0.15,153.6,76.8,L0_1024_s512,4,page_00004
-381467.25,-1194073.5,2322,-381467.25,-1194073.5,1024,512,0.15,153.6,76.8,L0_1024_s512,4,page_00004
-381467.25,-1194150.3,2323,-381467.25,-1194150.3,1024,512,0.15,153.6,76.8,L0_1024_s512,4,page_00004
-381467.25,-1194227.1,2324,-381467.25,-1194227.1,1024,512,0.15,153.6,76.8,L0_1024_s512,4,page_00004
-381467.25,-1194303.9,2325,-381467.25,-1194303.9,1024,512,0.15,153.6,76.8,L0_1024_s512,4,page_00004
-381467.25,-1194380.7,2326,-381467.25,-1194380.7,1024,512,0.15,153.6,76.8,L0_1024_s512,4,page_00004
-381467.25,-1194457.5,2327,-381467.25,-1194457.5,1024,512,0.15,153.6,76.8,L0_1024_s512,4,page_00004
-381467.25,-1194534.3,2328,-381467.25,-1194534.3,1024,512,0.15,153.6,76.8,L0_1024_s512,4,page_00004
-381467.25,-1194611.1,2329,-381467.25,-1194611.1,1024,512,0.15,153.6,76.8,L0_1024_s512,4,page_00004
-381467.25,-1194687.9,2330,-381467.25,-1194687.9,1024,512,0.15,153.6,76.8,L0_1024_s512,4,page_00004
-381467.25,-1194764.7,2331,-381467.25,-1194764.7,1024,512,0.15,153.6,76.8,L0_1024_s512,4,page_00004
-381467.25,-1194841.5,2332,-381467.25,-1194841.5,1024,512,0.15,153.6,76.8,L0_1024_s512,4,page_00004
-381467.25,-1194918.3,2333,-381467.25,-1194918.3,1024,512,0.15,153.6,76.8,L0_1024_s512,4,page_00004
-381467.25,-1194995.1,2334,-381467.25,-1194995.1,1024,512,0.15,153.6,76.8,L0_1024_s512,4,page_00004
-381467.25,-1195071.9,2335,-381467.25,-1195071.9,1024,512,0.15,153.6,76.8,L0_1024_s512,4,page_00004
-381467.25,-1195148.7,2336,-381467.25,-1195148.7,1024,512,0.15,153.6,76.8,L0_1024_s512,4,page_00004
-381467.25,-1195225.5,2337,-381467.25,-1195225.5,1024,512,0.15,153.6,76.8,L0_1024_s512,4,page_00004
-381467.25,-1195302.3,2338,-381467.25,-1195302.3,1024,512,0.15,153.6,76.8,L0_1024_s512,4,page_00004
-381467.25,-1195379.1,2339,-381467.25,-1195379.1,1024,512,0.15,153.6,76.8,L0_1024_s512,4,page_00004
-381467.25,-1195455.9,2340,-381467.25,-1195455.9,1024,512,0.15,153.6,76.8,L0_1024_s512,4,page_00004
-381467.25,-1195532.7,2341,-381467.25,-1195532.7,1024,512,0.15,153.6,76.8,L0_1024_s512,4,page_00004
-381467.25,-1195609.5,2342,-381467.25,-1195609.5,1024,512,0.15,153.6,76.8,L0_1024_s512,4,page_00004
-381467.25,-1195686.3,2343,-381467.25,-1195686.3,1024,512,0.15,153.6,76.8,L0_1024_s512,4,page_00004
-381467.25,-1195763.1,2344,-381467.25,-1195763.1,1024,512,0.15,153.6,76.8,L0_1024_s512,4,page_00004
-381467.25,-1195839.9,2345,-381467.25,-1195839.9,1024,512,0.15,153.6,76.8,L0_1024_s512,4,page_00004
-381467.25,-1195916.7,2346,-381467.25,-1195916.7,1024,512,0.15,153.6,76.8,L0_1024_s512,4,page_00004
-381390.45,-1194073.5,2373,-381390.45,-1194073.5,1024,512,0.15,153.6,76.8,L0_1024_s512,4,page_00004
-381390.45,-1194150.3,2374,-381390.45,-1194150.3,1024,512,0.15,153.6,76.8,L0_1024_s512,4,page_00004
-381390.45,-1194227.1,2375,-381390.45,-1194227.1,1024,512,0.15,153.6,76.8,L0_1024_s512,4,page_00004
-381390.45,-1194303.9,2376,-381390.45,-1194303.9,1024,512,0.15,153.6,76.8,L0_1024_s512,4,page_00004
-381390.45,-1194380.7,2377,-381390.45,-1194380.7,1024,512,0.15,153.6,76.8,L0_1024_s512,4,page_00004
-381390.45,-1194457.5,2378,-381390.45,-1194457.5,1024,512,0.15,153.6,76.8,L0_1024_s512,4,page_00004
-381390.45,-1194534.3,2379,-381390.45,-1194534.3,1024,512,0.15,153.6,76.8,L0_1024_s512,4,page_00004
-381390.45,-1194611.1,2380,-381390.45,-1194611.1,1024,512,0.15,153.6,76.8,L0_1024_s512,4,page_00004
-381390.45,-1194687.9,2381,-381390.45,-1194687.9,1024,512,0.15,153.6,76.8,L0_1024_s512,4,page_00004
-381390.45,-1194764.7,2382,-381390.45,-1194764.7,1024,512,0.15,153.6,76.8,L0_1024_s512,4,page_00004
-381390.45,-1194841.5,2383,-381390.45,-1194841.5,1024,512,0.15,153.6,76.8,L0_1024_s512,4,page_00004
-381390.45,-1194918.3,2384,-381390.45,-1194918.3,1024,512,0.15,153.6,76.8,L0_1024_s512,4,page_00004
-381390.45,-1194995.1,2385,-381390.45,-1194995.1,1024,512,0.15,153.6,76.8,L0_1024_s512,4,page_00004
-381390.45,-1195071.9,2386,-381390.45,-1195071.9,1024,512,0.15,153.6,76.8,L0_1024_s512,4,page_00004
-381390.45,-1195148.7,2387,-381390.45,-1195148.7,1024,512,0.15,153.6,76.8,L0_1024_s512,4,page_00004
-381390.45,-1195225.5,2388,-381390.45,-1195225.5,1024,512,0.15,153.6,76.8,L0_1024_s512,4,page_00004
-381390.45,-1195302.3,2389,-381390.45,-1195302.3,1024,512,0.15,153.6,76.8,L0_1024_s512,4,page_00004
-381390.45,-1195379.1,2390,-381390.45,-1195379.1,1024,512,0.15,153.6,76.8,L0_1024_s512,4,page_00004
-381390.45,-1195455.9,2391,-381390.45,-1195455.9,1024,512,0.15,153.6,76.8,L0_1024_s512,4,page_00004
-381390.45,-1195532.7,2392,-381390.45,-1195532.7,1024,512,0.15,153.6,76.8,L0_1024_s512,4,page_00004
-381390.45,-1195609.5,2393,-381390.45,-1195609.5,1024,512,0.15,153.6,76.8,L0_1024_s512,4,page_00004
-381390.45,-1195686.3,2394,-381390.45,-1195686.3,1024,512,0.15,153.6,76.8,L0_1024_s512,4,page_00004
-381390.45,-1195763.1,2395,-381390.45,-1195763.1,1024,512,0.15,153.6,76.8,L0_1024_s512,4,page_00004
-381390.45,-1195839.9,2396,-381390.45,-1195839.9,1024,512,0.15,153.6,76.8,L0_1024_s512,4,page_00004
-381390.45,-1195916.7,2397,-381390.45,-1195916.7,1024,512,0.15,153.6,76.8,L0_1024_s512,4,page_00004
-381313.65,-1194073.5,2424,-381313.65,-1194073.5,1024,512,0.15,153.6,76.8,L0_1024_s512,4,page_00004
-381313.65,-1194150.3,2425,-381313.65,-1194150.3,1024,512,0.15,153.6,76.8,L0_1024_s512,4,page_00004
-381313.65,-1194227.1,2426,-381313.65,-1194227.1,1024,512,0.15,153.6,76.8,L0_1024_s512,4,page_00004
-381313.65,-1194303.9,2427,-381313.65,-1194303.9,1024,512,0.15,153.6,76.8,L0_1024_s512,4,page_00004
-381313.65,-1194380.7,2428,-381313.65,-1194380.7,1024,512,0.15,153.6,76.8,L0_1024_s512,4,page_00004
-381313.65,-1194457.5,2429,-381313.65,-1194457.5,1024,512,0.15,153.6,76.8,L0_1024_s512,4,page_00004
-381313.65,-1194534.3,2430,-381313.65,-1194534.3,1024,512,0.15,153.6,76.8,L0_1024_s512,4,page_00004
-381313.65,-1194611.1,2431,-381313.65,-1194611.1,1024,512,0.15,153.6,76.8,L0_1024_s512,4,page_00004
-381313.65,-1194687.9,2432,-381313.65,-1194687.9,1024,512,0.15,153.6,76.8,L0_1024_s512,4,page_00004
-381313.65,-1194764.7,2433,-381313.65,-1194764.7,1024,512,0.15,153.6,76.8,L0_1024_s512,4,page_00004
-381313.65,-1194841.5,2434,-381313.65,-1194841.5,1024,512,0.15,153.6,76.8,L0_1024_s512,4,page_00004
-381313.65,-1194918.3,2435,-381313.65,-1194918.3,1024,512,0.15,153.6,76.8,L0_1024_s512,4,page_00004
-381313.65,-1194995.1,2436,-381313.65,-1194995.1,1024,512,0.15,153.6,76.8,L0_1024_s512,4,page_00004
-381313.65,-1195071.9,2437,-381313.65,-1195071.9,1024,512,0.15,153.6,76.8,L0_1024_s512,4,page_00004
-381313.65,-1195148.7,2438,-381313.65,-1195148.7,1024,512,0.15,153.6,76.8,L0_1024_s512,4,page_00004
-381313.65,-1195225.5,2439,-381313.65,-1195225.5,1024,512,0.15,153.6,76.8,L0_1024_s512,4,page_00004
-381313.65,-1195302.3,2440,-381313.65,-1195302.3,1024,512,0.15,153.6,76.8,L0_1024_s512,4,page_00004
-381313.65,-1195379.1,2441,-381313.65,-1195379.1,1024,512,0.15,153.6,76.8,L0_1024_s512,4,page_00004
-381313.65,-1195455.9,2442,-381313.65,-1195455.9,1024,512,0.15,153.6,76.8,L0_1024_s512,4,page_00004
-381313.65,-1195532.7,2443,-381313.65,-1195532.7,1024,512,0.15,153.6,76.8,L0_1024_s512,4,page_00004
-381313.65,-1195609.5,2444,-381313.65,-1195609.5,1024,512,0.15,153.6,76.8,L0_1024_s512,4,page_00004
-381313.65,-1195686.3,2445,-381313.65,-1195686.3,1024,512,0.15,153.6,76.8,L0_1024_s512,4,page_00004
-381313.65,-1195763.1,2446,-381313.65,-1195763.1,1024,512,0.15,153.6,76.8,L0_1024_s512,4,page_00004
-381313.65,-1195839.9,2447,-381313.65,-1195839.9,1024,512,0.15,153.6,76.8,L0_1024_s512,4,page_00004
-381313.65,-1195916.7,2448,-381313.65,-1195916.7,1024,512,0.15,153.6,76.8,L0_1024_s512,4,page_00004
-381236.85,-1195916.7,2499,-381236.85,-1195916.7,1024,512,0.15,153.6,76.8,L0_1024_s512,4,page_00004
-381236.85,-1195839.9,2498,-381236.85,-1195839.9,1024,512,0.15,153.6,76.8,L0_1024_s512,4,page_00004
-381236.85,-1195763.1,2497,-381236.85,-1195763.1,1024,512,0.15,153.6,76.8,L0_1024_s512,4,page_00004
-381236.85,-1195686.3,2496,-381236.85,-1195686.3,1024,512,0.15,153.6,76.8,L0_1024_s512,4,page_00004
-381236.85,-1195609.5,2495,-381236.85,-1195609.5,1024,512,0.15,153.6,76.8,L0_1024_s512,4,page_00004
-381236.85,-1195532.7,2494,-381236.85,-1195532.7,1024,512,0.15,153.6,76.8,L0_1024_s512,4,page_00004
-381236.85,-1195455.9,2493,-381236.85,-1195455.9,1024,512,0.15,153.6,76.8,L0_1024_s512,4,page_00004
-381236.85,-1195379.1,2492,-381236.85,-1195379.1,1024,512,0.15,153.6,76.8,L0_1024_s512,4,page_00004
-381236.85,-1195302.3,2491,-381236.85,-1195302.3,1024,512,0.15,153.6,76.8,L0_1024_s512,4,page_00004
-381236.85,-1195225.5,2490,-381236.85,-1195225.5,1024,512,0.15,153.6,76.8,L0_1024_s512,4,page_00004
-381236.85,-1195148.7,2489,-381236.85,-1195148.7,1024,512,0.15,153.6,76.8,L0_1024_s512,4,page_00004
-381236.85,-1195071.9,2488,-381236.85,-1195071.9,1024,512,0.15,153.6,76.8,L0_1024_s512,4,page_00004
-381236.85,-1194995.1,2487,-381236.85,-1194995.1,1024,512,0.15,153.6,76.8,L0_1024_s512,4,page_00004
-381236.85,-1194918.3,2486,-381236.85,-1194918.3,1024,512,0.15,153.6,76.8,L0_1024_s512,4,page_00004
-381236.85,-1194841.5,2485,-381236.85,-1194841.5,1024,512,0.15,153.6,76.8,L0_1024_s512,4,page_00004
-381236.85,-1194764.7,2484,-381236.85,-1194764.7,1024,512,0.15,153.6,76.8,L0_1024_s512,4,page_00004
-381236.85,-1194687.9,2483,-381236.85,-1194687.9,1024,512,0.15,153.6,76.8,L0_1024_s512,4,page_00004
-381236.85,-1194611.1,2482,-381236.85,-1194611.1,1024,512,0.15,153.6,76.8,L0_1024_s512,4,page_00004
-381236.85,-1194534.3,2481,-381236.85,-1194534.3,1024,512,0.15,153.6,76.8,L0_1024_s512,4,page_00004
-381236.85,-1194457.5,2480,-381236.85,-1194457.5,1024,512,0.15,153.6,76.8,L0_1024_s512,4,page_00004
-381236.85,-1194380.7,2479,-381236.85,-1194380.7,1024,512,0.15,153.6,76.8,L0_1024_s512,4,page_00004
-381236.85,-1194303.9,2478,-381236.85,-1194303.9,1024,512,0.15,153.6,76.8,L0_1024_s512,4,page_00004
-381236.85,-1194227.1,2477,-381236.85,-1194227.1,1024,512,0.15,153.6,76.8,L0_1024_s512,4,page_00004
-381236.85,-1194150.3,2476,-381236.85,-1194150.3,1024,512,0.15,153.6,76.8,L0_1024_s512,4,page_00004
-381236.85,-1194073.5,2475,-381236.85,-1194073.5,1024,512,0.15,153.6,76.8,L0_1024_s512,4,page_00004
-381083.25,-1194073.5,2577,-381083.25,-1194073.5,1024,512,0.15,153.6,76.8,L0_1024_s512,4,page_00004
-381083.25,-1194150.3,2578,-381083.25,-1194150.3,1024,512,0.15,153.6,76.8,L0_1024_s512,4,page_00004
-381083.25,-1194227.1,2579,-381083.25,-1194227.1,1024,512,0.15,153.6,76.8,L0_1024_s512,4,page_00004
-381083.25,-1194303.9,2580,-381083.25,-1194303.9,1024,512,0.15,153.6,76.8,L0_1024_s512,4,page_00004
-381083.25,-1194380.7,2581,-381083.25,-1194380.7,1024,512,0.15,153.6,76.8,L0_1024_s512,4,page_00004
-381083.25,-1194457.5,2582,-381083.25,-1194457.5,1024,512,0.15,153.6,76.8,L0_1024_s512,4,page_00004
-381083.25,-1194534.3,2583,-381083.25,-1194534.3,1024,512,0.15,153.6,76.8,L0_1024_s512,4,page_00004
-381083.25,-1194611.1,2584,-381083.25,-1194611.1,1024,512,0.15,153.6,76.8,L0_1024_s512,4,page_00004
-381083.25,-1194687.9,2585,-381083.25,-1194687.9,1024,512,0.15,153.6,76.8,L0_1024_s512,4,page_00004
-381083.25,-1194764.7,2586,-381083.25,-1194764.7,1024,512,0.15,153.6,76.8,L0_1024_s512,4,page_00004
-381083.25,-1194841.5,2587,-381083.25,-1194841.5,1024,512,0.15,153.6,76.8,L0_1024_s512,4,page_00004
-381083.25,-1194918.3,2588,-381083.25,-1194918.3,1024,512,0.15,153.6,76.8,L0_1024_s512,4,page_00004
-381083.25,-1194995.1,2589,-381083.25,-1194995.1,1024,512,0.15,153.6,76.8,L0_1024_s512,4,page_00004
-381083.25,-1195071.9,2590,-381083.25,-1195071.9,1024,512,0.15,153.6,76.8,L0_1024_s512,4,page_00004
-381083.25,-1195148.7,2591,-381083.25,-1195148.7,1024,512,0.15,153.6,76.8,L0_1024_s512,4,page_00004
-381083.25,-1195225.5,2592,-381083.25,-1195225.5,1024,512,0.15,153.6,76.8,L0_1024_s512,4,page_00004
-381083.25,-1195302.3,2593,-381083.25,-1195302.3,1024,512,0.15,153.6,76.8,L0_1024_s512,4,page_00004
-381083.25,-1195379.1,2594,-381083.25,-1195379.1,1024,512,0.15,153.6,76.8,L0_1024_s512,4,page_00004
-381083.25,-1195455.9,2595,-381083.25,-1195455.9,1024,512,0.15,153.6,76.8,L0_1024_s512,4,page_00004
-381083.25,-1195532.7,2596,-381083.25,-1195532.7,1024,512,0.15,153.6,76.8,L0_1024_s512,4,page_00004
-381083.25,-1195609.5,2597,-381083.25,-1195609.5,1024,512,0.15,153.6,76.8,L0_1024_s512,4,page_00004
-381083.25,-1195686.3,2598,-381083.25,-1195686.3,1024,512,0.15,153.6,76.8,L0_1024_s512,4,page_00004
-381083.25,-1195763.1,2599,-381083.25,-1195763.1,1024,512,0.15,153.6,76.8,L0_1024_s512,4,page_00004
-381083.25,-1195839.9,2600,-381083.25,-1195839.9,1024,512,0.15,153.6,76.8,L0_1024_s512,4,page_00004
-381083.25,-1195916.7,2601,-381083.25,-1195916.7,1024,512,0.15,153.6,76.8,L0_1024_s512,4,page_00004
-381160.05,-1194764.7,2535,-381160.05,-1194764.7,1024,512,0.15,153.6,76.8,L0_1024_s512,4,page_00004
-381160.05,-1194687.9,2534,-381160.05,-1194687.9,1024,512,0.15,153.6,76.8,L0_1024_s512,4,page_00004
-381160.05,-1194611.1,2533,-381160.05,-1194611.1,1024,512,0.15,153.6,76.8,L0_1024_s512,4,page_00004
-381160.05,-1194534.3,2532,-381160.05,-1194534.3,1024,512,0.15,153.6,76.8,L0_1024_s512,4,page_00004
-381160.05,-1194457.5,2531,-381160.05,-1194457.5,1024,512,0.15,153.6,76.8,L0_1024_s512,4,page_00004
-381160.05,-1194380.7,2530,-381160.05,-1194380.7,1024,512,0.15,153.6,76.8,L0_1024_s512,4,page_00004
-381160.05,-1194303.9,2529,-381160.05,-1194303.9,1024,512,0.15,153.6,76.8,L0_1024_s512,4,page_00004
-381160.05,-1194227.1,2528,-381160.05,-1194227.1,1024,512,0.15,153.6,76.8,L0_1024_s512,4,page_00004
-381160.05,-1194150.3,2527,-381160.05,-1194150.3,1024,512,0.15,153.6,76.8,L0_1024_s512,4,page_00004
-381160.05,-1194073.5,2526,-381160.05,-1194073.5,1024,512,0.15,153.6,76.8,L0_1024_s512,4,page_00004
-381160.05,-1194841.5,2536,-381160.05,-1194841.5,1024,512,0.15,153.6,76.8,L0_1024_s512,4,page_00004
-381160.05,-1194918.3,2537,-381160.05,-1194918.3,1024,512,0.15,153.6,76.8,L0_1024_s512,4,page_00004
-381160.05,-1194995.1,2538,-381160.05,-1194995.1,1024,512,0.15,153.6,76.8,L0_1024_s512,4,page_00004
-381160.05,-1195071.9,2539,-381160.05,-1195071.9,1024,512,0.15,153.6,76.8,L0_1024_s512,4,page_00004
-381160.05,-1195148.7,2540,-381160.05,-1195148.7,1024,512,0.15,153.6,76.8,L0_1024_s512,4,page_00004
-381160.05,-1195225.5,2541,-381160.05,-1195225.5,1024,512,0.15,153.6,76.8,L0_1024_s512,4,page_00004
-381160.05,-1195302.3,2542,-381160.05,-1195302.3,1024,512,0.15,153.6,76.8,L0_1024_s512,4,page_00004
-381160.05,-1195379.1,2543,-381160.05,-1195379.1,1024,512,0.15,153.6,76.8,L0_1024_s512,4,page_00004
-381160.05,-1195455.9,2544,-381160.05,-1195455.9,1024,512,0.15,153.6,76.8,L0_1024_s512,4,page_00004
-381160.05,-1195532.7,2545,-381160.05,-1195532.7,1024,512,0.15,153.6,76.8,L0_1024_s512,4,page_00004
-381160.05,-1195609.5,2546,-381160.05,-1195609.5,1024,512,0.15,153.6,76.8,L0_1024_s512,4,page_00004
-381160.05,-1195686.3,2547,-381160.05,-1195686.3,1024,512,0.15,153.6,76.8,L0_1024_s512,4,page_00004
-381160.05,-1195763.1,2548,-381160.05,-1195763.1,1024,512,0.15,153.6,76.8,L0_1024_s512,4,page_00004
-381160.05,-1195839.9,2549,-381160.05,-1195839.9,1024,512,0.15,153.6,76.8,L0_1024_s512,4,page_00004
-381160.05,-1195916.7,2550,-381160.05,-1195916.7,1024,512,0.15,153.6,76.8,L0_1024_s512,4,page_00004
-381006.45,-1195609.5,2648,-381006.45,-1195609.5,1024,512,0.15,153.6,76.8,L0_1024_s512,4,page_00004
-381006.45,-1195532.7,2647,-381006.45,-1195532.7,1024,512,0.15,153.6,76.8,L0_1024_s512,4,page_00004
-381006.45,-1195455.9,2646,-381006.45,-1195455.9,1024,512,0.15,153.6,76.8,L0_1024_s512,4,page_00004
-381006.45,-1195379.1,2645,-381006.45,-1195379.1,1024,512,0.15,153.6,76.8,L0_1024_s512,4,page_00004
-381006.45,-1195302.3,2644,-381006.45,-1195302.3,1024,512,0.15,153.6,76.8,L0_1024_s512,4,page_00004
-381006.45,-1195225.5,2643,-381006.45,-1195225.5,1024,512,0.15,153.6,76.8,L0_1024_s512,4,page_00004
-381006.45,-1195148.7,2642,-381006.45,-1195148.7,1024,512,0.15,153.6,76.8,L0_1024_s512,4,page_00004
-381006.45,-1195071.9,2641,-381006.45,-1195071.9,1024,512,0.15,153.6,76.8,L0_1024_s512,4,page_00004
-381006.45,-1194995.1,2640,-381006.45,-1194995.1,1024,512,0.15,153.6,76.8,L0_1024_s512,4,page_00004
-381006.45,-1194918.3,2639,-381006.45,-1194918.3,1024,512,0.15,153.6,76.8,L0_1024_s512,4,page_00004
-381006.45,-1194841.5,2638,-381006.45,-1194841.5,1024,512,0.15,153.6,76.8,L0_1024_s512,4,page_00004
-381006.45,-1194764.7,2637,-381006.45,-1194764.7,1024,512,0.15,153.6,76.8,L0_1024_s512,4,page_00004
-381006.45,-1194687.9,2636,-381006.45,-1194687.9,1024,512,0.15,153.6,76.8,L0_1024_s512,4,page_00004
-381006.45,-1194611.1,2635,-381006.45,-1194611.1,1024,512,0.15,153.6,76.8,L0_1024_s512,4,page_00004
-381006.45,-1194534.3,2634,-381006.45,-1194534.3,1024,512,0.15,153.6,76.8,L0_1024_s512,4,page_00004
-381006.45,-1194457.5,2633,-381006.45,-1194457.5,1024,512,0.15,153.6,76.8,L0_1024_s512,4,page_00004
-381006.45,-1194380.7,2632,-381006.45,-1194380.7,1024,512,0.15,153.6,76.8,L0_1024_s512,4,page_00004
-381006.45,-1194303.9,2631,-381006.45,-1194303.9,1024,512,0.15,153.6,76.8,L0_1024_s512,4,page_00004
-381006.45,-1194227.1,2630,-381006.45,-1194227.1,1024,512,0.15,153.6,76.8,L0_1024_s512,4,page_00004
-381006.45,-1194150.3,2629,-381006.45,-1194150.3,1024,512,0.15,153.6,76.8,L0_1024_s512,4,page_00004
-381006.45,-1194073.5,2628,-381006.45,-1194073.5,1024,512,0.15,153.6,76.8,L0_1024_s512,4,page_00004
-381006.45,-1195686.3,2649,-381006.45,-1195686.3,1024,512,0.15,153.6,76.8,L0_1024_s512,4,page_00004
-381006.45,-1195763.1,2650,-381006.45,-1195763.1,1024,512,0.15,153.6,76.8,L0_1024_s512,4,page_00004
-381006.45,-1195839.9,2651,-381006.45,-1195839.9,1024,512,0.15,153.6,76.8,L0_1024_s512,4,page_00004
-381006.45,-1195916.7,2652,-381006.45,-1195916.7,1024,512,0.15,153.6,76.8,L0_1024_s512,4,page_00004
-380929.65,-1194073.5,2679,-380929.65,-1194073.5,1024,512,0.15,153.6,76.8,L0_1024_s512,4,page_00004
-380929.65,-1194150.3,2680,-380929.65,-1194150.3,1024,512,0.15,153.6,76.8,L0_1024_s512,4,page_00004
-380929.65,-1194227.1,2681,-380929.65,-1194227.1,1024,512,0.15,153.6,76.8,L0_1024_s512,4,page_00004
-380929.65,-1194303.9,2682,-380929.65,-1194303.9,1024,512,0.15,153.6,76.8,L0_1024_s512,4,page_00004
-380929.65,-1194380.7,2683,-380929.65,-1194380.7,1024,512,0.15,153.6,76.8,L0_1024_s512,4,page_00004
-380929.65,-1194457.5,2684,-380929.65,-1194457.5,1024,512,0.15,153.6,76.8,L0_1024_s512,4,page_00004
-380929.65,-1194534.3,2685,-380929.65,-1194534.3,1024,512,0.15,153.6,76.8,L0_1024_s512,4,page_00004
-380929.65,-1194611.1,2686,-380929.65,-1194611.1,1024,512,0.15,153.6,76.8,L0_1024_s512,4,page_00004
-380929.65,-1194687.9,2687,-380929.65,-1194687.9,1024,512,0.15,153.6,76.8,L0_1024_s512,4,page_00004
-380929.65,-1194764.7,2688,-380929.65,-1194764.7,1024,512,0.15,153.6,76.8,L0_1024_s512,4,page_00004
-380929.65,-1194841.5,2689,-380929.65,-1194841.5,1024,512,0.15,153.6,76.8,L0_1024_s512,4,page_00004
-380929.65,-1194918.3,2690,-380929.65,-1194918.3,1024,512,0.15,153.6,76.8,L0_1024_s512,4,page_00004
-380929.65,-1194995.1,2691,-380929.65,-1194995.1,1024,512,0.15,153.6,76.8,L0_1024_s512,4,page_00004
-380929.65,-1195071.9,2692,-380929.65,-1195071.9,1024,512,0.15,153.6,76.8,L0_1024_s512,4,page_00004
-380929.65,-1195148.7,2693,-380929.65,-1195148.7,1024,512,0.15,153.6,76.8,L0_1024_s512,4,page_00004
-380929.65,-1195225.5,2694,-380929.65,-1195225.5,1024,512,0.15,153.6,76.8,L0_1024_s512,4,page_00004
-380929.65,-1195302.3,2695,-380929.65,-1195302.3,1024,512,0.15,153.6,76.8,L0_1024_s512,4,page_00004
-380929.65,-1195379.1,2696,-380929.65,-1195379.1,1024,512,0.15,153.6,76.8,L0_1024_s512,4,page_00004
-380929.65,-1195455.9,2697,-380929.65,-1195455.9,1024,512,0.15,153.6,76.8,L0_1024_s512,4,page_00004
-380929.65,-1195532.7,2698,-380929.65,-1195532.7,1024,512,0.15,153.6,76.8,L0_1024_s512,4,page_00004
-380929.65,-1195609.5,2699,-380929.65,-1195609.5,1024,512,0.15,153.6,76.8,L0_1024_s512,4,page_00004
-380929.65,-1195686.3,2700,-380929.65,-1195686.3,1024,512,0.15,153.6,76.8,L0_1024_s512,4,page_00004
-380929.65,-1195763.1,2701,-380929.65,-1195763.1,1024,512,0.15,153.6,76.8,L0_1024_s512,4,page_00004
-380929.65,-1195839.9,2702,-380929.65,-1195839.9,1024,512,0.15,153.6,76.8,L0_1024_s512,4,page_00004
-380929.65,-1195916.7,2703,-380929.65,-1195916.7,1024,512,0.15,153.6,76.8,L0_1024_s512,4,page_00004
-380852.85,-1192537.5,2710,-380852.85,-1192537.5,1024,512,0.15,153.6,76.8,L0_1024_s512,5,page_00005
-380852.85,-1192460.7,2709,-380852.85,-1192460.7,1024,512,0.15,153.6,76.8,L0_1024_s512,5,page_00005
-380852.85,-1192383.9,2708,-380852.85,-1192383.9,1024,512,0.15,153.6,76.8,L0_1024_s512,5,page_00005
-380852.85,-1192307.1,2707,-380852.85,-1192307.1,1024,512,0.15,153.6,76.8,L0_1024_s512,5,page_00005
-380852.85,-1192230.3,2706,-380852.85,-1192230.3,1024,512,0.15,153.6,76.8,L0_1024_s512,5,page_00005
-380852.85,-1192153.5,2705,-380852.85,-1192153.5,1024,512,0.15,153.6,76.8,L0_1024_s512,5,page_00005
-380852.85,-1192076.7,2704,-380852.85,-1192076.7,1024,512,0.15,153.6,76.8,L0_1024_s512,5,page_00005
-380776.05,-1192076.7,2755,-380776.05,-1192076.7,1024,512,0.15,153.6,76.8,L0_1024_s512,5,page_00005
-380776.05,-1192153.5,2756,-380776.05,-1192153.5,1024,512,0.15,153.6,76.8,L0_1024_s512,5,page_00005
-380776.05,-1192230.3,2757,-380776.05,-1192230.3,1024,512,0.15,153.6,76.8,L0_1024_s512,5,page_00005
-380776.05,-1192307.1,2758,-380776.05,-1192307.1,1024,512,0.15,153.6,76.8,L0_1024_s512,5,page_00005
-380699.25,-1192076.7,2806,-380699.25,-1192076.7,1024,512,0.15,153.6,76.8,L0_1024_s512,5,page_00005
-380699.25,-1192153.5,2807,-380699.25,-1192153.5,1024,512,0.15,153.6,76.8,L0_1024_s512,5,page_00005
-380699.25,-1192230.3,2808,-380699.25,-1192230.3,1024,512,0.15,153.6,76.8,L0_1024_s512,5,page_00005
-380699.25,-1192307.1,2809,-380699.25,-1192307.1,1024,512,0.15,153.6,76.8,L0_1024_s512,5,page_00005
-380852.85,-1193996.7,2729,-380852.85,-1193996.7,1024,512,0.15,153.6,76.8,L0_1024_s512,5,page_00005
-380852.85,-1193919.9,2728,-380852.85,-1193919.9,1024,512,0.15,153.6,76.8,L0_1024_s512,5,page_00005
-380852.85,-1193843.1,2727,-380852.85,-1193843.1,1024,512,0.15,153.6,76.8,L0_1024_s512,5,page_00005
-380852.85,-1193766.3,2726,-380852.85,-1193766.3,1024,512,0.15,153.6,76.8,L0_1024_s512,5,page_00005
-380852.85,-1193689.5,2725,-380852.85,-1193689.5,1024,512,0.15,153.6,76.8,L0_1024_s512,5,page_00005
-380852.85,-1193612.7,2724,-380852.85,-1193612.7,1024,512,0.15,153.6,76.8,L0_1024_s512,5,page_00005
-380852.85,-1193535.9,2723,-380852.85,-1193535.9,1024,512,0.15,153.6,76.8,L0_1024_s512,5,page_00005
-380852.85,-1193459.1,2722,-380852.85,-1193459.1,1024,512,0.15,153.6,76.8,L0_1024_s512,5,page_00005
-380852.85,-1193382.3,2721,-380852.85,-1193382.3,1024,512,0.15,153.6,76.8,L0_1024_s512,5,page_00005
-380852.85,-1193305.5,2720,-380852.85,-1193305.5,1024,512,0.15,153.6,76.8,L0_1024_s512,5,page_00005
-380852.85,-1193228.7,2719,-380852.85,-1193228.7,1024,512,0.15,153.6,76.8,L0_1024_s512,5,page_00005
-380852.85,-1193151.9,2718,-380852.85,-1193151.9,1024,512,0.15,153.6,76.8,L0_1024_s512,5,page_00005
-380852.85,-1193075.1,2717,-380852.85,-1193075.1,1024,512,0.15,153.6,76.8,L0_1024_s512,5,page_00005
-380852.85,-1192998.3,2716,-380852.85,-1192998.3,1024,512,0.15,153.6,76.8,L0_1024_s512,5,page_00005
-380852.85,-1192921.5,2715,-380852.85,-1192921.5,1024,512,0.15,153.6,76.8,L0_1024_s512,5,page_00005
-380852.85,-1192844.7,2714,-380852.85,-1192844.7,1024,512,0.15,153.6,76.8,L0_1024_s512,5,page_00005
-380852.85,-1192767.9,2713,-380852.85,-1192767.9,1024,512,0.15,153.6,76.8,L0_1024_s512,5,page_00005
-380852.85,-1192691.1,2712,-380852.85,-1192691.1,1024,512,0.15,153.6,76.8,L0_1024_s512,5,page_00005
-380852.85,-1192614.3,2711,-380852.85,-1192614.3,1024,512,0.15,153.6,76.8,L0_1024_s512,5,page_00005
-380776.05,-1192383.9,2759,-380776.05,-1192383.9,1024,512,0.15,153.6,76.8,L0_1024_s512,5,page_00005
-380776.05,-1192460.7,2760,-380776.05,-1192460.7,1024,512,0.15,153.6,76.8,L0_1024_s512,5,page_00005
-380776.05,-1192537.5,2761,-380776.05,-1192537.5,1024,512,0.15,153.6,76.8,L0_1024_s512,5,page_00005
-380776.05,-1192614.3,2762,-380776.05,-1192614.3,1024,512,0.15,153.6,76.8,L0_1024_s512,5,page_00005
-380776.05,-1192691.1,2763,-380776.05,-1192691.1,1024,512,0.15,153.6,76.8,L0_1024_s512,5,page_00005
-380776.05,-1192767.9,2764,-380776.05,-1192767.9,1024,512,0.15,153.6,76.8,L0_1024_s512,5,page_00005
-380776.05,-1192844.7,2765,-380776.05,-1192844.7,1024,512,0.15,153.6,76.8,L0_1024_s512,5,page_00005
-380776.05,-1192921.5,2766,-380776.05,-1192921.5,1024,512,0.15,153.6,76.8,L0_1024_s512,5,page_00005
-380776.05,-1192998.3,2767,-380776.05,-1192998.3,1024,512,0.15,153.6,76.8,L0_1024_s512,5,page_00005
-380776.05,-1193075.1,2768,-380776.05,-1193075.1,1024,512,0.15,153.6,76.8,L0_1024_s512,5,page_00005
-380776.05,-1193151.9,2769,-380776.05,-1193151.9,1024,512,0.15,153.6,76.8,L0_1024_s512,5,page_00005
-380776.05,-1193228.7,2770,-380776.05,-1193228.7,1024,512,0.15,153.6,76.8,L0_1024_s512,5,page_00005
-380776.05,-1193305.5,2771,-380776.05,-1193305.5,1024,512,0.15,153.6,76.8,L0_1024_s512,5,page_00005
-380776.05,-1193382.3,2772,-380776.05,-1193382.3,1024,512,0.15,153.6,76.8,L0_1024_s512,5,page_00005
-380776.05,-1193459.1,2773,-380776.05,-1193459.1,1024,512,0.15,153.6,76.8,L0_1024_s512,5,page_00005
-380776.05,-1193535.9,2774,-380776.05,-1193535.9,1024,512,0.15,153.6,76.8,L0_1024_s512,5,page_00005
-380776.05,-1193612.7,2775,-380776.05,-1193612.7,1024,512,0.15,153.6,76.8,L0_1024_s512,5,page_00005
-380776.05,-1193689.5,2776,-380776.05,-1193689.5,1024,512,0.15,153.6,76.8,L0_1024_s512,5,page_00005
-380776.05,-1193766.3,2777,-380776.05,-1193766.3,1024,512,0.15,153.6,76.8,L0_1024_s512,5,page_00005
-380776.05,-1193843.1,2778,-380776.05,-1193843.1,1024,512,0.15,153.6,76.8,L0_1024_s512,5,page_00005
-380776.05,-1193919.9,2779,-380776.05,-1193919.9,1024,512,0.15,153.6,76.8,L0_1024_s512,5,page_00005
-380776.05,-1193996.7,2780,-380776.05,-1193996.7,1024,512,0.15,153.6,76.8,L0_1024_s512,5,page_00005
-380699.25,-1192383.9,2810,-380699.25,-1192383.9,1024,512,0.15,153.6,76.8,L0_1024_s512,5,page_00005
-380699.25,-1192460.7,2811,-380699.25,-1192460.7,1024,512,0.15,153.6,76.8,L0_1024_s512,5,page_00005
-380699.25,-1192537.5,2812,-380699.25,-1192537.5,1024,512,0.15,153.6,76.8,L0_1024_s512,5,page_00005
-380699.25,-1192614.3,2813,-380699.25,-1192614.3,1024,512,0.15,153.6,76.8,L0_1024_s512,5,page_00005
-380699.25,-1192691.1,2814,-380699.25,-1192691.1,1024,512,0.15,153.6,76.8,L0_1024_s512,5,page_00005
-380699.25,-1192767.9,2815,-380699.25,-1192767.9,1024,512,0.15,153.6,76.8,L0_1024_s512,5,page_00005
-380699.25,-1192844.7,2816,-380699.25,-1192844.7,1024,512,0.15,153.6,76.8,L0_1024_s512,5,page_00005
-380699.25,-1192921.5,2817,-380699.25,-1192921.5,1024,512,0.15,153.6,76.8,L0_1024_s512,5,page_00005
-380699.25,-1192998.3,2818,-380699.25,-1192998.3,1024,512,0.15,153.6,76.8,L0_1024_s512,5,page_00005
-380699.25,-1193075.1,2819,-380699.25,-1193075.1,1024,512,0.15,153.6,76.8,L0_1024_s512,5,page_00005
-380699.25,-1193151.9,2820,-380699.25,-1193151.9,1024,512,0.15,153.6,76.8,L0_1024_s512,5,page_00005
-380699.25,-1193228.7,2821,-380699.25,-1193228.7,1024,512,0.15,153.6,76.8,L0_1024_s512,5,page_00005
-380699.25,-1193305.5,2822,-380699.25,-1193305.5,1024,512,0.15,153.6,76.8,L0_1024_s512,5,page_00005
-380699.25,-1193382.3,2823,-380699.25,-1193382.3,1024,512,0.15,153.6,76.8,L0_1024_s512,5,page_00005
-380699.25,-1193459.1,2824,-380699.25,-1193459.1,1024,512,0.15,153.6,76.8,L0_1024_s512,5,page_00005
-380699.25,-1193535.9,2825,-380699.25,-1193535.9,1024,512,0.15,153.6,76.8,L0_1024_s512,5,page_00005
-380699.25,-1193612.7,2826,-380699.25,-1193612.7,1024,512,0.15,153.6,76.8,L0_1024_s512,5,page_00005
-380699.25,-1193689.5,2827,-380699.25,-1193689.5,1024,512,0.15,153.6,76.8,L0_1024_s512,5,page_00005
-380699.25,-1193766.3,2828,-380699.25,-1193766.3,1024,512,0.15,153.6,76.8,L0_1024_s512,5,page_00005
-380699.25,-1193843.1,2829,-380699.25,-1193843.1,1024,512,0.15,153.6,76.8,L0_1024_s512,5,page_00005
-380699.25,-1193919.9,2830,-380699.25,-1193919.9,1024,512,0.15,153.6,76.8,L0_1024_s512,5,page_00005
-380699.25,-1193996.7,2831,-380699.25,-1193996.7,1024,512,0.15,153.6,76.8,L0_1024_s512,5,page_00005
-380622.45,-1192383.9,2861,-380622.45,-1192383.9,1024,512,0.15,153.6,76.8,L0_1024_s512,5,page_00005
-380622.45,-1192460.7,2862,-380622.45,-1192460.7,1024,512,0.15,153.6,76.8,L0_1024_s512,5,page_00005
-380622.45,-1192537.5,2863,-380622.45,-1192537.5,1024,512,0.15,153.6,76.8,L0_1024_s512,5,page_00005
-380622.45,-1192614.3,2864,-380622.45,-1192614.3,1024,512,0.15,153.6,76.8,L0_1024_s512,5,page_00005
-380622.45,-1192691.1,2865,-380622.45,-1192691.1,1024,512,0.15,153.6,76.8,L0_1024_s512,5,page_00005
-380622.45,-1192767.9,2866,-380622.45,-1192767.9,1024,512,0.15,153.6,76.8,L0_1024_s512,5,page_00005
-380622.45,-1192844.7,2867,-380622.45,-1192844.7,1024,512,0.15,153.6,76.8,L0_1024_s512,5,page_00005
-380622.45,-1192921.5,2868,-380622.45,-1192921.5,1024,512,0.15,153.6,76.8,L0_1024_s512,5,page_00005
-380622.45,-1192998.3,2869,-380622.45,-1192998.3,1024,512,0.15,153.6,76.8,L0_1024_s512,5,page_00005
-380622.45,-1193075.1,2870,-380622.45,-1193075.1,1024,512,0.15,153.6,76.8,L0_1024_s512,5,page_00005
-380622.45,-1193151.9,2871,-380622.45,-1193151.9,1024,512,0.15,153.6,76.8,L0_1024_s512,5,page_00005
-380622.45,-1193228.7,2872,-380622.45,-1193228.7,1024,512,0.15,153.6,76.8,L0_1024_s512,5,page_00005
-380622.45,-1193305.5,2873,-380622.45,-1193305.5,1024,512,0.15,153.6,76.8,L0_1024_s512,5,page_00005
-380622.45,-1193382.3,2874,-380622.45,-1193382.3,1024,512,0.15,153.6,76.8,L0_1024_s512,5,page_00005
-380622.45,-1193459.1,2875,-380622.45,-1193459.1,1024,512,0.15,153.6,76.8,L0_1024_s512,5,page_00005
-380622.45,-1193535.9,2876,-380622.45,-1193535.9,1024,512,0.15,153.6,76.8,L0_1024_s512,5,page_00005
-380622.45,-1193612.7,2877,-380622.45,-1193612.7,1024,512,0.15,153.6,76.8,L0_1024_s512,5,page_00005
-380622.45,-1193689.5,2878,-380622.45,-1193689.5,1024,512,0.15,153.6,76.8,L0_1024_s512,5,page_00005
-380622.45,-1193766.3,2879,-380622.45,-1193766.3,1024,512,0.15,153.6,76.8,L0_1024_s512,5,page_00005
-380622.45,-1193843.1,2880,-380622.45,-1193843.1,1024,512,0.15,153.6,76.8,L0_1024_s512,5,page_00005
-380622.45,-1193919.9,2881,-380622.45,-1193919.9,1024,512,0.15,153.6,76.8,L0_1024_s512,5,page_00005
-380622.45,-1193996.7,2882,-380622.45,-1193996.7,1024,512,0.15,153.6,76.8,L0_1024_s512,5,page_00005
-380545.65,-1192383.9,2912,-380545.65,-1192383.9,1024,512,0.15,153.6,76.8,L0_1024_s512,5,page_00005
-380545.65,-1192460.7,2913,-380545.65,-1192460.7,1024,512,0.15,153.6,76.8,L0_1024_s512,5,page_00005
-380545.65,-1192537.5,2914,-380545.65,-1192537.5,1024,512,0.15,153.6,76.8,L0_1024_s512,5,page_00005
-380545.65,-1192614.3,2915,-380545.65,-1192614.3,1024,512,0.15,153.6,76.8,L0_1024_s512,5,page_00005
-380545.65,-1192691.1,2916,-380545.65,-1192691.1,1024,512,0.15,153.6,76.8,L0_1024_s512,5,page_00005
-380545.65,-1192767.9,2917,-380545.65,-1192767.9,1024,512,0.15,153.6,76.8,L0_1024_s512,5,page_00005
-380545.65,-1192844.7,2918,-380545.65,-1192844.7,1024,512,0.15,153.6,76.8,L0_1024_s512,5,page_00005
-380545.65,-1192921.5,2919,-380545.65,-1192921.5,1024,512,0.15,153.6,76.8,L0_1024_s512,5,page_00005
-380545.65,-1192998.3,2920,-380545.65,-1192998.3,1024,512,0.15,153.6,76.8,L0_1024_s512,5,page_00005
-380545.65,-1193075.1,2921,-380545.65,-1193075.1,1024,512,0.15,153.6,76.8,L0_1024_s512,5,page_00005
-380545.65,-1193151.9,2922,-380545.65,-1193151.9,1024,512,0.15,153.6,76.8,L0_1024_s512,5,page_00005
-380545.65,-1193228.7,2923,-380545.65,-1193228.7,1024,512,0.15,153.6,76.8,L0_1024_s512,5,page_00005
-380545.65,-1193305.5,2924,-380545.65,-1193305.5,1024,512,0.15,153.6,76.8,L0_1024_s512,5,page_00005
-380545.65,-1193382.3,2925,-380545.65,-1193382.3,1024,512,0.15,153.6,76.8,L0_1024_s512,5,page_00005
-380545.65,-1193459.1,2926,-380545.65,-1193459.1,1024,512,0.15,153.6,76.8,L0_1024_s512,5,page_00005
-380545.65,-1193535.9,2927,-380545.65,-1193535.9,1024,512,0.15,153.6,76.8,L0_1024_s512,5,page_00005
-380545.65,-1193612.7,2928,-380545.65,-1193612.7,1024,512,0.15,153.6,76.8,L0_1024_s512,5,page_00005
-380545.65,-1193689.5,2929,-380545.65,-1193689.5,1024,512,0.15,153.6,76.8,L0_1024_s512,5,page_00005
-380545.65,-1193766.3,2930,-380545.65,-1193766.3,1024,512,0.15,153.6,76.8,L0_1024_s512,5,page_00005
-380545.65,-1193843.1,2931,-380545.65,-1193843.1,1024,512,0.15,153.6,76.8,L0_1024_s512,5,page_00005
-380545.65,-1193919.9,2932,-380545.65,-1193919.9,1024,512,0.15,153.6,76.8,L0_1024_s512,5,page_00005
-380545.65,-1193996.7,2933,-380545.65,-1193996.7,1024,512,0.15,153.6,76.8,L0_1024_s512,5,page_00005
-380468.85,-1192383.9,2963,-380468.85,-1192383.9,1024,512,0.15,153.6,76.8,L0_1024_s512,5,page_00005
-380468.85,-1192460.7,2964,-380468.85,-1192460.7,1024,512,0.15,153.6,76.8,L0_1024_s512,5,page_00005
-380468.85,-1192537.5,2965,-380468.85,-1192537.5,1024,512,0.15,153.6,76.8,L0_1024_s512,5,page_00005
-380468.85,-1192614.3,2966,-380468.85,-1192614.3,1024,512,0.15,153.6,76.8,L0_1024_s512,5,page_00005
-380468.85,-1192691.1,2967,-380468.85,-1192691.1,1024,512,0.15,153.6,76.8,L0_1024_s512,5,page_00005
-380468.85,-1192767.9,2968,-380468.85,-1192767.9,1024,512,0.15,153.6,76.8,L0_1024_s512,5,page_00005
-380468.85,-1192844.7,2969,-380468.85,-1192844.7,1024,512,0.15,153.6,76.8,L0_1024_s512,5,page_00005
-380468.85,-1192921.5,2970,-380468.85,-1192921.5,1024,512,0.15,153.6,76.8,L0_1024_s512,5,page_00005
-380468.85,-1192998.3,2971,-380468.85,-1192998.3,1024,512,0.15,153.6,76.8,L0_1024_s512,5,page_00005
-380468.85,-1193075.1,2972,-380468.85,-1193075.1,1024,512,0.15,153.6,76.8,L0_1024_s512,5,page_00005
-380468.85,-1193151.9,2973,-380468.85,-1193151.9,1024,512,0.15,153.6,76.8,L0_1024_s512,5,page_00005
-380468.85,-1193228.7,2974,-380468.85,-1193228.7,1024,512,0.15,153.6,76.8,L0_1024_s512,5,page_00005
-380468.85,-1193305.5,2975,-380468.85,-1193305.5,1024,512,0.15,153.6,76.8,L0_1024_s512,5,page_00005
-380468.85,-1193382.3,2976,-380468.85,-1193382.3,1024,512,0.15,153.6,76.8,L0_1024_s512,5,page_00005
-380468.85,-1193459.1,2977,-380468.85,-1193459.1,1024,512,0.15,153.6,76.8,L0_1024_s512,5,page_00005
-380468.85,-1193535.9,2978,-380468.85,-1193535.9,1024,512,0.15,153.6,76.8,L0_1024_s512,5,page_00005
-380468.85,-1193612.7,2979,-380468.85,-1193612.7,1024,512,0.15,153.6,76.8,L0_1024_s512,5,page_00005
-380468.85,-1193689.5,2980,-380468.85,-1193689.5,1024,512,0.15,153.6,76.8,L0_1024_s512,5,page_00005
-380468.85,-1193766.3,2981,-380468.85,-1193766.3,1024,512,0.15,153.6,76.8,L0_1024_s512,5,page_00005
-380468.85,-1193843.1,2982,-380468.85,-1193843.1,1024,512,0.15,153.6,76.8,L0_1024_s512,5,page_00005
-380468.85,-1193919.9,2983,-380468.85,-1193919.9,1024,512,0.15,153.6,76.8,L0_1024_s512,5,page_00005
-380468.85,-1193996.7,2984,-380468.85,-1193996.7,1024,512,0.15,153.6,76.8,L0_1024_s512,5,page_00005
-380315.25,-1193996.7,3086,-380315.25,-1193996.7,1024,512,0.15,153.6,76.8,L0_1024_s512,5,page_00005
-380315.25,-1193919.9,3085,-380315.25,-1193919.9,1024,512,0.15,153.6,76.8,L0_1024_s512,5,page_00005
-380315.25,-1193843.1,3084,-380315.25,-1193843.1,1024,512,0.15,153.6,76.8,L0_1024_s512,5,page_00005
-380315.25,-1193766.3,3083,-380315.25,-1193766.3,1024,512,0.15,153.6,76.8,L0_1024_s512,5,page_00005
-380315.25,-1193689.5,3082,-380315.25,-1193689.5,1024,512,0.15,153.6,76.8,L0_1024_s512,5,page_00005
-380315.25,-1193612.7,3081,-380315.25,-1193612.7,1024,512,0.15,153.6,76.8,L0_1024_s512,5,page_00005
-380315.25,-1193535.9,3080,-380315.25,-1193535.9,1024,512,0.15,153.6,76.8,L0_1024_s512,5,page_00005
-380315.25,-1193459.1,3079,-380315.25,-1193459.1,1024,512,0.15,153.6,76.8,L0_1024_s512,5,page_00005
-380315.25,-1193382.3,3078,-380315.25,-1193382.3,1024,512,0.15,153.6,76.8,L0_1024_s512,5,page_00005
-380315.25,-1193305.5,3077,-380315.25,-1193305.5,1024,512,0.15,153.6,76.8,L0_1024_s512,5,page_00005
-380315.25,-1193228.7,3076,-380315.25,-1193228.7,1024,512,0.15,153.6,76.8,L0_1024_s512,5,page_00005
-380315.25,-1193151.9,3075,-380315.25,-1193151.9,1024,512,0.15,153.6,76.8,L0_1024_s512,5,page_00005
-380315.25,-1193075.1,3074,-380315.25,-1193075.1,1024,512,0.15,153.6,76.8,L0_1024_s512,5,page_00005
-380315.25,-1192998.3,3073,-380315.25,-1192998.3,1024,512,0.15,153.6,76.8,L0_1024_s512,5,page_00005
-380315.25,-1192921.5,3072,-380315.25,-1192921.5,1024,512,0.15,153.6,76.8,L0_1024_s512,5,page_00005
-380315.25,-1192844.7,3071,-380315.25,-1192844.7,1024,512,0.15,153.6,76.8,L0_1024_s512,5,page_00005
-380315.25,-1192767.9,3070,-380315.25,-1192767.9,1024,512,0.15,153.6,76.8,L0_1024_s512,5,page_00005
-380315.25,-1192691.1,3069,-380315.25,-1192691.1,1024,512,0.15,153.6,76.8,L0_1024_s512,5,page_00005
-380315.25,-1192614.3,3068,-380315.25,-1192614.3,1024,512,0.15,153.6,76.8,L0_1024_s512,5,page_00005
-380315.25,-1192537.5,3067,-380315.25,-1192537.5,1024,512,0.15,153.6,76.8,L0_1024_s512,5,page_00005
-380315.25,-1192460.7,3066,-380315.25,-1192460.7,1024,512,0.15,153.6,76.8,L0_1024_s512,5,page_00005
-380392.05,-1192460.7,3015,-380392.05,-1192460.7,1024,512,0.15,153.6,76.8,L0_1024_s512,5,page_00005
-380392.05,-1192537.5,3016,-380392.05,-1192537.5,1024,512,0.15,153.6,76.8,L0_1024_s512,5,page_00005
-380392.05,-1192614.3,3017,-380392.05,-1192614.3,1024,512,0.15,153.6,76.8,L0_1024_s512,5,page_00005
-380392.05,-1192691.1,3018,-380392.05,-1192691.1,1024,512,0.15,153.6,76.8,L0_1024_s512,5,page_00005
-380392.05,-1192767.9,3019,-380392.05,-1192767.9,1024,512,0.15,153.6,76.8,L0_1024_s512,5,page_00005
-380392.05,-1192844.7,3020,-380392.05,-1192844.7,1024,512,0.15,153.6,76.8,L0_1024_s512,5,page_00005
-380392.05,-1192921.5,3021,-380392.05,-1192921.5,1024,512,0.15,153.6,76.8,L0_1024_s512,5,page_00005
-380392.05,-1192998.3,3022,-380392.05,-1192998.3,1024,512,0.15,153.6,76.8,L0_1024_s512,5,page_00005
-380392.05,-1193075.1,3023,-380392.05,-1193075.1,1024,512,0.15,153.6,76.8,L0_1024_s512,5,page_00005
-380392.05,-1193151.9,3024,-380392.05,-1193151.9,1024,512,0.15,153.6,76.8,L0_1024_s512,5,page_00005
-380392.05,-1193228.7,3025,-380392.05,-1193228.7,1024,512,0.15,153.6,76.8,L0_1024_s512,5,page_00005
-380392.05,-1193305.5,3026,-380392.05,-1193305.5,1024,512,0.15,153.6,76.8,L0_1024_s512,5,page_00005
-380392.05,-1193382.3,3027,-380392.05,-1193382.3,1024,512,0.15,153.6,76.8,L0_1024_s512,5,page_00005
-380392.05,-1193459.1,3028,-380392.05,-1193459.1,1024,512,0.15,153.6,76.8,L0_1024_s512,5,page_00005
-380392.05,-1193535.9,3029,-380392.05,-1193535.9,1024,512,0.15,153.6,76.8,L0_1024_s512,5,page_00005
-380392.05,-1193612.7,3030,-380392.05,-1193612.7,1024,512,0.15,153.6,76.8,L0_1024_s512,5,page_00005
-380392.05,-1193689.5,3031,-380392.05,-1193689.5,1024,512,0.15,153.6,76.8,L0_1024_s512,5,page_00005
-380392.05,-1193766.3,3032,-380392.05,-1193766.3,1024,512,0.15,153.6,76.8,L0_1024_s512,5,page_00005
-380392.05,-1193843.1,3033,-380392.05,-1193843.1,1024,512,0.15,153.6,76.8,L0_1024_s512,5,page_00005
-380392.05,-1193919.9,3034,-380392.05,-1193919.9,1024,512,0.15,153.6,76.8,L0_1024_s512,5,page_00005
-380392.05,-1193996.7,3035,-380392.05,-1193996.7,1024,512,0.15,153.6,76.8,L0_1024_s512,5,page_00005
-380622.45,-1192307.1,2860,-380622.45,-1192307.1,1024,512,0.15,153.6,76.8,L0_1024_s512,5,page_00005
-380622.45,-1192230.3,2859,-380622.45,-1192230.3,1024,512,0.15,153.6,76.8,L0_1024_s512,5,page_00005
-380622.45,-1192153.5,2858,-380622.45,-1192153.5,1024,512,0.15,153.6,76.8,L0_1024_s512,5,page_00005
-380622.45,-1192076.7,2857,-380622.45,-1192076.7,1024,512,0.15,153.6,76.8,L0_1024_s512,5,page_00005
-380545.65,-1192307.1,2911,-380545.65,-1192307.1,1024,512,0.15,153.6,76.8,L0_1024_s512,5,page_00005
-380545.65,-1192230.3,2910,-380545.65,-1192230.3,1024,512,0.15,153.6,76.8,L0_1024_s512,5,page_00005
-380545.65,-1192153.5,2909,-380545.65,-1192153.5,1024,512,0.15,153.6,76.8,L0_1024_s512,5,page_00005
-380545.65,-1192076.7,2908,-380545.65,-1192076.7,1024,512,0.15,153.6,76.8,L0_1024_s512,5,page_00005
-380468.85,-1192307.1,2962,-380468.85,-1192307.1,1024,512,0.15,153.6,76.8,L0_1024_s512,5,page_00005
-380468.85,-1192230.3,2961,-380468.85,-1192230.3,1024,512,0.15,153.6,76.8,L0_1024_s512,5,page_00005
-380468.85,-1192153.5,2960,-380468.85,-1192153.5,1024,512,0.15,153.6,76.8,L0_1024_s512,5,page_00005
-380468.85,-1192076.7,2959,-380468.85,-1192076.7,1024,512,0.15,153.6,76.8,L0_1024_s512,5,page_00005
-380392.05,-1192383.9,3014,-380392.05,-1192383.9,1024,512,0.15,153.6,76.8,L0_1024_s512,5,page_00005
-380392.05,-1192307.1,3013,-380392.05,-1192307.1,1024,512,0.15,153.6,76.8,L0_1024_s512,5,page_00005
-380392.05,-1192230.3,3012,-380392.05,-1192230.3,1024,512,0.15,153.6,76.8,L0_1024_s512,5,page_00005
-380392.05,-1192153.5,3011,-380392.05,-1192153.5,1024,512,0.15,153.6,76.8,L0_1024_s512,5,page_00005
-380392.05,-1192076.7,3010,-380392.05,-1192076.7,1024,512,0.15,153.6,76.8,L0_1024_s512,5,page_00005
-380315.25,-1192307.1,3064,-380315.25,-1192307.1,1024,512,0.15,153.6,76.8,L0_1024_s512,5,page_00005
-380315.25,-1192383.9,3065,-380315.25,-1192383.9,1024,512,0.15,153.6,76.8,L0_1024_s512,5,page_00005
-380315.25,-1192230.3,3063,-380315.25,-1192230.3,1024,512,0.15,153.6,76.8,L0_1024_s512,5,page_00005
-380315.25,-1192153.5,3062,-380315.25,-1192153.5,1024,512,0.15,153.6,76.8,L0_1024_s512,5,page_00005
-380315.25,-1192076.7,3061,-380315.25,-1192076.7,1024,512,0.15,153.6,76.8,L0_1024_s512,5,page_00005
-380238.45,-1192076.7,3112,-380238.45,-1192076.7,1024,512,0.15,153.6,76.8,L0_1024_s512,5,page_00005
-380238.45,-1192153.5,3113,-380238.45,-1192153.5,1024,512,0.15,153.6,76.8,L0_1024_s512,5,page_00005
-380238.45,-1192230.3,3114,-380238.45,-1192230.3,1024,512,0.15,153.6,76.8,L0_1024_s512,5,page_00005
-380238.45,-1192307.1,3115,-380238.45,-1192307.1,1024,512,0.15,153.6,76.8,L0_1024_s512,5,page_00005
-380238.45,-1192383.9,3116,-380238.45,-1192383.9,1024,512,0.15,153.6,76.8,L0_1024_s512,5,page_00005
-380238.45,-1192460.7,3117,-380238.45,-1192460.7,1024,512,0.15,153.6,76.8,L0_1024_s512,5,page_00005
-380238.45,-1192537.5,3118,-380238.45,-1192537.5,1024,512,0.15,153.6,76.8,L0_1024_s512,5,page_00005
-380238.45,-1192614.3,3119,-380238.45,-1192614.3,1024,512,0.15,153.6,76.8,L0_1024_s512,5,page_00005
-380238.45,-1192691.1,3120,-380238.45,-1192691.1,1024,512,0.15,153.6,76.8,L0_1024_s512,5,page_00005
-380238.45,-1192767.9,3121,-380238.45,-1192767.9,1024,512,0.15,153.6,76.8,L0_1024_s512,5,page_00005
-380238.45,-1192844.7,3122,-380238.45,-1192844.7,1024,512,0.15,153.6,76.8,L0_1024_s512,5,page_00005
-380238.45,-1192921.5,3123,-380238.45,-1192921.5,1024,512,0.15,153.6,76.8,L0_1024_s512,5,page_00005
-380238.45,-1192998.3,3124,-380238.45,-1192998.3,1024,512,0.15,153.6,76.8,L0_1024_s512,5,page_00005
-380238.45,-1193075.1,3125,-380238.45,-1193075.1,1024,512,0.15,153.6,76.8,L0_1024_s512,5,page_00005
-380238.45,-1193151.9,3126,-380238.45,-1193151.9,1024,512,0.15,153.6,76.8,L0_1024_s512,5,page_00005
-380238.45,-1193228.7,3127,-380238.45,-1193228.7,1024,512,0.15,153.6,76.8,L0_1024_s512,5,page_00005
-380238.45,-1193305.5,3128,-380238.45,-1193305.5,1024,512,0.15,153.6,76.8,L0_1024_s512,5,page_00005
-380238.45,-1193382.3,3129,-380238.45,-1193382.3,1024,512,0.15,153.6,76.8,L0_1024_s512,5,page_00005
-380238.45,-1193459.1,3130,-380238.45,-1193459.1,1024,512,0.15,153.6,76.8,L0_1024_s512,5,page_00005
-380238.45,-1193535.9,3131,-380238.45,-1193535.9,1024,512,0.15,153.6,76.8,L0_1024_s512,5,page_00005
-380238.45,-1193612.7,3132,-380238.45,-1193612.7,1024,512,0.15,153.6,76.8,L0_1024_s512,5,page_00005
-380238.45,-1193689.5,3133,-380238.45,-1193689.5,1024,512,0.15,153.6,76.8,L0_1024_s512,5,page_00005
-380238.45,-1193766.3,3134,-380238.45,-1193766.3,1024,512,0.15,153.6,76.8,L0_1024_s512,5,page_00005
-380238.45,-1193843.1,3135,-380238.45,-1193843.1,1024,512,0.15,153.6,76.8,L0_1024_s512,5,page_00005
-380238.45,-1193919.9,3136,-380238.45,-1193919.9,1024,512,0.15,153.6,76.8,L0_1024_s512,5,page_00005
-380238.45,-1193996.7,3137,-380238.45,-1193996.7,1024,512,0.15,153.6,76.8,L0_1024_s512,5,page_00005
-380161.65,-1192076.7,3163,-380161.65,-1192076.7,1024,512,0.15,153.6,76.8,L0_1024_s512,5,page_00005
-380161.65,-1192153.5,3164,-380161.65,-1192153.5,1024,512,0.15,153.6,76.8,L0_1024_s512,5,page_00005
-380161.65,-1192230.3,3165,-380161.65,-1192230.3,1024,512,0.15,153.6,76.8,L0_1024_s512,5,page_00005
-380161.65,-1192307.1,3166,-380161.65,-1192307.1,1024,512,0.15,153.6,76.8,L0_1024_s512,5,page_00005
-380161.65,-1192383.9,3167,-380161.65,-1192383.9,1024,512,0.15,153.6,76.8,L0_1024_s512,5,page_00005
-380161.65,-1192460.7,3168,-380161.65,-1192460.7,1024,512,0.15,153.6,76.8,L0_1024_s512,5,page_00005
-380161.65,-1192537.5,3169,-380161.65,-1192537.5,1024,512,0.15,153.6,76.8,L0_1024_s512,5,page_00005
-380161.65,-1192614.3,3170,-380161.65,-1192614.3,1024,512,0.15,153.6,76.8,L0_1024_s512,5,page_00005
-380161.65,-1192691.1,3171,-380161.65,-1192691.1,1024,512,0.15,153.6,76.8,L0_1024_s512,5,page_00005
-380161.65,-1192767.9,3172,-380161.65,-1192767.9,1024,512,0.15,153.6,76.8,L0_1024_s512,5,page_00005
-380161.65,-1192844.7,3173,-380161.65,-1192844.7,1024,512,0.15,153.6,76.8,L0_1024_s512,5,page_00005
-380161.65,-1192921.5,3174,-380161.65,-1192921.5,1024,512,0.15,153.6,76.8,L0_1024_s512,5,page_00005
-380161.65,-1192998.3,3175,-380161.65,-1192998.3,1024,512,0.15,153.6,76.8,L0_1024_s512,5,page_00005
-380161.65,-1193075.1,3176,-380161.65,-1193075.1,1024,512,0.15,153.6,76.8,L0_1024_s512,5,page_00005
-380161.65,-1193151.9,3177,-380161.65,-1193151.9,1024,512,0.15,153.6,76.8,L0_1024_s512,5,page_00005
-380161.65,-1193228.7,3178,-380161.65,-1193228.7,1024,512,0.15,153.6,76.8,L0_1024_s512,5,page_00005
-380161.65,-1193305.5,3179,-380161.65,-1193305.5,1024,512,0.15,153.6,76.8,L0_1024_s512,5,page_00005
-380161.65,-1193382.3,3180,-380161.65,-1193382.3,1024,512,0.15,153.6,76.8,L0_1024_s512,5,page_00005
-380161.65,-1193459.1,3181,-380161.65,-1193459.1,1024,512,0.15,153.6,76.8,L0_1024_s512,5,page_00005
-380161.65,-1193535.9,3182,-380161.65,-1193535.9,1024,512,0.15,153.6,76.8,L0_1024_s512,5,page_00005
-380161.65,-1193612.7,3183,-380161.65,-1193612.7,1024,512,0.15,153.6,76.8,L0_1024_s512,5,page_00005
-380161.65,-1193689.5,3184,-380161.65,-1193689.5,1024,512,0.15,153.6,76.8,L0_1024_s512,5,page_00005
-380161.65,-1193766.3,3185,-380161.65,-1193766.3,1024,512,0.15,153.6,76.8,L0_1024_s512,5,page_00005
-380161.65,-1193843.1,3186,-380161.65,-1193843.1,1024,512,0.15,153.6,76.8,L0_1024_s512,5,page_00005
-380161.65,-1193919.9,3187,-380161.65,-1193919.9,1024,512,0.15,153.6,76.8,L0_1024_s512,5,page_00005
-380161.65,-1193996.7,3188,-380161.65,-1193996.7,1024,512,0.15,153.6,76.8,L0_1024_s512,5,page_00005
-380084.85,-1192076.7,3214,-380084.85,-1192076.7,1024,512,0.15,153.6,76.8,L0_1024_s512,5,page_00005
-380084.85,-1192153.5,3215,-380084.85,-1192153.5,1024,512,0.15,153.6,76.8,L0_1024_s512,5,page_00005
-380084.85,-1192230.3,3216,-380084.85,-1192230.3,1024,512,0.15,153.6,76.8,L0_1024_s512,5,page_00005
-380084.85,-1192307.1,3217,-380084.85,-1192307.1,1024,512,0.15,153.6,76.8,L0_1024_s512,5,page_00005
-380084.85,-1192383.9,3218,-380084.85,-1192383.9,1024,512,0.15,153.6,76.8,L0_1024_s512,5,page_00005
-380084.85,-1192460.7,3219,-380084.85,-1192460.7,1024,512,0.15,153.6,76.8,L0_1024_s512,5,page_00005
-380084.85,-1192537.5,3220,-380084.85,-1192537.5,1024,512,0.15,153.6,76.8,L0_1024_s512,5,page_00005
-380084.85,-1192614.3,3221,-380084.85,-1192614.3,1024,512,0.15,153.6,76.8,L0_1024_s512,5,page_00005
-380084.85,-1192691.1,3222,-380084.85,-1192691.1,1024,512,0.15,153.6,76.8,L0_1024_s512,5,page_00005
-380084.85,-1192767.9,3223,-380084.85,-1192767.9,1024,512,0.15,153.6,76.8,L0_1024_s512,5,page_00005
-380084.85,-1192844.7,3224,-380084.85,-1192844.7,1024,512,0.15,153.6,76.8,L0_1024_s512,5,page_00005
-380084.85,-1192921.5,3225,-380084.85,-1192921.5,1024,512,0.15,153.6,76.8,L0_1024_s512,5,page_00005
-380084.85,-1192998.3,3226,-380084.85,-1192998.3,1024,512,0.15,153.6,76.8,L0_1024_s512,5,page_00005
-380084.85,-1193075.1,3227,-380084.85,-1193075.1,1024,512,0.15,153.6,76.8,L0_1024_s512,5,page_00005
-380084.85,-1193151.9,3228,-380084.85,-1193151.9,1024,512,0.15,153.6,76.8,L0_1024_s512,5,page_00005
-380084.85,-1193228.7,3229,-380084.85,-1193228.7,1024,512,0.15,153.6,76.8,L0_1024_s512,5,page_00005
-380084.85,-1193305.5,3230,-380084.85,-1193305.5,1024,512,0.15,153.6,76.8,L0_1024_s512,5,page_00005
-380084.85,-1193382.3,3231,-380084.85,-1193382.3,1024,512,0.15,153.6,76.8,L0_1024_s512,5,page_00005
-380084.85,-1193459.1,3232,-380084.85,-1193459.1,1024,512,0.15,153.6,76.8,L0_1024_s512,5,page_00005
-380084.85,-1193535.9,3233,-380084.85,-1193535.9,1024,512,0.15,153.6,76.8,L0_1024_s512,5,page_00005
-380084.85,-1193612.7,3234,-380084.85,-1193612.7,1024,512,0.15,153.6,76.8,L0_1024_s512,5,page_00005
-380084.85,-1193689.5,3235,-380084.85,-1193689.5,1024,512,0.15,153.6,76.8,L0_1024_s512,5,page_00005
-380084.85,-1193766.3,3236,-380084.85,-1193766.3,1024,512,0.15,153.6,76.8,L0_1024_s512,5,page_00005
-380084.85,-1193843.1,3237,-380084.85,-1193843.1,1024,512,0.15,153.6,76.8,L0_1024_s512,5,page_00005
-380084.85,-1193919.9,3238,-380084.85,-1193919.9,1024,512,0.15,153.6,76.8,L0_1024_s512,5,page_00005
-380084.85,-1193996.7,3239,-380084.85,-1193996.7,1024,512,0.15,153.6,76.8,L0_1024_s512,5,page_00005
-380852.85,-1195148.7,2744,-380852.85,-1195148.7,1024,512,0.15,153.6,76.8,L0_1024_s512,6,page_00006
-380852.85,-1195071.9,2743,-380852.85,-1195071.9,1024,512,0.15,153.6,76.8,L0_1024_s512,6,page_00006
-380852.85,-1194995.1,2742,-380852.85,-1194995.1,1024,512,0.15,153.6,76.8,L0_1024_s512,6,page_00006
-380852.85,-1194918.3,2741,-380852.85,-1194918.3,1024,512,0.15,153.6,76.8,L0_1024_s512,6,page_00006
-380852.85,-1194841.5,2740,-380852.85,-1194841.5,1024,512,0.15,153.6,76.8,L0_1024_s512,6,page_00006
-380852.85,-1194764.7,2739,-380852.85,-1194764.7,1024,512,0.15,153.6,76.8,L0_1024_s512,6,page_00006
-380852.85,-1194687.9,2738,-380852.85,-1194687.9,1024,512,0.15,153.6,76.8,L0_1024_s512,6,page_00006
-380852.85,-1194611.1,2737,-380852.85,-1194611.1,1024,512,0.15,153.6,76.8,L0_1024_s512,6,page_00006
-380852.85,-1194534.3,2736,-380852.85,-1194534.3,1024,512,0.15,153.6,76.8,L0_1024_s512,6,page_00006
-380852.85,-1194457.5,2735,-380852.85,-1194457.5,1024,512,0.15,153.6,76.8,L0_1024_s512,6,page_00006
-380852.85,-1194380.7,2734,-380852.85,-1194380.7,1024,512,0.15,153.6,76.8,L0_1024_s512,6,page_00006
-380852.85,-1194303.9,2733,-380852.85,-1194303.9,1024,512,0.15,153.6,76.8,L0_1024_s512,6,page_00006
-380852.85,-1194227.1,2732,-380852.85,-1194227.1,1024,512,0.15,153.6,76.8,L0_1024_s512,6,page_00006
-380852.85,-1194150.3,2731,-380852.85,-1194150.3,1024,512,0.15,153.6,76.8,L0_1024_s512,6,page_00006
-380852.85,-1194073.5,2730,-380852.85,-1194073.5,1024,512,0.15,153.6,76.8,L0_1024_s512,6,page_00006
-380852.85,-1195225.5,2745,-380852.85,-1195225.5,1024,512,0.15,153.6,76.8,L0_1024_s512,6,page_00006
-380852.85,-1195302.3,2746,-380852.85,-1195302.3,1024,512,0.15,153.6,76.8,L0_1024_s512,6,page_00006
-380852.85,-1195379.1,2747,-380852.85,-1195379.1,1024,512,0.15,153.6,76.8,L0_1024_s512,6,page_00006
-380852.85,-1195455.9,2748,-380852.85,-1195455.9,1024,512,0.15,153.6,76.8,L0_1024_s512,6,page_00006
-380852.85,-1195532.7,2749,-380852.85,-1195532.7,1024,512,0.15,153.6,76.8,L0_1024_s512,6,page_00006
-380852.85,-1195609.5,2750,-380852.85,-1195609.5,1024,512,0.15,153.6,76.8,L0_1024_s512,6,page_00006
-380852.85,-1195686.3,2751,-380852.85,-1195686.3,1024,512,0.15,153.6,76.8,L0_1024_s512,6,page_00006
-380852.85,-1195763.1,2752,-380852.85,-1195763.1,1024,512,0.15,153.6,76.8,L0_1024_s512,6,page_00006
-380852.85,-1195839.9,2753,-380852.85,-1195839.9,1024,512,0.15,153.6,76.8,L0_1024_s512,6,page_00006
-380852.85,-1195916.7,2754,-380852.85,-1195916.7,1024,512,0.15,153.6,76.8,L0_1024_s512,6,page_00006
-380776.05,-1194073.5,2781,-380776.05,-1194073.5,1024,512,0.15,153.6,76.8,L0_1024_s512,6,page_00006
-380776.05,-1194150.3,2782,-380776.05,-1194150.3,1024,512,0.15,153.6,76.8,L0_1024_s512,6,page_00006
-380776.05,-1194227.1,2783,-380776.05,-1194227.1,1024,512,0.15,153.6,76.8,L0_1024_s512,6,page_00006
-380776.05,-1194303.9,2784,-380776.05,-1194303.9,1024,512,0.15,153.6,76.8,L0_1024_s512,6,page_00006
-380776.05,-1194380.7,2785,-380776.05,-1194380.7,1024,512,0.15,153.6,76.8,L0_1024_s512,6,page_00006
-380776.05,-1194457.5,2786,-380776.05,-1194457.5,1024,512,0.15,153.6,76.8,L0_1024_s512,6,page_00006
-380776.05,-1194534.3,2787,-380776.05,-1194534.3,1024,512,0.15,153.6,76.8,L0_1024_s512,6,page_00006
-380776.05,-1194611.1,2788,-380776.05,-1194611.1,1024,512,0.15,153.6,76.8,L0_1024_s512,6,page_00006
-380776.05,-1194687.9,2789,-380776.05,-1194687.9,1024,512,0.15,153.6,76.8,L0_1024_s512,6,page_00006
-380776.05,-1194764.7,2790,-380776.05,-1194764.7,1024,512,0.15,153.6,76.8,L0_1024_s512,6,page_00006
-380776.05,-1194841.5,2791,-380776.05,-1194841.5,1024,512,0.15,153.6,76.8,L0_1024_s512,6,page_00006
-380776.05,-1194918.3,2792,-380776.05,-1194918.3,1024,512,0.15,153.6,76.8,L0_1024_s512,6,page_00006
-380776.05,-1194995.1,2793,-380776.05,-1194995.1,1024,512,0.15,153.6,76.8,L0_1024_s512,6,page_00006
-380776.05,-1195071.9,2794,-380776.05,-1195071.9,1024,512,0.15,153.6,76.8,L0_1024_s512,6,page_00006
-380776.05,-1195148.7,2795,-380776.05,-1195148.7,1024,512,0.15,153.6,76.8,L0_1024_s512,6,page_00006
-380776.05,-1195225.5,2796,-380776.05,-1195225.5,1024,512,0.15,153.6,76.8,L0_1024_s512,6,page_00006
-380776.05,-1195302.3,2797,-380776.05,-1195302.3,1024,512,0.15,153.6,76.8,L0_1024_s512,6,page_00006
-380776.05,-1195379.1,2798,-380776.05,-1195379.1,1024,512,0.15,153.6,76.8,L0_1024_s512,6,page_00006
-380776.05,-1195455.9,2799,-380776.05,-1195455.9,1024,512,0.15,153.6,76.8,L0_1024_s512,6,page_00006
-380776.05,-1195532.7,2800,-380776.05,-1195532.7,1024,512,0.15,153.6,76.8,L0_1024_s512,6,page_00006
-380776.05,-1195609.5,2801,-380776.05,-1195609.5,1024,512,0.15,153.6,76.8,L0_1024_s512,6,page_00006
-380776.05,-1195686.3,2802,-380776.05,-1195686.3,1024,512,0.15,153.6,76.8,L0_1024_s512,6,page_00006
-380776.05,-1195763.1,2803,-380776.05,-1195763.1,1024,512,0.15,153.6,76.8,L0_1024_s512,6,page_00006
-380776.05,-1195839.9,2804,-380776.05,-1195839.9,1024,512,0.15,153.6,76.8,L0_1024_s512,6,page_00006
-380776.05,-1195916.7,2805,-380776.05,-1195916.7,1024,512,0.15,153.6,76.8,L0_1024_s512,6,page_00006
-380699.25,-1194073.5,2832,-380699.25,-1194073.5,1024,512,0.15,153.6,76.8,L0_1024_s512,6,page_00006
-380699.25,-1194150.3,2833,-380699.25,-1194150.3,1024,512,0.15,153.6,76.8,L0_1024_s512,6,page_00006
-380699.25,-1194227.1,2834,-380699.25,-1194227.1,1024,512,0.15,153.6,76.8,L0_1024_s512,6,page_00006
-380699.25,-1194303.9,2835,-380699.25,-1194303.9,1024,512,0.15,153.6,76.8,L0_1024_s512,6,page_00006
-380699.25,-1194380.7,2836,-380699.25,-1194380.7,1024,512,0.15,153.6,76.8,L0_1024_s512,6,page_00006
-380699.25,-1194457.5,2837,-380699.25,-1194457.5,1024,512,0.15,153.6,76.8,L0_1024_s512,6,page_00006
-380699.25,-1194534.3,2838,-380699.25,-1194534.3,1024,512,0.15,153.6,76.8,L0_1024_s512,6,page_00006
-380699.25,-1194611.1,2839,-380699.25,-1194611.1,1024,512,0.15,153.6,76.8,L0_1024_s512,6,page_00006
-380699.25,-1194687.9,2840,-380699.25,-1194687.9,1024,512,0.15,153.6,76.8,L0_1024_s512,6,page_00006
-380699.25,-1194764.7,2841,-380699.25,-1194764.7,1024,512,0.15,153.6,76.8,L0_1024_s512,6,page_00006
-380699.25,-1194841.5,2842,-380699.25,-1194841.5,1024,512,0.15,153.6,76.8,L0_1024_s512,6,page_00006
-380699.25,-1194918.3,2843,-380699.25,-1194918.3,1024,512,0.15,153.6,76.8,L0_1024_s512,6,page_00006
-380699.25,-1194995.1,2844,-380699.25,-1194995.1,1024,512,0.15,153.6,76.8,L0_1024_s512,6,page_00006
-380699.25,-1195071.9,2845,-380699.25,-1195071.9,1024,512,0.15,153.6,76.8,L0_1024_s512,6,page_00006
-380699.25,-1195148.7,2846,-380699.25,-1195148.7,1024,512,0.15,153.6,76.8,L0_1024_s512,6,page_00006
-380699.25,-1195225.5,2847,-380699.25,-1195225.5,1024,512,0.15,153.6,76.8,L0_1024_s512,6,page_00006
-380699.25,-1195302.3,2848,-380699.25,-1195302.3,1024,512,0.15,153.6,76.8,L0_1024_s512,6,page_00006
-380699.25,-1195379.1,2849,-380699.25,-1195379.1,1024,512,0.15,153.6,76.8,L0_1024_s512,6,page_00006
-380699.25,-1195455.9,2850,-380699.25,-1195455.9,1024,512,0.15,153.6,76.8,L0_1024_s512,6,page_00006
-380699.25,-1195532.7,2851,-380699.25,-1195532.7,1024,512,0.15,153.6,76.8,L0_1024_s512,6,page_00006
-380699.25,-1195609.5,2852,-380699.25,-1195609.5,1024,512,0.15,153.6,76.8,L0_1024_s512,6,page_00006
-380699.25,-1195686.3,2853,-380699.25,-1195686.3,1024,512,0.15,153.6,76.8,L0_1024_s512,6,page_00006
-380699.25,-1195763.1,2854,-380699.25,-1195763.1,1024,512,0.15,153.6,76.8,L0_1024_s512,6,page_00006
-380699.25,-1195839.9,2855,-380699.25,-1195839.9,1024,512,0.15,153.6,76.8,L0_1024_s512,6,page_00006
-380699.25,-1195916.7,2856,-380699.25,-1195916.7,1024,512,0.15,153.6,76.8,L0_1024_s512,6,page_00006
-380622.45,-1194073.5,2883,-380622.45,-1194073.5,1024,512,0.15,153.6,76.8,L0_1024_s512,6,page_00006
-380622.45,-1194150.3,2884,-380622.45,-1194150.3,1024,512,0.15,153.6,76.8,L0_1024_s512,6,page_00006
-380622.45,-1194227.1,2885,-380622.45,-1194227.1,1024,512,0.15,153.6,76.8,L0_1024_s512,6,page_00006
-380622.45,-1194303.9,2886,-380622.45,-1194303.9,1024,512,0.15,153.6,76.8,L0_1024_s512,6,page_00006
-380622.45,-1194380.7,2887,-380622.45,-1194380.7,1024,512,0.15,153.6,76.8,L0_1024_s512,6,page_00006
-380622.45,-1194457.5,2888,-380622.45,-1194457.5,1024,512,0.15,153.6,76.8,L0_1024_s512,6,page_00006
-380622.45,-1194534.3,2889,-380622.45,-1194534.3,1024,512,0.15,153.6,76.8,L0_1024_s512,6,page_00006
-380622.45,-1194611.1,2890,-380622.45,-1194611.1,1024,512,0.15,153.6,76.8,L0_1024_s512,6,page_00006
-380622.45,-1194687.9,2891,-380622.45,-1194687.9,1024,512,0.15,153.6,76.8,L0_1024_s512,6,page_00006
-380622.45,-1194764.7,2892,-380622.45,-1194764.7,1024,512,0.15,153.6,76.8,L0_1024_s512,6,page_00006
-380622.45,-1194841.5,2893,-380622.45,-1194841.5,1024,512,0.15,153.6,76.8,L0_1024_s512,6,page_00006
-380622.45,-1194918.3,2894,-380622.45,-1194918.3,1024,512,0.15,153.6,76.8,L0_1024_s512,6,page_00006
-380622.45,-1194995.1,2895,-380622.45,-1194995.1,1024,512,0.15,153.6,76.8,L0_1024_s512,6,page_00006
-380622.45,-1195071.9,2896,-380622.45,-1195071.9,1024,512,0.15,153.6,76.8,L0_1024_s512,6,page_00006
-380622.45,-1195148.7,2897,-380622.45,-1195148.7,1024,512,0.15,153.6,76.8,L0_1024_s512,6,page_00006
-380622.45,-1195225.5,2898,-380622.45,-1195225.5,1024,512,0.15,153.6,76.8,L0_1024_s512,6,page_00006
-380622.45,-1195302.3,2899,-380622.45,-1195302.3,1024,512,0.15,153.6,76.8,L0_1024_s512,6,page_00006
-380622.45,-1195379.1,2900,-380622.45,-1195379.1,1024,512,0.15,153.6,76.8,L0_1024_s512,6,page_00006
-380622.45,-1195455.9,2901,-380622.45,-1195455.9,1024,512,0.15,153.6,76.8,L0_1024_s512,6,page_00006
-380622.45,-1195532.7,2902,-380622.45,-1195532.7,1024,512,0.15,153.6,76.8,L0_1024_s512,6,page_00006
-380622.45,-1195609.5,2903,-380622.45,-1195609.5,1024,512,0.15,153.6,76.8,L0_1024_s512,6,page_00006
-380622.45,-1195686.3,2904,-380622.45,-1195686.3,1024,512,0.15,153.6,76.8,L0_1024_s512,6,page_00006
-380622.45,-1195763.1,2905,-380622.45,-1195763.1,1024,512,0.15,153.6,76.8,L0_1024_s512,6,page_00006
-380622.45,-1195839.9,2906,-380622.45,-1195839.9,1024,512,0.15,153.6,76.8,L0_1024_s512,6,page_00006
-380622.45,-1195916.7,2907,-380622.45,-1195916.7,1024,512,0.15,153.6,76.8,L0_1024_s512,6,page_00006
-380545.65,-1194073.5,2934,-380545.65,-1194073.5,1024,512,0.15,153.6,76.8,L0_1024_s512,6,page_00006
-380545.65,-1194150.3,2935,-380545.65,-1194150.3,1024,512,0.15,153.6,76.8,L0_1024_s512,6,page_00006
-380545.65,-1194227.1,2936,-380545.65,-1194227.1,1024,512,0.15,153.6,76.8,L0_1024_s512,6,page_00006
-380545.65,-1194303.9,2937,-380545.65,-1194303.9,1024,512,0.15,153.6,76.8,L0_1024_s512,6,page_00006
-380545.65,-1194380.7,2938,-380545.65,-1194380.7,1024,512,0.15,153.6,76.8,L0_1024_s512,6,page_00006
-380545.65,-1194457.5,2939,-380545.65,-1194457.5,1024,512,0.15,153.6,76.8,L0_1024_s512,6,page_00006
-380545.65,-1194534.3,2940,-380545.65,-1194534.3,1024,512,0.15,153.6,76.8,L0_1024_s512,6,page_00006
-380545.65,-1194611.1,2941,-380545.65,-1194611.1,1024,512,0.15,153.6,76.8,L0_1024_s512,6,page_00006
-380545.65,-1194687.9,2942,-380545.65,-1194687.9,1024,512,0.15,153.6,76.8,L0_1024_s512,6,page_00006
-380545.65,-1194764.7,2943,-380545.65,-1194764.7,1024,512,0.15,153.6,76.8,L0_1024_s512,6,page_00006
-380545.65,-1194841.5,2944,-380545.65,-1194841.5,1024,512,0.15,153.6,76.8,L0_1024_s512,6,page_00006
-380545.65,-1194918.3,2945,-380545.65,-1194918.3,1024,512,0.15,153.6,76.8,L0_1024_s512,6,page_00006
-380545.65,-1194995.1,2946,-380545.65,-1194995.1,1024,512,0.15,153.6,76.8,L0_1024_s512,6,page_00006
-380545.65,-1195071.9,2947,-380545.65,-1195071.9,1024,512,0.15,153.6,76.8,L0_1024_s512,6,page_00006
-380545.65,-1195148.7,2948,-380545.65,-1195148.7,1024,512,0.15,153.6,76.8,L0_1024_s512,6,page_00006
-380545.65,-1195225.5,2949,-380545.65,-1195225.5,1024,512,0.15,153.6,76.8,L0_1024_s512,6,page_00006
-380545.65,-1195302.3,2950,-380545.65,-1195302.3,1024,512,0.15,153.6,76.8,L0_1024_s512,6,page_00006
-380545.65,-1195379.1,2951,-380545.65,-1195379.1,1024,512,0.15,153.6,76.8,L0_1024_s512,6,page_00006
-380545.65,-1195455.9,2952,-380545.65,-1195455.9,1024,512,0.15,153.6,76.8,L0_1024_s512,6,page_00006
-380545.65,-1195532.7,2953,-380545.65,-1195532.7,1024,512,0.15,153.6,76.8,L0_1024_s512,6,page_00006
-380545.65,-1195609.5,2954,-380545.65,-1195609.5,1024,512,0.15,153.6,76.8,L0_1024_s512,6,page_00006
-380545.65,-1195686.3,2955,-380545.65,-1195686.3,1024,512,0.15,153.6,76.8,L0_1024_s512,6,page_00006
-380545.65,-1195763.1,2956,-380545.65,-1195763.1,1024,512,0.15,153.6,76.8,L0_1024_s512,6,page_00006
-380545.65,-1195839.9,2957,-380545.65,-1195839.9,1024,512,0.15,153.6,76.8,L0_1024_s512,6,page_00006
-380545.65,-1195916.7,2958,-380545.65,-1195916.7,1024,512,0.15,153.6,76.8,L0_1024_s512,6,page_00006
-380468.85,-1194073.5,2985,-380468.85,-1194073.5,1024,512,0.15,153.6,76.8,L0_1024_s512,6,page_00006
-380468.85,-1194150.3,2986,-380468.85,-1194150.3,1024,512,0.15,153.6,76.8,L0_1024_s512,6,page_00006
-380468.85,-1194227.1,2987,-380468.85,-1194227.1,1024,512,0.15,153.6,76.8,L0_1024_s512,6,page_00006
-380468.85,-1194303.9,2988,-380468.85,-1194303.9,1024,512,0.15,153.6,76.8,L0_1024_s512,6,page_00006
-380468.85,-1194380.7,2989,-380468.85,-1194380.7,1024,512,0.15,153.6,76.8,L0_1024_s512,6,page_00006
-380468.85,-1194457.5,2990,-380468.85,-1194457.5,1024,512,0.15,153.6,76.8,L0_1024_s512,6,page_00006
-380468.85,-1194534.3,2991,-380468.85,-1194534.3,1024,512,0.15,153.6,76.8,L0_1024_s512,6,page_00006
-380468.85,-1194611.1,2992,-380468.85,-1194611.1,1024,512,0.15,153.6,76.8,L0_1024_s512,6,page_00006
-380468.85,-1194687.9,2993,-380468.85,-1194687.9,1024,512,0.15,153.6,76.8,L0_1024_s512,6,page_00006
-380468.85,-1194764.7,2994,-380468.85,-1194764.7,1024,512,0.15,153.6,76.8,L0_1024_s512,6,page_00006
-380468.85,-1194841.5,2995,-380468.85,-1194841.5,1024,512,0.15,153.6,76.8,L0_1024_s512,6,page_00006
-380468.85,-1194918.3,2996,-380468.85,-1194918.3,1024,512,0.15,153.6,76.8,L0_1024_s512,6,page_00006
-380468.85,-1194995.1,2997,-380468.85,-1194995.1,1024,512,0.15,153.6,76.8,L0_1024_s512,6,page_00006
-380468.85,-1195071.9,2998,-380468.85,-1195071.9,1024,512,0.15,153.6,76.8,L0_1024_s512,6,page_00006
-380468.85,-1195148.7,2999,-380468.85,-1195148.7,1024,512,0.15,153.6,76.8,L0_1024_s512,6,page_00006
-380468.85,-1195225.5,3000,-380468.85,-1195225.5,1024,512,0.15,153.6,76.8,L0_1024_s512,6,page_00006
-380468.85,-1195302.3,3001,-380468.85,-1195302.3,1024,512,0.15,153.6,76.8,L0_1024_s512,6,page_00006
-380468.85,-1195379.1,3002,-380468.85,-1195379.1,1024,512,0.15,153.6,76.8,L0_1024_s512,6,page_00006
-380468.85,-1195455.9,3003,-380468.85,-1195455.9,1024,512,0.15,153.6,76.8,L0_1024_s512,6,page_00006
-380468.85,-1195532.7,3004,-380468.85,-1195532.7,1024,512,0.15,153.6,76.8,L0_1024_s512,6,page_00006
-380468.85,-1195609.5,3005,-380468.85,-1195609.5,1024,512,0.15,153.6,76.8,L0_1024_s512,6,page_00006
-380468.85,-1195686.3,3006,-380468.85,-1195686.3,1024,512,0.15,153.6,76.8,L0_1024_s512,6,page_00006
-380468.85,-1195763.1,3007,-380468.85,-1195763.1,1024,512,0.15,153.6,76.8,L0_1024_s512,6,page_00006
-380468.85,-1195839.9,3008,-380468.85,-1195839.9,1024,512,0.15,153.6,76.8,L0_1024_s512,6,page_00006
-380468.85,-1195916.7,3009,-380468.85,-1195916.7,1024,512,0.15,153.6,76.8,L0_1024_s512,6,page_00006
-380315.25,-1194687.9,3095,-380315.25,-1194687.9,1024,512,0.15,153.6,76.8,L0_1024_s512,6,page_00006
-380315.25,-1194611.1,3094,-380315.25,-1194611.1,1024,512,0.15,153.6,76.8,L0_1024_s512,6,page_00006
-380315.25,-1194534.3,3093,-380315.25,-1194534.3,1024,512,0.15,153.6,76.8,L0_1024_s512,6,page_00006
-380315.25,-1194457.5,3092,-380315.25,-1194457.5,1024,512,0.15,153.6,76.8,L0_1024_s512,6,page_00006
-380315.25,-1194380.7,3091,-380315.25,-1194380.7,1024,512,0.15,153.6,76.8,L0_1024_s512,6,page_00006
-380315.25,-1194303.9,3090,-380315.25,-1194303.9,1024,512,0.15,153.6,76.8,L0_1024_s512,6,page_00006
-380315.25,-1194227.1,3089,-380315.25,-1194227.1,1024,512,0.15,153.6,76.8,L0_1024_s512,6,page_00006
-380315.25,-1194150.3,3088,-380315.25,-1194150.3,1024,512,0.15,153.6,76.8,L0_1024_s512,6,page_00006
-380315.25,-1194073.5,3087,-380315.25,-1194073.5,1024,512,0.15,153.6,76.8,L0_1024_s512,6,page_00006
-380315.25,-1194764.7,3096,-380315.25,-1194764.7,1024,512,0.15,153.6,76.8,L0_1024_s512,6,page_00006
-380315.25,-1194841.5,3097,-380315.25,-1194841.5,1024,512,0.15,153.6,76.8,L0_1024_s512,6,page_00006
-380315.25,-1194918.3,3098,-380315.25,-1194918.3,1024,512,0.15,153.6,76.8,L0_1024_s512,6,page_00006
-380315.25,-1194995.1,3099,-380315.25,-1194995.1,1024,512,0.15,153.6,76.8,L0_1024_s512,6,page_00006
-380315.25,-1195071.9,3100,-380315.25,-1195071.9,1024,512,0.15,153.6,76.8,L0_1024_s512,6,page_00006
-380315.25,-1195148.7,3101,-380315.25,-1195148.7,1024,512,0.15,153.6,76.8,L0_1024_s512,6,page_00006
-380315.25,-1195225.5,3102,-380315.25,-1195225.5,1024,512,0.15,153.6,76.8,L0_1024_s512,6,page_00006
-380315.25,-1195302.3,3103,-380315.25,-1195302.3,1024,512,0.15,153.6,76.8,L0_1024_s512,6,page_00006
-380315.25,-1195379.1,3104,-380315.25,-1195379.1,1024,512,0.15,153.6,76.8,L0_1024_s512,6,page_00006
-380315.25,-1195455.9,3105,-380315.25,-1195455.9,1024,512,0.15,153.6,76.8,L0_1024_s512,6,page_00006
-380315.25,-1195532.7,3106,-380315.25,-1195532.7,1024,512,0.15,153.6,76.8,L0_1024_s512,6,page_00006
-380315.25,-1195609.5,3107,-380315.25,-1195609.5,1024,512,0.15,153.6,76.8,L0_1024_s512,6,page_00006
-380315.25,-1195686.3,3108,-380315.25,-1195686.3,1024,512,0.15,153.6,76.8,L0_1024_s512,6,page_00006
-380315.25,-1195763.1,3109,-380315.25,-1195763.1,1024,512,0.15,153.6,76.8,L0_1024_s512,6,page_00006
-380315.25,-1195839.9,3110,-380315.25,-1195839.9,1024,512,0.15,153.6,76.8,L0_1024_s512,6,page_00006
-380315.25,-1195916.7,3111,-380315.25,-1195916.7,1024,512,0.15,153.6,76.8,L0_1024_s512,6,page_00006
-380392.05,-1194073.5,3036,-380392.05,-1194073.5,1024,512,0.15,153.6,76.8,L0_1024_s512,6,page_00006
-380392.05,-1194150.3,3037,-380392.05,-1194150.3,1024,512,0.15,153.6,76.8,L0_1024_s512,6,page_00006
-380392.05,-1194227.1,3038,-380392.05,-1194227.1,1024,512,0.15,153.6,76.8,L0_1024_s512,6,page_00006
-380392.05,-1194303.9,3039,-380392.05,-1194303.9,1024,512,0.15,153.6,76.8,L0_1024_s512,6,page_00006
-380392.05,-1194380.7,3040,-380392.05,-1194380.7,1024,512,0.15,153.6,76.8,L0_1024_s512,6,page_00006
-380392.05,-1194457.5,3041,-380392.05,-1194457.5,1024,512,0.15,153.6,76.8,L0_1024_s512,6,page_00006
-380392.05,-1194534.3,3042,-380392.05,-1194534.3,1024,512,0.15,153.6,76.8,L0_1024_s512,6,page_00006
-380392.05,-1194611.1,3043,-380392.05,-1194611.1,1024,512,0.15,153.6,76.8,L0_1024_s512,6,page_00006
-380392.05,-1194687.9,3044,-380392.05,-1194687.9,1024,512,0.15,153.6,76.8,L0_1024_s512,6,page_00006
-380392.05,-1194764.7,3045,-380392.05,-1194764.7,1024,512,0.15,153.6,76.8,L0_1024_s512,6,page_00006
-380392.05,-1194841.5,3046,-380392.05,-1194841.5,1024,512,0.15,153.6,76.8,L0_1024_s512,6,page_00006
-380392.05,-1194918.3,3047,-380392.05,-1194918.3,1024,512,0.15,153.6,76.8,L0_1024_s512,6,page_00006
-380392.05,-1194995.1,3048,-380392.05,-1194995.1,1024,512,0.15,153.6,76.8,L0_1024_s512,6,page_00006
-380392.05,-1195071.9,3049,-380392.05,-1195071.9,1024,512,0.15,153.6,76.8,L0_1024_s512,6,page_00006
-380392.05,-1195148.7,3050,-380392.05,-1195148.7,1024,512,0.15,153.6,76.8,L0_1024_s512,6,page_00006
-380392.05,-1195225.5,3051,-380392.05,-1195225.5,1024,512,0.15,153.6,76.8,L0_1024_s512,6,page_00006
-380392.05,-1195302.3,3052,-380392.05,-1195302.3,1024,512,0.15,153.6,76.8,L0_1024_s512,6,page_00006
-380392.05,-1195379.1,3053,-380392.05,-1195379.1,1024,512,0.15,153.6,76.8,L0_1024_s512,6,page_00006
-380392.05,-1195455.9,3054,-380392.05,-1195455.9,1024,512,0.15,153.6,76.8,L0_1024_s512,6,page_00006
-380392.05,-1195532.7,3055,-380392.05,-1195532.7,1024,512,0.15,153.6,76.8,L0_1024_s512,6,page_00006
-380392.05,-1195609.5,3056,-380392.05,-1195609.5,1024,512,0.15,153.6,76.8,L0_1024_s512,6,page_00006
-380392.05,-1195686.3,3057,-380392.05,-1195686.3,1024,512,0.15,153.6,76.8,L0_1024_s512,6,page_00006
-380392.05,-1195763.1,3058,-380392.05,-1195763.1,1024,512,0.15,153.6,76.8,L0_1024_s512,6,page_00006
-380392.05,-1195839.9,3059,-380392.05,-1195839.9,1024,512,0.15,153.6,76.8,L0_1024_s512,6,page_00006
-380392.05,-1195916.7,3060,-380392.05,-1195916.7,1024,512,0.15,153.6,76.8,L0_1024_s512,6,page_00006
-380238.45,-1194073.5,3138,-380238.45,-1194073.5,1024,512,0.15,153.6,76.8,L0_1024_s512,6,page_00006
-380238.45,-1194150.3,3139,-380238.45,-1194150.3,1024,512,0.15,153.6,76.8,L0_1024_s512,6,page_00006
-380238.45,-1194227.1,3140,-380238.45,-1194227.1,1024,512,0.15,153.6,76.8,L0_1024_s512,6,page_00006
-380238.45,-1194303.9,3141,-380238.45,-1194303.9,1024,512,0.15,153.6,76.8,L0_1024_s512,6,page_00006
-380238.45,-1194380.7,3142,-380238.45,-1194380.7,1024,512,0.15,153.6,76.8,L0_1024_s512,6,page_00006
-380238.45,-1194457.5,3143,-380238.45,-1194457.5,1024,512,0.15,153.6,76.8,L0_1024_s512,6,page_00006
-380238.45,-1194534.3,3144,-380238.45,-1194534.3,1024,512,0.15,153.6,76.8,L0_1024_s512,6,page_00006
-380238.45,-1194611.1,3145,-380238.45,-1194611.1,1024,512,0.15,153.6,76.8,L0_1024_s512,6,page_00006
-380238.45,-1194687.9,3146,-380238.45,-1194687.9,1024,512,0.15,153.6,76.8,L0_1024_s512,6,page_00006
-380238.45,-1194764.7,3147,-380238.45,-1194764.7,1024,512,0.15,153.6,76.8,L0_1024_s512,6,page_00006
-380238.45,-1194841.5,3148,-380238.45,-1194841.5,1024,512,0.15,153.6,76.8,L0_1024_s512,6,page_00006
-380238.45,-1194918.3,3149,-380238.45,-1194918.3,1024,512,0.15,153.6,76.8,L0_1024_s512,6,page_00006
-380238.45,-1194995.1,3150,-380238.45,-1194995.1,1024,512,0.15,153.6,76.8,L0_1024_s512,6,page_00006
-380238.45,-1195071.9,3151,-380238.45,-1195071.9,1024,512,0.15,153.6,76.8,L0_1024_s512,6,page_00006
-380238.45,-1195148.7,3152,-380238.45,-1195148.7,1024,512,0.15,153.6,76.8,L0_1024_s512,6,page_00006
-380238.45,-1195225.5,3153,-380238.45,-1195225.5,1024,512,0.15,153.6,76.8,L0_1024_s512,6,page_00006
-380238.45,-1195302.3,3154,-380238.45,-1195302.3,1024,512,0.15,153.6,76.8,L0_1024_s512,6,page_00006
-380238.45,-1195379.1,3155,-380238.45,-1195379.1,1024,512,0.15,153.6,76.8,L0_1024_s512,6,page_00006
-380238.45,-1195455.9,3156,-380238.45,-1195455.9,1024,512,0.15,153.6,76.8,L0_1024_s512,6,page_00006
-380238.45,-1195532.7,3157,-380238.45,-1195532.7,1024,512,0.15,153.6,76.8,L0_1024_s512,6,page_00006
-380238.45,-1195609.5,3158,-380238.45,-1195609.5,1024,512,0.15,153.6,76.8,L0_1024_s512,6,page_00006
-380238.45,-1195686.3,3159,-380238.45,-1195686.3,1024,512,0.15,153.6,76.8,L0_1024_s512,6,page_00006
-380238.45,-1195763.1,3160,-380238.45,-1195763.1,1024,512,0.15,153.6,76.8,L0_1024_s512,6,page_00006
-380238.45,-1195839.9,3161,-380238.45,-1195839.9,1024,512,0.15,153.6,76.8,L0_1024_s512,6,page_00006
-380238.45,-1195916.7,3162,-380238.45,-1195916.7,1024,512,0.15,153.6,76.8,L0_1024_s512,6,page_00006
-380161.65,-1194073.5,3189,-380161.65,-1194073.5,1024,512,0.15,153.6,76.8,L0_1024_s512,6,page_00006
-380161.65,-1194150.3,3190,-380161.65,-1194150.3,1024,512,0.15,153.6,76.8,L0_1024_s512,6,page_00006
-380161.65,-1194227.1,3191,-380161.65,-1194227.1,1024,512,0.15,153.6,76.8,L0_1024_s512,6,page_00006
-380161.65,-1194303.9,3192,-380161.65,-1194303.9,1024,512,0.15,153.6,76.8,L0_1024_s512,6,page_00006
-380161.65,-1194380.7,3193,-380161.65,-1194380.7,1024,512,0.15,153.6,76.8,L0_1024_s512,6,page_00006
-380161.65,-1194457.5,3194,-380161.65,-1194457.5,1024,512,0.15,153.6,76.8,L0_1024_s512,6,page_00006
-380161.65,-1194534.3,3195,-380161.65,-1194534.3,1024,512,0.15,153.6,76.8,L0_1024_s512,6,page_00006
-380161.65,-1194611.1,3196,-380161.65,-1194611.1,1024,512,0.15,153.6,76.8,L0_1024_s512,6,page_00006
-380161.65,-1194687.9,3197,-380161.65,-1194687.9,1024,512,0.15,153.6,76.8,L0_1024_s512,6,page_00006
-380161.65,-1194764.7,3198,-380161.65,-1194764.7,1024,512,0.15,153.6,76.8,L0_1024_s512,6,page_00006
-380161.65,-1194841.5,3199,-380161.65,-1194841.5,1024,512,0.15,153.6,76.8,L0_1024_s512,6,page_00006
-380161.65,-1194918.3,3200,-380161.65,-1194918.3,1024,512,0.15,153.6,76.8,L0_1024_s512,6,page_00006
-380161.65,-1194995.1,3201,-380161.65,-1194995.1,1024,512,0.15,153.6,76.8,L0_1024_s512,6,page_00006
-380161.65,-1195071.9,3202,-380161.65,-1195071.9,1024,512,0.15,153.6,76.8,L0_1024_s512,6,page_00006
-380161.65,-1195148.7,3203,-380161.65,-1195148.7,1024,512,0.15,153.6,76.8,L0_1024_s512,6,page_00006
-380161.65,-1195225.5,3204,-380161.65,-1195225.5,1024,512,0.15,153.6,76.8,L0_1024_s512,6,page_00006
-380161.65,-1195302.3,3205,-380161.65,-1195302.3,1024,512,0.15,153.6,76.8,L0_1024_s512,6,page_00006
-380161.65,-1195379.1,3206,-380161.65,-1195379.1,1024,512,0.15,153.6,76.8,L0_1024_s512,6,page_00006
-380161.65,-1195455.9,3207,-380161.65,-1195455.9,1024,512,0.15,153.6,76.8,L0_1024_s512,6,page_00006
-380161.65,-1195532.7,3208,-380161.65,-1195532.7,1024,512,0.15,153.6,76.8,L0_1024_s512,6,page_00006
-380161.65,-1195609.5,3209,-380161.65,-1195609.5,1024,512,0.15,153.6,76.8,L0_1024_s512,6,page_00006
-380161.65,-1195686.3,3210,-380161.65,-1195686.3,1024,512,0.15,153.6,76.8,L0_1024_s512,6,page_00006
-380161.65,-1195763.1,3211,-380161.65,-1195763.1,1024,512,0.15,153.6,76.8,L0_1024_s512,6,page_00006
-380161.65,-1195839.9,3212,-380161.65,-1195839.9,1024,512,0.15,153.6,76.8,L0_1024_s512,6,page_00006
-380161.65,-1195916.7,3213,-380161.65,-1195916.7,1024,512,0.15,153.6,76.8,L0_1024_s512,6,page_00006
-380084.85,-1194073.5,3240,-380084.85,-1194073.5,1024,512,0.15,153.6,76.8,L0_1024_s512,6,page_00006
-380084.85,-1194150.3,3241,-380084.85,-1194150.3,1024,512,0.15,153.6,76.8,L0_1024_s512,6,page_00006
-380084.85,-1194227.1,3242,-380084.85,-1194227.1,1024,512,0.15,153.6,76.8,L0_1024_s512,6,page_00006
-380084.85,-1194303.9,3243,-380084.85,-1194303.9,1024,512,0.15,153.6,76.8,L0_1024_s512,6,page_00006
-380084.85,-1194380.7,3244,-380084.85,-1194380.7,1024,512,0.15,153.6,76.8,L0_1024_s512,6,page_00006
-380084.85,-1194457.5,3245,-380084.85,-1194457.5,1024,512,0.15,153.6,76.8,L0_1024_s512,6,page_00006
-380084.85,-1194534.3,3246,-380084.85,-1194534.3,1024,512,0.15,153.6,76.8,L0_1024_s512,6,page_00006
-380084.85,-1194611.1,3247,-380084.85,-1194611.1,1024,512,0.15,153.6,76.8,L0_1024_s512,6,page_00006
-380084.85,-1194687.9,3248,-380084.85,-1194687.9,1024,512,0.15,153.6,76.8,L0_1024_s512,6,page_00006
-380084.85,-1194764.7,3249,-380084.85,-1194764.7,1024,512,0.15,153.6,76.8,L0_1024_s512,6,page_00006
-380084.85,-1194841.5,3250,-380084.85,-1194841.5,1024,512,0.15,153.6,76.8,L0_1024_s512,6,page_00006
-380084.85,-1194918.3,3251,-380084.85,-1194918.3,1024,512,0.15,153.6,76.8,L0_1024_s512,6,page_00006
-380084.85,-1194995.1,3252,-380084.85,-1194995.1,1024,512,0.15,153.6,76.8,L0_1024_s512,6,page_00006
-380084.85,-1195071.9,3253,-380084.85,-1195071.9,1024,512,0.15,153.6,76.8,L0_1024_s512,6,page_00006
-380084.85,-1195148.7,3254,-380084.85,-1195148.7,1024,512,0.15,153.6,76.8,L0_1024_s512,6,page_00006
-380084.85,-1195225.5,3255,-380084.85,-1195225.5,1024,512,0.15,153.6,76.8,L0_1024_s512,6,page_00006
-380084.85,-1195302.3,3256,-380084.85,-1195302.3,1024,512,0.15,153.6,76.8,L0_1024_s512,6,page_00006
-380084.85,-1195379.1,3257,-380084.85,-1195379.1,1024,512,0.15,153.6,76.8,L0_1024_s512,6,page_00006
-380084.85,-1195455.9,3258,-380084.85,-1195455.9,1024,512,0.15,153.6,76.8,L0_1024_s512,6,page_00006
-380084.85,-1195532.7,3259,-380084.85,-1195532.7,1024,512,0.15,153.6,76.8,L0_1024_s512,6,page_00006
-380084.85,-1195609.5,3260,-380084.85,-1195609.5,1024,512,0.15,153.6,76.8,L0_1024_s512,6,page_00006
-380084.85,-1195686.3,3261,-380084.85,-1195686.3,1024,512,0.15,153.6,76.8,L0_1024_s512,6,page_00006
-380084.85,-1195763.1,3262,-380084.85,-1195763.1,1024,512,0.15,153.6,76.8,L0_1024_s512,6,page_00006
-380084.85,-1195839.9,3263,-380084.85,-1195839.9,1024,512,0.15,153.6,76.8,L0_1024_s512,6,page_00006
-380084.85,-1195916.7,3264,-380084.85,-1195916.7,1024,512,0.15,153.6,76.8,L0_1024_s512,6,page_00006
